2026-10-01 22:03:03.062 INFO  [correlationId=] c.n.e.EcommercePlatformApplication - Starting EcommercePlatformApplication v0.0.1-SNAPSHOT using Java 24.0.2 with PID 1 (/app/app.jar started by root in /app)
2026-10-01 22:03:03.081 INFO  [correlationId=] c.n.e.EcommercePlatformApplication - No active profile set, falling back to 1 default profile: "default"
2026-10-01 22:03:04.775 INFO  [correlationId=] o.s.d.r.c.RepositoryConfigurationDelegate - Multiple Spring Data modules found, entering strict repository configuration mode
2026-10-01 22:03:04.778 INFO  [correlationId=] o.s.d.r.c.RepositoryConfigurationDelegate - Bootstrapping Spring Data JPA repositories in DEFAULT mode.
2026-10-01 22:03:04.954 INFO  [correlationId=] o.s.d.r.c.RepositoryConfigurationDelegate - Finished Spring Data repository scanning in 161 ms. Found 6 JPA repository interfaces.
2026-10-01 22:03:04.980 INFO  [correlationId=] o.s.d.r.c.RepositoryConfigurationDelegate - Multiple Spring Data modules found, entering strict repository configuration mode
2026-10-01 22:03:04.983 INFO  [correlationId=] o.s.d.r.c.RepositoryConfigurationDelegate - Bootstrapping Spring Data Redis repositories in DEFAULT mode.
2026-10-01 22:03:05.007 INFO  [correlationId=] o.s.d.r.c.RepositoryConfigurationExtensionSupport - Spring Data Redis - Could not safely identify store assignment for repository candidate interface com.namnguyen.ecommerce_platform.cart.repository.CartItemRepository; If you want this repository to be a Redis repository, consider annotating your entities with one of these annotations: org.springframework.data.redis.core.RedisHash (preferred), or consider extending one of the following types with your repository: org.springframework.data.keyvalue.repository.KeyValueRepository
2026-10-01 22:03:05.008 INFO  [correlationId=] o.s.d.r.c.RepositoryConfigurationExtensionSupport - Spring Data Redis - Could not safely identify store assignment for repository candidate interface com.namnguyen.ecommerce_platform.cart.repository.CartRepository; If you want this repository to be a Redis repository, consider annotating your entities with one of these annotations: org.springframework.data.redis.core.RedisHash (preferred), or consider extending one of the following types with your repository: org.springframework.data.keyvalue.repository.KeyValueRepository
2026-10-01 22:03:05.010 INFO  [correlationId=] o.s.d.r.c.RepositoryConfigurationExtensionSupport - Spring Data Redis - Could not safely identify store assignment for repository candidate interface com.namnguyen.ecommerce_platform.order.repository.OrderRepository; If you want this repository to be a Redis repository, consider annotating your entities with one of these annotations: org.springframework.data.redis.core.RedisHash (preferred), or consider extending one of the following types with your repository: org.springframework.data.keyvalue.repository.KeyValueRepository
2026-10-01 22:03:05.011 INFO  [correlationId=] o.s.d.r.c.RepositoryConfigurationExtensionSupport - Spring Data Redis - Could not safely identify store assignment for repository candidate interface com.namnguyen.ecommerce_platform.payment.repository.PaymentRepository; If you want this repository to be a Redis repository, consider annotating your entities with one of these annotations: org.springframework.data.redis.core.RedisHash (preferred), or consider extending one of the following types with your repository: org.springframework.data.keyvalue.repository.KeyValueRepository
2026-10-01 22:03:05.012 INFO  [correlationId=] o.s.d.r.c.RepositoryConfigurationExtensionSupport - Spring Data Redis - Could not safely identify store assignment for repository candidate interface com.namnguyen.ecommerce_platform.product.repository.ProductRepository; If you want this repository to be a Redis repository, consider annotating your entities with one of these annotations: org.springframework.data.redis.core.RedisHash (preferred), or consider extending one of the following types with your repository: org.springframework.data.keyvalue.repository.KeyValueRepository
2026-10-01 22:03:05.013 INFO  [correlationId=] o.s.d.r.c.RepositoryConfigurationExtensionSupport - Spring Data Redis - Could not safely identify store assignment for repository candidate interface com.namnguyen.ecommerce_platform.user.repository.UserRepository; If you want this repository to be a Redis repository, consider annotating your entities with one of these annotations: org.springframework.data.redis.core.RedisHash (preferred), or consider extending one of the following types with your repository: org.springframework.data.keyvalue.repository.KeyValueRepository
2026-10-01 22:03:05.014 INFO  [correlationId=] o.s.d.r.c.RepositoryConfigurationDelegate - Finished Spring Data repository scanning in 16 ms. Found 0 Redis repository interfaces.
2026-10-01 22:03:06.161 INFO  [correlationId=] o.s.boot.tomcat.TomcatWebServer - Tomcat initialized with port 8080 (http)
2026-10-01 22:03:06.178 INFO  [correlationId=] o.a.catalina.core.StandardService - Starting service [Tomcat]
2026-10-01 22:03:06.179 INFO  [correlationId=] o.a.catalina.core.StandardEngine - Starting Servlet engine: [Apache Tomcat/11.0.22]
2026-10-01 22:03:06.208 INFO  [correlationId=] o.s.b.w.c.s.WebApplicationContextInitializer - Root WebApplicationContext: initialization completed in 3043 ms
2026-10-01 22:03:07.493 INFO  [correlationId=] org.hibernate.orm.jpa - HHH008540: Processing PersistenceUnitInfo [name: default]
2026-10-01 22:03:07.583 INFO  [correlationId=] org.hibernate.orm.core - HHH000001: Hibernate ORM core version 7.4.1.Final
2026-10-01 22:03:08.385 INFO  [correlationId=] o.s.o.j.p.SpringPersistenceUnitInfo - No LoadTimeWeaver setup: ignoring JPA class transformer
2026-10-01 22:03:08.416 INFO  [correlationId=] com.zaxxer.hikari.HikariDataSource - HikariPool-1 - Starting...
2026-10-01 22:03:08.634 INFO  [correlationId=] com.zaxxer.hikari.pool.HikariPool - HikariPool-1 - Added connection org.postgresql.jdbc.PgConnection@1a22c1ba
2026-10-01 22:03:08.636 INFO  [correlationId=] com.zaxxer.hikari.HikariDataSource - HikariPool-1 - Start completed.
2026-10-01 22:03:08.758 INFO  [correlationId=] o.hibernate.orm.connections.pooling - HHH10001005: Database info:
	Database JDBC URL [jdbc:postgresql://postgres:5432/ecommerce_platform_db]
	Database driver: PostgreSQL JDBC Driver
	Database dialect: PostgreSQLDialect
	Database version: 16.15
	Default catalog/schema: ecommerce_platform_db/public
	Autocommit mode: undefined/unknown
	Isolation level: READ_COMMITTED [default READ_COMMITTED]
	JDBC fetch size: none
	Pool: DataSourceConnectionProvider
	Minimum pool size: undefined/unknown
	Maximum pool size: undefined/unknown
2026-10-01 22:03:09.752 INFO  [correlationId=] org.hibernate.orm.core - HHH000489: No JTA platform available (set 'hibernate.transaction.jta.platform' to enable JTA platform integration)
2026-10-01 22:03:09.893 INFO  [correlationId=] o.s.o.j.LocalContainerEntityManagerFactoryBean - Initialized JPA EntityManagerFactory for persistence unit 'default'
2026-10-01 22:03:09.957 INFO  [correlationId=] o.s.d.j.r.q.QueryEnhancerFactories - Hibernate is in classpath; If applicable, HQL parser will be used.
2026-10-01 22:03:10.350 INFO  [correlationId=] o.s.s.c.a.a.c.InitializeAuthenticationProviderBeanManagerConfigurer$InitializeAuthenticationProviderManagerConfigurer - Global AuthenticationManager configured with AuthenticationProvider bean with name authenticationProvider
2026-10-01 22:03:10.351 WARN  [correlationId=] o.s.s.c.a.a.c.InitializeUserDetailsBeanManagerConfigurer$InitializeUserDetailsManagerConfigurer - Global AuthenticationManager configured with an AuthenticationProvider bean. UserDetailsService beans will not be used by Spring Security for automatically configuring username/password login. Consider removing the AuthenticationProvider bean. Alternatively, consider using the UserDetailsService in a manually instantiated DaoAuthenticationProvider. If the current configuration is intentional, to turn off this warning, increase the logging level of 'org.springframework.security.config.annotation.authentication.configuration.InitializeUserDetailsBeanManagerConfigurer' to ERROR
2026-10-01 22:03:10.775 WARN  [correlationId=] o.s.b.j.a.JpaBaseConfiguration$JpaWebConfiguration - spring.jpa.open-in-view is enabled by default. Therefore, database queries may be performed during view rendering. Explicitly configure spring.jpa.open-in-view to disable this warning
2026-10-01 22:03:11.919 INFO  [correlationId=] o.s.b.a.e.web.EndpointLinksResolver - Exposing 2 endpoints beneath base path '/actuator'
2026-10-01 22:03:12.028 INFO  [correlationId=] o.s.boot.tomcat.TomcatWebServer - Tomcat started on port 8080 (http) with context path '/'
2026-10-01 22:03:12.040 INFO  [correlationId=] c.n.e.EcommercePlatformApplication - Started EcommercePlatformApplication in 9.664 seconds (process running for 11.364)
2026-10-01 22:03:15.813 INFO  [correlationId=] o.a.c.c.C.[Tomcat].[localhost].[/] - Initializing Spring DispatcherServlet 'dispatcherServlet'
2026-10-01 22:03:15.814 INFO  [correlationId=] o.s.web.servlet.DispatcherServlet - Initializing Servlet 'dispatcherServlet'
2026-10-01 22:03:15.817 INFO  [correlationId=] o.s.web.servlet.DispatcherServlet - Completed initialization in 2 ms
2026-10-01 22:03:25.051 INFO  [correlationId=5788a51f-1d2e-4c0f-828e-df090baa588a] c.n.e.c.l.HttpRequestLoggingFilter - Request started method=GET path=/api/products
2026-10-01 22:03:25.478 INFO  [correlationId=5788a51f-1d2e-4c0f-828e-df090baa588a] c.n.e.c.l.HttpRequestLoggingFilter - Request completed method=GET path=/api/products status=200 durationMs=427
2026-10-01 22:07:39.916 INFO  [correlationId=] o.s.boot.tomcat.GracefulShutdown - Commencing graceful shutdown. Waiting for active requests to complete
2026-10-01 22:07:39.920 INFO  [correlationId=] o.s.boot.tomcat.GracefulShutdown - Graceful shutdown complete
2026-10-01 22:07:39.949 INFO  [correlationId=] o.s.o.j.LocalContainerEntityManagerFactoryBean - Closing JPA EntityManagerFactory for persistence unit 'default'
2026-10-01 22:07:39.955 INFO  [correlationId=] com.zaxxer.hikari.HikariDataSource - HikariPool-1 - Shutdown initiated...
2026-10-01 22:07:39.961 INFO  [correlationId=] com.zaxxer.hikari.HikariDataSource - HikariPool-1 - Shutdown completed.
2026-10-01 22:08:58.615 INFO  [correlationId=] c.n.e.EcommercePlatformApplication - Starting EcommercePlatformApplication v0.0.1-SNAPSHOT using Java 24.0.2 with PID 1 (/app/app.jar started by root in /app)
2026-10-01 22:08:58.619 DEBUG [correlationId=] c.n.e.EcommercePlatformApplication - Running with Spring Boot v4.1.0, Spring v7.0.8
2026-10-01 22:08:58.621 INFO  [correlationId=] c.n.e.EcommercePlatformApplication - No active profile set, falling back to 1 default profile: "default"
2026-10-01 22:08:59.169 INFO  [correlationId=] o.s.d.r.c.RepositoryConfigurationDelegate - Multiple Spring Data modules found, entering strict repository configuration mode
2026-10-01 22:08:59.171 INFO  [correlationId=] o.s.d.r.c.RepositoryConfigurationDelegate - Bootstrapping Spring Data JPA repositories in DEFAULT mode.
2026-10-01 22:08:59.345 INFO  [correlationId=] o.s.d.r.c.RepositoryConfigurationDelegate - Finished Spring Data repository scanning in 158 ms. Found 6 JPA repository interfaces.
2026-10-01 22:08:59.371 INFO  [correlationId=] o.s.d.r.c.RepositoryConfigurationDelegate - Multiple Spring Data modules found, entering strict repository configuration mode
2026-10-01 22:08:59.374 INFO  [correlationId=] o.s.d.r.c.RepositoryConfigurationDelegate - Bootstrapping Spring Data Redis repositories in DEFAULT mode.
2026-10-01 22:08:59.399 INFO  [correlationId=] o.s.d.r.c.RepositoryConfigurationExtensionSupport - Spring Data Redis - Could not safely identify store assignment for repository candidate interface com.namnguyen.ecommerce_platform.cart.repository.CartItemRepository; If you want this repository to be a Redis repository, consider annotating your entities with one of these annotations: org.springframework.data.redis.core.RedisHash (preferred), or consider extending one of the following types with your repository: org.springframework.data.keyvalue.repository.KeyValueRepository
2026-10-01 22:08:59.401 INFO  [correlationId=] o.s.d.r.c.RepositoryConfigurationExtensionSupport - Spring Data Redis - Could not safely identify store assignment for repository candidate interface com.namnguyen.ecommerce_platform.cart.repository.CartRepository; If you want this repository to be a Redis repository, consider annotating your entities with one of these annotations: org.springframework.data.redis.core.RedisHash (preferred), or consider extending one of the following types with your repository: org.springframework.data.keyvalue.repository.KeyValueRepository
2026-10-01 22:08:59.401 INFO  [correlationId=] o.s.d.r.c.RepositoryConfigurationExtensionSupport - Spring Data Redis - Could not safely identify store assignment for repository candidate interface com.namnguyen.ecommerce_platform.order.repository.OrderRepository; If you want this repository to be a Redis repository, consider annotating your entities with one of these annotations: org.springframework.data.redis.core.RedisHash (preferred), or consider extending one of the following types with your repository: org.springframework.data.keyvalue.repository.KeyValueRepository
2026-10-01 22:08:59.403 INFO  [correlationId=] o.s.d.r.c.RepositoryConfigurationExtensionSupport - Spring Data Redis - Could not safely identify store assignment for repository candidate interface com.namnguyen.ecommerce_platform.payment.repository.PaymentRepository; If you want this repository to be a Redis repository, consider annotating your entities with one of these annotations: org.springframework.data.redis.core.RedisHash (preferred), or consider extending one of the following types with your repository: org.springframework.data.keyvalue.repository.KeyValueRepository
2026-10-01 22:08:59.404 INFO  [correlationId=] o.s.d.r.c.RepositoryConfigurationExtensionSupport - Spring Data Redis - Could not safely identify store assignment for repository candidate interface com.namnguyen.ecommerce_platform.product.repository.ProductRepository; If you want this repository to be a Redis repository, consider annotating your entities with one of these annotations: org.springframework.data.redis.core.RedisHash (preferred), or consider extending one of the following types with your repository: org.springframework.data.keyvalue.repository.KeyValueRepository
2026-10-01 22:08:59.406 INFO  [correlationId=] o.s.d.r.c.RepositoryConfigurationExtensionSupport - Spring Data Redis - Could not safely identify store assignment for repository candidate interface com.namnguyen.ecommerce_platform.user.repository.UserRepository; If you want this repository to be a Redis repository, consider annotating your entities with one of these annotations: org.springframework.data.redis.core.RedisHash (preferred), or consider extending one of the following types with your repository: org.springframework.data.keyvalue.repository.KeyValueRepository
2026-10-01 22:08:59.407 INFO  [correlationId=] o.s.d.r.c.RepositoryConfigurationDelegate - Finished Spring Data repository scanning in 18 ms. Found 0 Redis repository interfaces.
2026-10-01 22:09:00.585 INFO  [correlationId=] o.s.boot.tomcat.TomcatWebServer - Tomcat initialized with port 8080 (http)
2026-10-01 22:09:00.601 INFO  [correlationId=] o.a.catalina.core.StandardService - Starting service [Tomcat]
2026-10-01 22:09:00.603 INFO  [correlationId=] o.a.catalina.core.StandardEngine - Starting Servlet engine: [Apache Tomcat/11.0.22]
2026-10-01 22:09:00.633 INFO  [correlationId=] o.s.b.w.c.s.WebApplicationContextInitializer - Root WebApplicationContext: initialization completed in 1948 ms
2026-10-01 22:09:01.617 INFO  [correlationId=] org.hibernate.orm.jpa - HHH008540: Processing PersistenceUnitInfo [name: default]
2026-10-01 22:09:01.668 INFO  [correlationId=] org.hibernate.orm.core - HHH000001: Hibernate ORM core version 7.4.1.Final
2026-10-01 22:09:02.182 INFO  [correlationId=] o.s.o.j.p.SpringPersistenceUnitInfo - No LoadTimeWeaver setup: ignoring JPA class transformer
2026-10-01 22:09:02.220 INFO  [correlationId=] com.zaxxer.hikari.HikariDataSource - HikariPool-1 - Starting...
2026-10-01 22:09:02.419 INFO  [correlationId=] com.zaxxer.hikari.pool.HikariPool - HikariPool-1 - Added connection org.postgresql.jdbc.PgConnection@4c6eaa65
2026-10-01 22:09:02.421 INFO  [correlationId=] com.zaxxer.hikari.HikariDataSource - HikariPool-1 - Start completed.
2026-10-01 22:09:02.520 INFO  [correlationId=] o.hibernate.orm.connections.pooling - HHH10001005: Database info:
	Database JDBC URL [jdbc:postgresql://postgres:5432/ecommerce_platform_db]
	Database driver: PostgreSQL JDBC Driver
	Database dialect: PostgreSQLDialect
	Database version: 16.15
	Default catalog/schema: ecommerce_platform_db/public
	Autocommit mode: undefined/unknown
	Isolation level: READ_COMMITTED [default READ_COMMITTED]
	JDBC fetch size: none
	Pool: DataSourceConnectionProvider
	Minimum pool size: undefined/unknown
	Maximum pool size: undefined/unknown
2026-10-01 22:09:03.818 INFO  [correlationId=] org.hibernate.orm.core - HHH000489: No JTA platform available (set 'hibernate.transaction.jta.platform' to enable JTA platform integration)
2026-10-01 22:09:03.939 INFO  [correlationId=] o.s.o.j.LocalContainerEntityManagerFactoryBean - Initialized JPA EntityManagerFactory for persistence unit 'default'
2026-10-01 22:09:04.020 INFO  [correlationId=] o.s.d.j.r.q.QueryEnhancerFactories - Hibernate is in classpath; If applicable, HQL parser will be used.
2026-10-01 22:09:04.357 DEBUG [correlationId=] c.n.e.s.jwt.JwtAuthenticationFilter - Filter 'jwtAuthenticationFilter' configured for use
2026-10-01 22:09:04.358 DEBUG [correlationId=] c.n.e.c.logging.CorrelationIdFilter - Filter 'correlationIdFilter' configured for use
2026-10-01 22:09:04.361 DEBUG [correlationId=] c.n.e.c.l.HttpRequestLoggingFilter - Filter 'httpRequestLoggingFilter' configured for use
2026-10-01 22:09:04.363 DEBUG [correlationId=] c.n.e.c.rate_limit.RateLimitFilter - Filter 'rateLimitFilter' configured for use
2026-10-01 22:09:04.464 INFO  [correlationId=] o.s.s.c.a.a.c.InitializeAuthenticationProviderBeanManagerConfigurer$InitializeAuthenticationProviderManagerConfigurer - Global AuthenticationManager configured with AuthenticationProvider bean with name authenticationProvider
2026-10-01 22:09:04.465 WARN  [correlationId=] o.s.s.c.a.a.c.InitializeUserDetailsBeanManagerConfigurer$InitializeUserDetailsManagerConfigurer - Global AuthenticationManager configured with an AuthenticationProvider bean. UserDetailsService beans will not be used by Spring Security for automatically configuring username/password login. Consider removing the AuthenticationProvider bean. Alternatively, consider using the UserDetailsService in a manually instantiated DaoAuthenticationProvider. If the current configuration is intentional, to turn off this warning, increase the logging level of 'org.springframework.security.config.annotation.authentication.configuration.InitializeUserDetailsBeanManagerConfigurer' to ERROR
2026-10-01 22:09:04.834 WARN  [correlationId=] o.s.b.j.a.JpaBaseConfiguration$JpaWebConfiguration - spring.jpa.open-in-view is enabled by default. Therefore, database queries may be performed during view rendering. Explicitly configure spring.jpa.open-in-view to disable this warning
2026-10-01 22:09:05.716 INFO  [correlationId=] o.s.b.a.e.web.EndpointLinksResolver - Exposing 2 endpoints beneath base path '/actuator'
2026-10-01 22:09:05.818 INFO  [correlationId=] o.s.boot.tomcat.TomcatWebServer - Tomcat started on port 8080 (http) with context path '/'
2026-10-01 22:09:05.830 INFO  [correlationId=] c.n.e.EcommercePlatformApplication - Started EcommercePlatformApplication in 7.835 seconds (process running for 9.467)
2026-10-01 22:09:06.498 INFO  [correlationId=] o.a.c.c.C.[Tomcat].[localhost].[/] - Initializing Spring DispatcherServlet 'dispatcherServlet'
2026-10-01 22:09:06.499 INFO  [correlationId=] o.s.web.servlet.DispatcherServlet - Initializing Servlet 'dispatcherServlet'
2026-10-01 22:09:06.503 INFO  [correlationId=] o.s.web.servlet.DispatcherServlet - Completed initialization in 3 ms
2026-10-01 22:09:13.849 INFO  [correlationId=29b145a3-2e23-4d54-b3d4-304e64597b39] c.n.e.c.l.HttpRequestLoggingFilter - Request started method=GET path=/api/products
2026-10-01 22:09:14.030 DEBUG [correlationId=29b145a3-2e23-4d54-b3d4-304e64597b39] c.n.e.p.service.ProductServiceImpl - Fetching products status=null page=0 size=10 sort=price: ASC
2026-10-01 22:09:14.270 INFO  [correlationId=29b145a3-2e23-4d54-b3d4-304e64597b39] c.n.e.c.l.HttpRequestLoggingFilter - Request completed method=GET path=/api/products status=200 durationMs=420
2026-10-01 22:10:04.707 INFO  [correlationId=419598e0-386a-4856-a6d1-efc6af2b6ef3] c.n.e.c.l.HttpRequestLoggingFilter - Request started method=GET path=/api/products/10
2026-10-01 22:10:04.716 DEBUG [correlationId=419598e0-386a-4856-a6d1-efc6af2b6ef3] c.n.e.p.service.ProductServiceImpl - Fetching product productId=10
2026-10-01 22:10:04.739 WARN  [correlationId=419598e0-386a-4856-a6d1-efc6af2b6ef3] c.n.e.c.e.GlobalExceptionHandler - Request failed status=404 method=GET path=/api/products/10 exception=NoResourceFoundException
2026-10-01 22:10:04.746 INFO  [correlationId=419598e0-386a-4856-a6d1-efc6af2b6ef3] c.n.e.c.l.HttpRequestLoggingFilter - Request completed method=GET path=/api/products/10 status=404 durationMs=39
2026-10-01 22:25:44.310 INFO  [correlationId=] o.s.boot.tomcat.GracefulShutdown - Commencing graceful shutdown. Waiting for active requests to complete
2026-10-01 22:25:44.313 INFO  [correlationId=] o.s.boot.tomcat.GracefulShutdown - Graceful shutdown complete
2026-10-01 22:25:44.342 INFO  [correlationId=] o.s.o.j.LocalContainerEntityManagerFactoryBean - Closing JPA EntityManagerFactory for persistence unit 'default'
2026-10-01 22:25:44.348 INFO  [correlationId=] com.zaxxer.hikari.HikariDataSource - HikariPool-1 - Shutdown initiated...
2026-10-01 22:25:44.353 INFO  [correlationId=] com.zaxxer.hikari.HikariDataSource - HikariPool-1 - Shutdown completed.
2026-10-01 22:26:45.285 INFO  [correlationId=] c.n.e.EcommercePlatformApplication - Starting EcommercePlatformApplication v0.0.1-SNAPSHOT using Java 24.0.2 with PID 1 (/app/app.jar started by root in /app)
2026-10-01 22:26:45.289 DEBUG [correlationId=] c.n.e.EcommercePlatformApplication - Running with Spring Boot v4.1.0, Spring v7.0.8
2026-10-01 22:26:45.292 INFO  [correlationId=] c.n.e.EcommercePlatformApplication - No active profile set, falling back to 1 default profile: "default"
2026-10-01 22:26:46.916 INFO  [correlationId=] o.s.d.r.c.RepositoryConfigurationDelegate - Multiple Spring Data modules found, entering strict repository configuration mode
2026-10-01 22:26:46.919 INFO  [correlationId=] o.s.d.r.c.RepositoryConfigurationDelegate - Bootstrapping Spring Data JPA repositories in DEFAULT mode.
2026-10-01 22:26:47.110 INFO  [correlationId=] o.s.d.r.c.RepositoryConfigurationDelegate - Finished Spring Data repository scanning in 175 ms. Found 6 JPA repository interfaces.
2026-10-01 22:26:47.138 INFO  [correlationId=] o.s.d.r.c.RepositoryConfigurationDelegate - Multiple Spring Data modules found, entering strict repository configuration mode
2026-10-01 22:26:47.140 INFO  [correlationId=] o.s.d.r.c.RepositoryConfigurationDelegate - Bootstrapping Spring Data Redis repositories in DEFAULT mode.
2026-10-01 22:26:47.164 INFO  [correlationId=] o.s.d.r.c.RepositoryConfigurationExtensionSupport - Spring Data Redis - Could not safely identify store assignment for repository candidate interface com.namnguyen.ecommerce_platform.cart.repository.CartItemRepository; If you want this repository to be a Redis repository, consider annotating your entities with one of these annotations: org.springframework.data.redis.core.RedisHash (preferred), or consider extending one of the following types with your repository: org.springframework.data.keyvalue.repository.KeyValueRepository
2026-10-01 22:26:47.165 INFO  [correlationId=] o.s.d.r.c.RepositoryConfigurationExtensionSupport - Spring Data Redis - Could not safely identify store assignment for repository candidate interface com.namnguyen.ecommerce_platform.cart.repository.CartRepository; If you want this repository to be a Redis repository, consider annotating your entities with one of these annotations: org.springframework.data.redis.core.RedisHash (preferred), or consider extending one of the following types with your repository: org.springframework.data.keyvalue.repository.KeyValueRepository
2026-10-01 22:26:47.167 INFO  [correlationId=] o.s.d.r.c.RepositoryConfigurationExtensionSupport - Spring Data Redis - Could not safely identify store assignment for repository candidate interface com.namnguyen.ecommerce_platform.order.repository.OrderRepository; If you want this repository to be a Redis repository, consider annotating your entities with one of these annotations: org.springframework.data.redis.core.RedisHash (preferred), or consider extending one of the following types with your repository: org.springframework.data.keyvalue.repository.KeyValueRepository
2026-10-01 22:26:47.168 INFO  [correlationId=] o.s.d.r.c.RepositoryConfigurationExtensionSupport - Spring Data Redis - Could not safely identify store assignment for repository candidate interface com.namnguyen.ecommerce_platform.payment.repository.PaymentRepository; If you want this repository to be a Redis repository, consider annotating your entities with one of these annotations: org.springframework.data.redis.core.RedisHash (preferred), or consider extending one of the following types with your repository: org.springframework.data.keyvalue.repository.KeyValueRepository
2026-10-01 22:26:47.170 INFO  [correlationId=] o.s.d.r.c.RepositoryConfigurationExtensionSupport - Spring Data Redis - Could not safely identify store assignment for repository candidate interface com.namnguyen.ecommerce_platform.product.repository.ProductRepository; If you want this repository to be a Redis repository, consider annotating your entities with one of these annotations: org.springframework.data.redis.core.RedisHash (preferred), or consider extending one of the following types with your repository: org.springframework.data.keyvalue.repository.KeyValueRepository
2026-10-01 22:26:47.171 INFO  [correlationId=] o.s.d.r.c.RepositoryConfigurationExtensionSupport - Spring Data Redis - Could not safely identify store assignment for repository candidate interface com.namnguyen.ecommerce_platform.user.repository.UserRepository; If you want this repository to be a Redis repository, consider annotating your entities with one of these annotations: org.springframework.data.redis.core.RedisHash (preferred), or consider extending one of the following types with your repository: org.springframework.data.keyvalue.repository.KeyValueRepository
2026-10-01 22:26:47.172 INFO  [correlationId=] o.s.d.r.c.RepositoryConfigurationDelegate - Finished Spring Data repository scanning in 16 ms. Found 0 Redis repository interfaces.
2026-10-01 22:26:48.672 INFO  [correlationId=] o.s.boot.tomcat.TomcatWebServer - Tomcat initialized with port 8080 (http)
2026-10-01 22:26:48.701 INFO  [correlationId=] o.a.catalina.core.StandardService - Starting service [Tomcat]
2026-10-01 22:26:48.703 INFO  [correlationId=] o.a.catalina.core.StandardEngine - Starting Servlet engine: [Apache Tomcat/11.0.22]
2026-10-01 22:26:48.751 INFO  [correlationId=] o.s.b.w.c.s.WebApplicationContextInitializer - Root WebApplicationContext: initialization completed in 3380 ms
2026-10-01 22:26:50.306 INFO  [correlationId=] org.hibernate.orm.jpa - HHH008540: Processing PersistenceUnitInfo [name: default]
2026-10-01 22:26:50.361 INFO  [correlationId=] org.hibernate.orm.core - HHH000001: Hibernate ORM core version 7.4.1.Final
2026-10-01 22:26:50.993 INFO  [correlationId=] o.s.o.j.p.SpringPersistenceUnitInfo - No LoadTimeWeaver setup: ignoring JPA class transformer
2026-10-01 22:26:51.028 INFO  [correlationId=] com.zaxxer.hikari.HikariDataSource - HikariPool-1 - Starting...
2026-10-01 22:26:51.349 INFO  [correlationId=] com.zaxxer.hikari.pool.HikariPool - HikariPool-1 - Added connection org.postgresql.jdbc.PgConnection@1a22c1ba
2026-10-01 22:26:51.352 INFO  [correlationId=] com.zaxxer.hikari.HikariDataSource - HikariPool-1 - Start completed.
2026-10-01 22:26:51.587 INFO  [correlationId=] o.hibernate.orm.connections.pooling - HHH10001005: Database info:
	Database JDBC URL [jdbc:postgresql://postgres:5432/ecommerce_platform_db]
	Database driver: PostgreSQL JDBC Driver
	Database dialect: PostgreSQLDialect
	Database version: 16.15
	Default catalog/schema: ecommerce_platform_db/public
	Autocommit mode: undefined/unknown
	Isolation level: READ_COMMITTED [default READ_COMMITTED]
	JDBC fetch size: none
	Pool: DataSourceConnectionProvider
	Minimum pool size: undefined/unknown
	Maximum pool size: undefined/unknown
2026-10-01 22:26:53.191 INFO  [correlationId=] org.hibernate.orm.core - HHH000489: No JTA platform available (set 'hibernate.transaction.jta.platform' to enable JTA platform integration)
2026-10-01 22:26:53.338 INFO  [correlationId=] o.s.o.j.LocalContainerEntityManagerFactoryBean - Initialized JPA EntityManagerFactory for persistence unit 'default'
2026-10-01 22:26:53.411 INFO  [correlationId=] o.s.d.j.r.q.QueryEnhancerFactories - Hibernate is in classpath; If applicable, HQL parser will be used.
2026-10-01 22:26:53.715 DEBUG [correlationId=] c.n.e.s.jwt.JwtAuthenticationFilter - Filter 'jwtAuthenticationFilter' configured for use
2026-10-01 22:26:53.717 DEBUG [correlationId=] c.n.e.c.logging.CorrelationIdFilter - Filter 'correlationIdFilter' configured for use
2026-10-01 22:26:53.720 DEBUG [correlationId=] c.n.e.c.l.HttpRequestLoggingFilter - Filter 'httpRequestLoggingFilter' configured for use
2026-10-01 22:26:53.722 DEBUG [correlationId=] c.n.e.c.rate_limit.RateLimitFilter - Filter 'rateLimitFilter' configured for use
2026-10-01 22:26:53.854 INFO  [correlationId=] o.s.s.c.a.a.c.InitializeAuthenticationProviderBeanManagerConfigurer$InitializeAuthenticationProviderManagerConfigurer - Global AuthenticationManager configured with AuthenticationProvider bean with name authenticationProvider
2026-10-01 22:26:53.856 WARN  [correlationId=] o.s.s.c.a.a.c.InitializeUserDetailsBeanManagerConfigurer$InitializeUserDetailsManagerConfigurer - Global AuthenticationManager configured with an AuthenticationProvider bean. UserDetailsService beans will not be used by Spring Security for automatically configuring username/password login. Consider removing the AuthenticationProvider bean. Alternatively, consider using the UserDetailsService in a manually instantiated DaoAuthenticationProvider. If the current configuration is intentional, to turn off this warning, increase the logging level of 'org.springframework.security.config.annotation.authentication.configuration.InitializeUserDetailsBeanManagerConfigurer' to ERROR
2026-10-01 22:26:54.303 WARN  [correlationId=] o.s.b.j.a.JpaBaseConfiguration$JpaWebConfiguration - spring.jpa.open-in-view is enabled by default. Therefore, database queries may be performed during view rendering. Explicitly configure spring.jpa.open-in-view to disable this warning
2026-10-01 22:26:55.261 INFO  [correlationId=] o.s.b.a.e.web.EndpointLinksResolver - Exposing 3 endpoints beneath base path '/actuator'
2026-10-01 22:26:55.353 INFO  [correlationId=] o.s.boot.tomcat.TomcatWebServer - Tomcat started on port 8080 (http) with context path '/'
2026-10-01 22:26:55.366 INFO  [correlationId=] c.n.e.EcommercePlatformApplication - Started EcommercePlatformApplication in 10.81 seconds (process running for 11.651)
2026-10-01 22:26:58.884 INFO  [correlationId=] o.a.c.c.C.[Tomcat].[localhost].[/] - Initializing Spring DispatcherServlet 'dispatcherServlet'
2026-10-01 22:26:58.886 INFO  [correlationId=] o.s.web.servlet.DispatcherServlet - Initializing Servlet 'dispatcherServlet'
2026-10-01 22:26:58.889 INFO  [correlationId=] o.s.web.servlet.DispatcherServlet - Completed initialization in 2 ms
2026-10-01 22:27:31.452 INFO  [correlationId=ea322037-e5d5-450d-94f9-613eab5749c2] c.n.e.c.l.HttpRequestLoggingFilter - Request started method=GET path=/actuator/metrics
2026-10-01 22:27:31.473 INFO  [correlationId=ea322037-e5d5-450d-94f9-613eab5749c2] c.n.e.c.l.HttpRequestLoggingFilter - Request completed method=GET path=/actuator/metrics status=401 durationMs=21
2026-10-01 22:27:41.651 INFO  [correlationId=107ad343-2150-4a49-a630-8576a3abadef] c.n.e.c.l.HttpRequestLoggingFilter - Request started method=POST path=/api/auth/login
2026-10-01 22:27:42.520 INFO  [correlationId=107ad343-2150-4a49-a630-8576a3abadef] c.n.e.auth.service.AuthServiceImpl - User logged in userId=1
2026-10-01 22:27:42.525 INFO  [correlationId=107ad343-2150-4a49-a630-8576a3abadef] c.n.e.c.l.HttpRequestLoggingFilter - Request completed method=POST path=/api/auth/login status=200 durationMs=874
2026-10-01 22:28:10.037 INFO  [correlationId=84bb5cc3-e991-4ee4-a292-1c48a7f362ec] c.n.e.c.l.HttpRequestLoggingFilter - Request started method=GET path=/actuator/metrics
2026-10-01 22:28:10.083 INFO  [correlationId=84bb5cc3-e991-4ee4-a292-1c48a7f362ec] c.n.e.c.l.HttpRequestLoggingFilter - Request completed method=GET path=/actuator/metrics status=200 durationMs=45
2026-10-01 22:28:24.748 INFO  [correlationId=d3c567c0-6812-4598-878d-37ad978fdbba] c.n.e.c.l.HttpRequestLoggingFilter - Request started method=GET path=/actuator/metrics/jvm.memory.used
2026-10-01 22:28:24.789 INFO  [correlationId=d3c567c0-6812-4598-878d-37ad978fdbba] c.n.e.c.l.HttpRequestLoggingFilter - Request completed method=GET path=/actuator/metrics/jvm.memory.used status=200 durationMs=41
2026-10-01 22:29:00.407 INFO  [correlationId=86c9b0f2-8d17-4bd0-ae0b-07590a44a76b] c.n.e.c.l.HttpRequestLoggingFilter - Request started method=GET path=/actuator/metrics/jvm.threads.live
2026-10-01 22:29:00.423 INFO  [correlationId=86c9b0f2-8d17-4bd0-ae0b-07590a44a76b] c.n.e.c.l.HttpRequestLoggingFilter - Request completed method=GET path=/actuator/metrics/jvm.threads.live status=200 durationMs=15
2026-10-01 22:29:22.158 INFO  [correlationId=1e3f4cca-7622-4768-90e0-daa433ac438a] c.n.e.c.l.HttpRequestLoggingFilter - Request started method=GET path=/actuator/metrics/http.server.requests
2026-10-01 22:29:22.171 INFO  [correlationId=1e3f4cca-7622-4768-90e0-daa433ac438a] c.n.e.c.l.HttpRequestLoggingFilter - Request completed method=GET path=/actuator/metrics/http.server.requests status=200 durationMs=13
2026-10-01 22:30:04.277 INFO  [correlationId=fee95406-5372-4ca5-8633-6b0b44ca6deb] c.n.e.c.l.HttpRequestLoggingFilter - Request started method=GET path=/actuator/metrics/hikaricp.connections.pending
2026-10-01 22:30:04.296 INFO  [correlationId=fee95406-5372-4ca5-8633-6b0b44ca6deb] c.n.e.c.l.HttpRequestLoggingFilter - Request completed method=GET path=/actuator/metrics/hikaricp.connections.pending status=200 durationMs=18
2026-10-01 22:32:33.943 INFO  [correlationId=] o.s.boot.tomcat.GracefulShutdown - Commencing graceful shutdown. Waiting for active requests to complete
2026-10-01 22:32:33.947 INFO  [correlationId=] o.s.boot.tomcat.GracefulShutdown - Graceful shutdown complete
2026-10-01 22:32:33.974 INFO  [correlationId=] o.s.o.j.LocalContainerEntityManagerFactoryBean - Closing JPA EntityManagerFactory for persistence unit 'default'
2026-10-01 22:32:33.981 INFO  [correlationId=] com.zaxxer.hikari.HikariDataSource - HikariPool-1 - Shutdown initiated...
2026-10-01 22:32:33.985 INFO  [correlationId=] com.zaxxer.hikari.HikariDataSource - HikariPool-1 - Shutdown completed.
2026-10-01 16:39:31.694 INFO  [correlationId=] c.n.e.a.c.AuthControllerTest - Starting AuthControllerTest using Java 24 with PID 29976 (started by Nam Nguyen in C:\Programming\PersonalProject\EcommercePlatformProject)
2026-10-01 16:39:31.696 DEBUG [correlationId=] c.n.e.a.c.AuthControllerTest - Running with Spring Boot v4.1.0, Spring v7.0.8
2026-10-01 16:39:31.697 INFO  [correlationId=] c.n.e.a.c.AuthControllerTest - No active profile set, falling back to 1 default profile: "default"
2026-10-01 16:39:34.742 WARN  [correlationId=] o.s.b.s.a.UserDetailsServiceAutoConfiguration - 

Using generated security password: 41f70ba7-d5da-44d2-a7b2-f0ac66b365fc

This generated password is for development use only. Your security configuration must be updated before running your application in production.

2026-10-01 16:39:34.782 INFO  [correlationId=] o.s.b.t.m.w.SpringBootMockServletContext - Initializing Spring TestDispatcherServlet ''
2026-10-01 16:39:34.782 INFO  [correlationId=] o.s.t.w.s.TestDispatcherServlet - Initializing Servlet ''
2026-10-01 16:39:34.785 INFO  [correlationId=] o.s.t.w.s.TestDispatcherServlet - Completed initialization in 3 ms
2026-10-01 16:39:34.848 WARN  [correlationId=] o.s.s.c.a.a.c.InitializeUserDetailsBeanManagerConfigurer$InitializeUserDetailsManagerConfigurer - Found 2 UserDetailsService beans, with names [inMemoryUserDetailsManager, com.namnguyen.ecommerce_platform.security.user.CustomUserDetailsService#0]. Global Authentication Manager will not use a UserDetailsService for username/password login. Consider publishing a single UserDetailsService bean.
2026-10-01 16:39:35.195 INFO  [correlationId=] c.n.e.a.c.AuthControllerTest - Started AuthControllerTest in 3.966 seconds (process running for 5.826)
2026-10-01 16:39:35.824 WARN  [correlationId=] c.n.e.c.e.GlobalExceptionHandler - Request argument validation failed status=400 method=POST path=/api/auth/register fieldErrorCount=1
2026-10-01 16:39:35.886 WARN  [correlationId=] c.n.e.c.e.GlobalExceptionHandler - Request argument validation failed status=400 method=POST path=/api/auth/register fieldErrorCount=1
2026-10-01 16:39:35.908 WARN  [correlationId=] c.n.e.c.e.GlobalExceptionHandler - Request failed status=409 method=POST path=/api/auth/register exception=DuplicateResourceException
2026-10-01 16:39:35.930 WARN  [correlationId=] c.n.e.c.e.GlobalExceptionHandler - Request argument validation failed status=400 method=POST path=/api/auth/register fieldErrorCount=2
2026-10-01 16:39:35.954 WARN  [correlationId=] c.n.e.c.e.GlobalExceptionHandler - Request argument validation failed status=400 method=POST path=/api/auth/register fieldErrorCount=1
2026-10-01 16:39:35.976 WARN  [correlationId=] c.n.e.c.e.GlobalExceptionHandler - Request argument validation failed status=400 method=POST path=/api/auth/register fieldErrorCount=1
2026-10-01 16:39:35.999 WARN  [correlationId=] c.n.e.c.e.GlobalExceptionHandler - Request argument validation failed status=400 method=POST path=/api/auth/register fieldErrorCount=1
2026-10-01 16:39:36.025 WARN  [correlationId=] c.n.e.c.e.GlobalExceptionHandler - Request failed status=409 method=POST path=/api/auth/register exception=DuplicateResourceException
2026-10-01 16:39:36.052 WARN  [correlationId=] c.n.e.c.e.GlobalExceptionHandler - Request argument validation failed status=400 method=POST path=/api/auth/login fieldErrorCount=1
2026-10-01 16:39:36.075 WARN  [correlationId=] c.n.e.c.e.GlobalExceptionHandler - Request argument validation failed status=400 method=POST path=/api/auth/register fieldErrorCount=1
2026-10-01 16:39:36.099 WARN  [correlationId=] c.n.e.c.e.GlobalExceptionHandler - Request argument validation failed status=400 method=POST path=/api/auth/login fieldErrorCount=1
2026-10-01 16:39:36.125 WARN  [correlationId=] c.n.e.c.e.GlobalExceptionHandler - Request argument validation failed status=400 method=POST path=/api/auth/register fieldErrorCount=1
2026-10-01 16:39:36.150 WARN  [correlationId=] c.n.e.c.e.GlobalExceptionHandler - Request argument validation failed status=400 method=POST path=/api/auth/register fieldErrorCount=1
2026-10-01 16:39:36.174 WARN  [correlationId=] c.n.e.c.e.GlobalExceptionHandler - Request argument validation failed status=400 method=POST path=/api/auth/register fieldErrorCount=1
2026-10-01 16:39:36.200 WARN  [correlationId=] c.n.e.c.e.GlobalExceptionHandler - Request argument validation failed status=400 method=POST path=/api/auth/login fieldErrorCount=1
2026-10-01 16:39:36.239 WARN  [correlationId=] c.n.e.c.e.GlobalExceptionHandler - Request argument validation failed status=400 method=POST path=/api/auth/register fieldErrorCount=1
2026-10-01 16:39:36.260 WARN  [correlationId=] c.n.e.c.e.GlobalExceptionHandler - Request argument validation failed status=400 method=POST path=/api/auth/register fieldErrorCount=1
2026-10-01 16:39:36.283 WARN  [correlationId=] c.n.e.c.e.GlobalExceptionHandler - Request failed status=401 method=POST path=/api/auth/login exception=BadCredentialsException
2026-10-01 16:39:36.305 WARN  [correlationId=] c.n.e.c.e.GlobalExceptionHandler - Request argument validation failed status=400 method=POST path=/api/auth/login fieldErrorCount=1
2026-10-01 16:39:36.326 WARN  [correlationId=] c.n.e.c.e.GlobalExceptionHandler - Request argument validation failed status=400 method=POST path=/api/auth/register fieldErrorCount=1
2026-10-01 16:39:36.350 WARN  [correlationId=] c.n.e.c.e.GlobalExceptionHandler - Request argument validation failed status=400 method=POST path=/api/auth/register fieldErrorCount=1
2026-10-01 16:39:36.376 WARN  [correlationId=] c.n.e.c.e.GlobalExceptionHandler - Request argument validation failed status=400 method=POST path=/api/auth/register fieldErrorCount=1
2026-10-01 16:39:36.402 WARN  [correlationId=] c.n.e.c.e.GlobalExceptionHandler - Request argument validation failed status=400 method=POST path=/api/auth/register fieldErrorCount=2
2026-10-01 16:39:36.450 WARN  [correlationId=] c.n.e.c.e.GlobalExceptionHandler - Request argument validation failed status=400 method=POST path=/api/auth/login fieldErrorCount=1
2026-10-01 16:39:36.769 INFO  [correlationId=] o.s.t.c.s.AnnotationConfigContextLoaderUtils - Could not detect default configuration classes for test class [com.namnguyen.ecommerce_platform.cart.controller.CartControllerTest]: CartControllerTest does not declare any static, non-private, non-final, nested classes annotated with @Configuration.
2026-10-01 16:39:36.840 INFO  [correlationId=] o.s.b.t.c.SpringBootTestContextBootstrapper - Found @SpringBootConfiguration com.namnguyen.ecommerce_platform.EcommercePlatformApplication for test class com.namnguyen.ecommerce_platform.cart.controller.CartControllerTest
2026-10-01 16:39:36.842 INFO  [correlationId=] o.s.t.c.s.AnnotationConfigContextLoaderUtils - Could not detect default configuration classes for test class [com.namnguyen.ecommerce_platform.cart.controller.CartControllerTest]: CartControllerTest does not declare any static, non-private, non-final, nested classes annotated with @Configuration.
2026-10-01 16:39:36.856 INFO  [correlationId=] o.s.b.t.c.SpringBootTestContextBootstrapper - Found @SpringBootConfiguration com.namnguyen.ecommerce_platform.EcommercePlatformApplication for test class com.namnguyen.ecommerce_platform.cart.controller.CartControllerTest
2026-10-01 16:39:36.920 INFO  [correlationId=] c.n.e.c.c.CartControllerTest - Starting CartControllerTest using Java 24 with PID 29976 (started by Nam Nguyen in C:\Programming\PersonalProject\EcommercePlatformProject)
2026-10-01 16:39:36.921 DEBUG [correlationId=] c.n.e.c.c.CartControllerTest - Running with Spring Boot v4.1.0, Spring v7.0.8
2026-10-01 16:39:36.921 INFO  [correlationId=] c.n.e.c.c.CartControllerTest - No active profile set, falling back to 1 default profile: "default"
2026-10-01 16:39:37.588 WARN  [correlationId=] o.s.b.s.a.UserDetailsServiceAutoConfiguration - 

Using generated security password: 1bae7547-442f-4a29-a601-42010b77e480

This generated password is for development use only. Your security configuration must be updated before running your application in production.

2026-10-01 16:39:37.595 INFO  [correlationId=] o.s.b.t.m.w.SpringBootMockServletContext - Initializing Spring TestDispatcherServlet ''
2026-10-01 16:39:37.595 INFO  [correlationId=] o.s.t.w.s.TestDispatcherServlet - Initializing Servlet ''
2026-10-01 16:39:37.599 INFO  [correlationId=] o.s.t.w.s.TestDispatcherServlet - Completed initialization in 4 ms
2026-10-01 16:39:37.621 WARN  [correlationId=] o.s.s.c.a.a.c.InitializeUserDetailsBeanManagerConfigurer$InitializeUserDetailsManagerConfigurer - Found 2 UserDetailsService beans, with names [inMemoryUserDetailsManager, com.namnguyen.ecommerce_platform.security.user.CustomUserDetailsService#0]. Global Authentication Manager will not use a UserDetailsService for username/password login. Consider publishing a single UserDetailsService bean.
2026-10-01 16:39:37.665 INFO  [correlationId=] c.n.e.c.c.CartControllerTest - Started CartControllerTest in 0.798 seconds (process running for 8.296)
2026-10-01 16:39:37.812 WARN  [correlationId=] c.n.e.c.e.GlobalExceptionHandler - Request argument validation failed status=400 method=POST path=/api/cart/items fieldErrorCount=1
2026-10-01 16:39:37.852 WARN  [correlationId=] c.n.e.c.e.GlobalExceptionHandler - Request failed status=404 method=DELETE path=/api/cart/items/1 exception=NoResourceFoundException
2026-10-01 16:39:37.881 WARN  [correlationId=] c.n.e.c.e.GlobalExceptionHandler - Request failed status=400 method=DELETE path=/api/cart/items/test exception=MethodArgumentTypeMismatchException
2026-10-01 16:39:37.986 WARN  [correlationId=] c.n.e.c.e.GlobalExceptionHandler - Request failed status=400 method=PATCH path=/api/cart/items/1 exception=MissingServletRequestParameterException
2026-10-01 16:39:38.006 WARN  [correlationId=] c.n.e.c.e.GlobalExceptionHandler - Request failed status=400 method=PATCH path=/api/cart/items/test exception=MethodArgumentTypeMismatchException
2026-10-01 16:39:38.048 WARN  [correlationId=] c.n.e.c.e.GlobalExceptionHandler - Request argument validation failed status=400 method=POST path=/api/cart/items fieldErrorCount=1
2026-10-01 16:39:38.092 WARN  [correlationId=] c.n.e.c.e.GlobalExceptionHandler - Request failed status=404 method=PATCH path=/api/cart/items/1 exception=NoResourceFoundException
2026-10-01 16:39:38.158 WARN  [correlationId=] c.n.e.c.e.GlobalExceptionHandler - Request failed status=400 method=PATCH path=/api/cart/items/1 exception=MethodArgumentTypeMismatchException
2026-10-01 16:39:38.192 WARN  [correlationId=] c.n.e.c.e.GlobalExceptionHandler - Request argument validation failed status=400 method=POST path=/api/cart/items fieldErrorCount=1
2026-10-01 16:39:38.208 WARN  [correlationId=] c.n.e.c.e.GlobalExceptionHandler - Request argument validation failed status=400 method=POST path=/api/cart/items fieldErrorCount=1
2026-10-01 16:39:38.241 WARN  [correlationId=] c.n.e.c.e.GlobalExceptionHandler - Request failed status=400 method=PATCH path=/api/cart/items/1 exception=HandlerMethodValidationException
2026-10-01 16:39:38.650 DEBUG [correlationId=] c.n.e.cart.service.CartServiceImpl - Fetched user cart cartId=2 userId=1
2026-10-01 16:39:38.651 INFO  [correlationId=] c.n.e.cart.service.CartServiceImpl - Adding cart item cartId=2 productId=3 quantity=9 userId=1
2026-10-01 16:39:38.656 INFO  [correlationId=] c.n.e.cart.service.CartServiceImpl - Clearing cart cartId=4 userId=1
2026-10-01 16:39:38.662 INFO  [correlationId=] c.n.e.cart.service.CartServiceImpl - Updating cart item quantity cartId=4 productId=3 quantity=5 userId=1
2026-10-01 16:39:38.664 DEBUG [correlationId=] c.n.e.cart.service.CartServiceImpl - Fetched cart item cartItemId=2 cartId=4 userId=1
2026-10-01 16:39:38.676 INFO  [correlationId=] c.n.e.cart.service.CartServiceImpl - Updating cart item quantity cartId=3 productId=2 quantity=11 userId=1
2026-10-01 16:39:38.676 DEBUG [correlationId=] c.n.e.cart.service.CartServiceImpl - Fetched cart item cartItemId=4 cartId=3 userId=1
2026-10-01 16:39:38.685 DEBUG [correlationId=] c.n.e.cart.service.CartServiceImpl - Fetched user cart cartId=4 userId=1
2026-10-01 16:39:38.685 INFO  [correlationId=] c.n.e.cart.service.CartServiceImpl - Adding cart item cartId=4 productId=3 quantity=3 userId=1
2026-10-01 16:39:38.686 INFO  [correlationId=] c.n.e.cart.service.CartServiceImpl - Cart item added cartItemId=2 cartId=4 productId=3 quantity=5 userId=1
2026-10-01 16:39:38.693 INFO  [correlationId=] c.n.e.cart.service.CartServiceImpl - Updating cart item quantity cartId=4 productId=2 quantity=0 userId=1
2026-10-01 16:39:38.693 DEBUG [correlationId=] c.n.e.cart.service.CartServiceImpl - Fetched cart item cartItemId=5 cartId=4 userId=1
2026-10-01 16:39:38.698 INFO  [correlationId=] c.n.e.cart.service.CartServiceImpl - Updating cart item quantity cartId=4 productId=2 quantity=4 userId=1
2026-10-01 16:39:38.698 DEBUG [correlationId=] c.n.e.cart.service.CartServiceImpl - Fetched cart item cartItemId=3 cartId=4 userId=1
2026-10-01 16:39:38.702 INFO  [correlationId=] c.n.e.cart.service.CartServiceImpl - Removing cart item cartId=4 productId=2 userId=1
2026-10-01 16:39:38.703 DEBUG [correlationId=] c.n.e.cart.service.CartServiceImpl - Fetched cart item cartItemId=5 cartId=4 userId=1
2026-10-01 16:39:38.717 INFO  [correlationId=] c.n.e.cart.service.CartServiceImpl - User cart created cartId=2 userId=1
2026-10-01 16:39:38.717 DEBUG [correlationId=] c.n.e.cart.service.CartServiceImpl - Fetched user cart cartId=2 userId=1
2026-10-01 16:39:38.718 INFO  [correlationId=] c.n.e.cart.service.CartServiceImpl - Adding cart item cartId=2 productId=3 quantity=2 userId=1
2026-10-01 16:39:38.719 INFO  [correlationId=] c.n.e.cart.service.CartServiceImpl - Cart item added cartItemId=4 cartId=2 productId=3 quantity=2 userId=1
2026-10-01 16:39:38.741 INFO  [correlationId=] c.n.e.cart.service.CartServiceImpl - Updating cart item quantity cartId=4 productId=2 quantity=4 userId=1
2026-10-01 16:39:38.749 INFO  [correlationId=] c.n.e.cart.service.CartServiceImpl - Removing cart item cartId=2 productId=3 userId=1
2026-10-01 16:39:38.756 DEBUG [correlationId=] c.n.e.cart.service.CartServiceImpl - Fetched user cart cartId=10 userId=1
2026-10-01 16:39:38.756 INFO  [correlationId=] c.n.e.cart.service.CartServiceImpl - Adding cart item cartId=10 productId=12 quantity=2 userId=1
2026-10-01 16:39:38.756 INFO  [correlationId=] c.n.e.cart.service.CartServiceImpl - Cart item added cartItemId=11 cartId=10 productId=12 quantity=2 userId=1
2026-10-01 16:39:38.762 INFO  [correlationId=] c.n.e.cart.service.CartServiceImpl - User cart created cartId=1 userId=1
2026-10-01 16:39:38.762 DEBUG [correlationId=] c.n.e.cart.service.CartServiceImpl - Fetched user cart cartId=1 userId=1
2026-10-01 16:39:38.780 DEBUG [correlationId=] c.n.e.cart.service.CartServiceImpl - Fetched user cart cartId=10 userId=1
2026-10-01 16:39:38.786 DEBUG [correlationId=] c.n.e.cart.service.CartServiceImpl - Fetched user cart cartId=2 userId=1
2026-10-01 16:39:38.793 DEBUG [correlationId=] c.n.e.cart.service.CartServiceImpl - Fetched user cart cartId=2 userId=1
2026-10-01 16:39:38.794 INFO  [correlationId=] c.n.e.cart.service.CartServiceImpl - Adding cart item cartId=2 productId=3 quantity=11 userId=1
2026-10-01 16:39:38.812 INFO  [correlationId=] o.s.t.c.s.AnnotationConfigContextLoaderUtils - Could not detect default configuration classes for test class [com.namnguyen.ecommerce_platform.integration.auth.AuthIntegrationTest]: AuthIntegrationTest does not declare any static, non-private, non-final, nested classes annotated with @Configuration.
2026-10-01 16:39:38.869 INFO  [correlationId=] o.s.b.t.c.SpringBootTestContextBootstrapper - Found @SpringBootConfiguration com.namnguyen.ecommerce_platform.EcommercePlatformApplication for test class com.namnguyen.ecommerce_platform.integration.auth.AuthIntegrationTest
2026-10-01 16:39:38.874 INFO  [correlationId=] o.s.t.c.s.AnnotationConfigContextLoaderUtils - Could not detect default configuration classes for test class [com.namnguyen.ecommerce_platform.integration.auth.AuthIntegrationTest]: AuthIntegrationTest does not declare any static, non-private, non-final, nested classes annotated with @Configuration.
2026-10-01 16:39:38.875 INFO  [correlationId=] o.s.t.c.s.AnnotationConfigContextLoaderUtils - Could not detect default configuration classes for test class [com.namnguyen.ecommerce_platform.integration.BaseIntegrationTest]: BaseIntegrationTest does not declare any static, non-private, non-final, nested classes annotated with @Configuration.
2026-10-01 16:39:38.887 INFO  [correlationId=] o.s.b.t.c.SpringBootTestContextBootstrapper - Found @SpringBootConfiguration com.namnguyen.ecommerce_platform.EcommercePlatformApplication for test class com.namnguyen.ecommerce_platform.integration.auth.AuthIntegrationTest
2026-10-01 16:39:38.889 WARN  [correlationId=] o.s.b.t.c.SpringBootTestContextBootstrapper - For test class [com.namnguyen.ecommerce_platform.integration.auth.AuthIntegrationTest], the following 'default' context configuration classes were detected but are currently ignored: com.namnguyen.ecommerce_platform.integration.AbstractIntegrationTestSupport$IntegrationTestConfig. In Spring Framework 7.1, these classes will no longer be ignored. Please update your test configuration accordingly. For details, see: https://docs.spring.io/spring-framework/reference/testing/testcontext-framework/ctx-management/default-config.html
2026-10-01 16:39:38.941 INFO  [correlationId=] c.n.e.i.auth.AuthIntegrationTest - Starting AuthIntegrationTest using Java 24 with PID 29976 (started by Nam Nguyen in C:\Programming\PersonalProject\EcommercePlatformProject)
2026-10-01 16:39:38.941 DEBUG [correlationId=] c.n.e.i.auth.AuthIntegrationTest - Running with Spring Boot v4.1.0, Spring v7.0.8
2026-10-01 16:39:38.941 INFO  [correlationId=] c.n.e.i.auth.AuthIntegrationTest - The following 1 profile is active: "test"
2026-10-01 16:39:39.740 INFO  [correlationId=] o.s.d.r.c.RepositoryConfigurationDelegate - Multiple Spring Data modules found, entering strict repository configuration mode
2026-10-01 16:39:39.742 INFO  [correlationId=] o.s.d.r.c.RepositoryConfigurationDelegate - Bootstrapping Spring Data JPA repositories in DEFAULT mode.
2026-10-01 16:39:39.876 INFO  [correlationId=] o.s.d.r.c.RepositoryConfigurationDelegate - Finished Spring Data repository scanning in 123 ms. Found 6 JPA repository interfaces.
2026-10-01 16:39:39.902 INFO  [correlationId=] o.s.d.r.c.RepositoryConfigurationDelegate - Multiple Spring Data modules found, entering strict repository configuration mode
2026-10-01 16:39:39.905 INFO  [correlationId=] o.s.d.r.c.RepositoryConfigurationDelegate - Bootstrapping Spring Data Redis repositories in DEFAULT mode.
2026-10-01 16:39:39.957 INFO  [correlationId=] o.s.d.r.c.RepositoryConfigurationExtensionSupport - Spring Data Redis - Could not safely identify store assignment for repository candidate interface com.namnguyen.ecommerce_platform.cart.repository.CartItemRepository; If you want this repository to be a Redis repository, consider annotating your entities with one of these annotations: org.springframework.data.redis.core.RedisHash (preferred), or consider extending one of the following types with your repository: org.springframework.data.keyvalue.repository.KeyValueRepository
2026-10-01 16:39:39.958 INFO  [correlationId=] o.s.d.r.c.RepositoryConfigurationExtensionSupport - Spring Data Redis - Could not safely identify store assignment for repository candidate interface com.namnguyen.ecommerce_platform.cart.repository.CartRepository; If you want this repository to be a Redis repository, consider annotating your entities with one of these annotations: org.springframework.data.redis.core.RedisHash (preferred), or consider extending one of the following types with your repository: org.springframework.data.keyvalue.repository.KeyValueRepository
2026-10-01 16:39:39.958 INFO  [correlationId=] o.s.d.r.c.RepositoryConfigurationExtensionSupport - Spring Data Redis - Could not safely identify store assignment for repository candidate interface com.namnguyen.ecommerce_platform.order.repository.OrderRepository; If you want this repository to be a Redis repository, consider annotating your entities with one of these annotations: org.springframework.data.redis.core.RedisHash (preferred), or consider extending one of the following types with your repository: org.springframework.data.keyvalue.repository.KeyValueRepository
2026-10-01 16:39:39.958 INFO  [correlationId=] o.s.d.r.c.RepositoryConfigurationExtensionSupport - Spring Data Redis - Could not safely identify store assignment for repository candidate interface com.namnguyen.ecommerce_platform.payment.repository.PaymentRepository; If you want this repository to be a Redis repository, consider annotating your entities with one of these annotations: org.springframework.data.redis.core.RedisHash (preferred), or consider extending one of the following types with your repository: org.springframework.data.keyvalue.repository.KeyValueRepository
2026-10-01 16:39:39.958 INFO  [correlationId=] o.s.d.r.c.RepositoryConfigurationExtensionSupport - Spring Data Redis - Could not safely identify store assignment for repository candidate interface com.namnguyen.ecommerce_platform.product.repository.ProductRepository; If you want this repository to be a Redis repository, consider annotating your entities with one of these annotations: org.springframework.data.redis.core.RedisHash (preferred), or consider extending one of the following types with your repository: org.springframework.data.keyvalue.repository.KeyValueRepository
2026-10-01 16:39:39.958 INFO  [correlationId=] o.s.d.r.c.RepositoryConfigurationExtensionSupport - Spring Data Redis - Could not safely identify store assignment for repository candidate interface com.namnguyen.ecommerce_platform.user.repository.UserRepository; If you want this repository to be a Redis repository, consider annotating your entities with one of these annotations: org.springframework.data.redis.core.RedisHash (preferred), or consider extending one of the following types with your repository: org.springframework.data.keyvalue.repository.KeyValueRepository
2026-10-01 16:39:39.958 INFO  [correlationId=] o.s.d.r.c.RepositoryConfigurationDelegate - Finished Spring Data repository scanning in 39 ms. Found 0 Redis repository interfaces.
2026-10-01 16:39:40.496 INFO  [correlationId=] o.testcontainers.images.PullPolicy - Image pull policy will be performed by: DefaultPullPolicy()
2026-10-01 16:39:40.499 INFO  [correlationId=] o.t.utility.ImageNameSubstitutor - Image name substitution will be performed by: DefaultImageNameSubstitutor (composite of 'ConfigurationFileImageNameSubstitutor' and 'PrefixingImageNameSubstitutor')
2026-10-01 16:39:40.531 INFO  [correlationId=] o.testcontainers.DockerClientFactory - Testcontainers version: 2.0.5
2026-10-01 16:39:40.812 INFO  [correlationId=] o.t.d.DockerClientProviderStrategy - Loaded org.testcontainers.dockerclient.NpipeSocketClientProviderStrategy from ~/.testcontainers.properties, will try it first
2026-10-01 16:39:41.305 INFO  [correlationId=] o.t.d.DockerClientProviderStrategy - Found Docker environment with local Npipe socket (npipe:////./pipe/docker_engine)
2026-10-01 16:39:41.307 INFO  [correlationId=] o.testcontainers.DockerClientFactory - Docker host IP address is localhost
2026-10-01 16:39:41.327 INFO  [correlationId=] o.testcontainers.DockerClientFactory - Connected to docker: 
  Server Version: 29.8.0
  API Version: 1.56
  Operating System: Docker Desktop (containerized)
  Total Memory: 15914 MB
  Labels: 
    com.docker.desktop.address=npipe://\\.\pipe\docker_cli
2026-10-01 16:39:41.390 INFO  [correlationId=] tc.testcontainers/ryuk:0.14.0 - Pulling docker image: testcontainers/ryuk:0.14.0. Please be patient; this may take some time but only needs to be done once.
2026-10-01 16:39:41.780 INFO  [correlationId=] o.t.utility.RegistryAuthLocator - Credential helper/store (docker-credential-desktop) does not have credentials for https://index.docker.io/v1/
2026-10-01 16:39:42.516 INFO  [correlationId=] tc.testcontainers/ryuk:0.14.0 - Starting to pull image
2026-10-01 16:39:42.535 INFO  [correlationId=] tc.testcontainers/ryuk:0.14.0 - Pulling image layers:  0 pending,  0 downloaded,  0 extracted, (0 bytes/0 bytes)
2026-10-01 16:39:42.907 INFO  [correlationId=] tc.testcontainers/ryuk:0.14.0 - Pulling image layers:  1 pending,  1 downloaded,  0 extracted, (242 KB/? MB)
2026-10-01 16:39:42.926 INFO  [correlationId=] tc.testcontainers/ryuk:0.14.0 - Pulling image layers:  1 pending,  1 downloaded,  1 extracted, (850 KB/? MB)
2026-10-01 16:39:42.981 INFO  [correlationId=] tc.testcontainers/ryuk:0.14.0 - Pulling image layers:  0 pending,  2 downloaded,  1 extracted, (2 MB/2 MB)
2026-10-01 16:39:43.014 INFO  [correlationId=] tc.testcontainers/ryuk:0.14.0 - Pulling image layers:  0 pending,  2 downloaded,  2 extracted, (2 MB/2 MB)
2026-10-01 16:39:43.034 INFO  [correlationId=] tc.testcontainers/ryuk:0.14.0 - Image testcontainers/ryuk:0.14.0 pull took PT1.6435804S
2026-10-01 16:39:43.060 INFO  [correlationId=] tc.testcontainers/ryuk:0.14.0 - Creating container for image: testcontainers/ryuk:0.14.0
2026-10-01 16:39:43.158 INFO  [correlationId=] tc.testcontainers/ryuk:0.14.0 - Container testcontainers/ryuk:0.14.0 is starting: cdd5bafcf88ca04d77cca35fc9d400da71c15d945fd7e70c646d74f461bf42a8
2026-10-01 16:39:43.426 INFO  [correlationId=] tc.testcontainers/ryuk:0.14.0 - Container testcontainers/ryuk:0.14.0 started in PT0.3655314S
2026-10-01 16:39:43.435 INFO  [correlationId=] o.t.utility.RyukResourceReaper - Ryuk started - will monitor and terminate Testcontainers containers on JVM exit
2026-10-01 16:39:43.435 INFO  [correlationId=] o.testcontainers.DockerClientFactory - Checking the system...
2026-10-01 16:39:43.436 INFO  [correlationId=] o.testcontainers.DockerClientFactory - ✔︎ Docker server version should be at least 1.6.0
2026-10-01 16:39:43.437 INFO  [correlationId=] tc.postgres:16-alpine - Creating container for image: postgres:16-alpine
2026-10-01 16:39:43.481 INFO  [correlationId=] tc.postgres:16-alpine - Container postgres:16-alpine is starting: 3864b3c226bf312d74c03ecc4130f1c5468a83b83c84b9f33a402172b3eeb24c
2026-10-01 16:39:45.115 INFO  [correlationId=] tc.postgres:16-alpine - Container postgres:16-alpine started in PT1.6780727S
2026-10-01 16:39:45.116 INFO  [correlationId=] tc.postgres:16-alpine - Container is started (JDBC URL: jdbc:postgresql://localhost:53849/test?loggerLevel=OFF)
2026-10-01 16:39:45.331 INFO  [correlationId=] org.hibernate.orm.jpa - HHH008540: Processing PersistenceUnitInfo [name: default]
2026-10-01 16:39:45.401 INFO  [correlationId=] org.hibernate.orm.core - HHH000001: Hibernate ORM core version 7.4.1.Final
2026-10-01 16:39:45.722 INFO  [correlationId=] o.s.o.j.p.SpringPersistenceUnitInfo - No LoadTimeWeaver setup: ignoring JPA class transformer
2026-10-01 16:39:45.771 INFO  [correlationId=] com.zaxxer.hikari.HikariDataSource - HikariPool-1 - Starting...
2026-10-01 16:39:45.942 INFO  [correlationId=] com.zaxxer.hikari.pool.HikariPool - HikariPool-1 - Added connection org.postgresql.jdbc.PgConnection@7e821499
2026-10-01 16:39:45.943 INFO  [correlationId=] com.zaxxer.hikari.HikariDataSource - HikariPool-1 - Start completed.
2026-10-01 16:39:46.019 INFO  [correlationId=] o.hibernate.orm.connections.pooling - HHH10001005: Database info:
	Database JDBC URL [jdbc:postgresql://localhost:53849/test?loggerLevel=OFF]
	Database driver: PostgreSQL JDBC Driver
	Database dialect: PostgreSQLDialect
	Database version: 16.15
	Default catalog/schema: test/public
	Autocommit mode: undefined/unknown
	Isolation level: READ_COMMITTED [default READ_COMMITTED]
	JDBC fetch size: none
	Pool: DataSourceConnectionProvider
	Minimum pool size: undefined/unknown
	Maximum pool size: undefined/unknown
2026-10-01 16:39:47.106 INFO  [correlationId=] org.hibernate.orm.core - HHH000489: No JTA platform available (set 'hibernate.transaction.jta.platform' to enable JTA platform integration)
2026-10-01 16:39:47.237 INFO  [correlationId=] o.s.o.j.LocalContainerEntityManagerFactoryBean - Initialized JPA EntityManagerFactory for persistence unit 'default'
2026-10-01 16:39:47.329 INFO  [correlationId=] o.s.d.j.r.q.QueryEnhancerFactories - Hibernate is in classpath; If applicable, HQL parser will be used.
2026-10-01 16:39:48.215 INFO  [correlationId=] o.s.s.c.a.a.c.InitializeAuthenticationProviderBeanManagerConfigurer$InitializeAuthenticationProviderManagerConfigurer - Global AuthenticationManager configured with AuthenticationProvider bean with name authenticationProvider
2026-10-01 16:39:48.216 WARN  [correlationId=] o.s.s.c.a.a.c.InitializeUserDetailsBeanManagerConfigurer$InitializeUserDetailsManagerConfigurer - Global AuthenticationManager configured with an AuthenticationProvider bean. UserDetailsService beans will not be used by Spring Security for automatically configuring username/password login. Consider removing the AuthenticationProvider bean. Alternatively, consider using the UserDetailsService in a manually instantiated DaoAuthenticationProvider. If the current configuration is intentional, to turn off this warning, increase the logging level of 'org.springframework.security.config.annotation.authentication.configuration.InitializeUserDetailsBeanManagerConfigurer' to ERROR
2026-10-01 16:39:49.047 INFO  [correlationId=] o.s.b.t.m.w.SpringBootMockServletContext - Initializing Spring TestDispatcherServlet ''
2026-10-01 16:39:49.047 INFO  [correlationId=] o.s.t.w.s.TestDispatcherServlet - Initializing Servlet ''
2026-10-01 16:39:49.062 INFO  [correlationId=] o.s.b.a.e.web.EndpointLinksResolver - Exposing 3 endpoints beneath base path '/actuator'
2026-10-01 16:39:49.076 INFO  [correlationId=] o.s.t.w.s.TestDispatcherServlet - Completed initialization in 29 ms
2026-10-01 16:39:49.214 INFO  [correlationId=] c.n.e.i.auth.AuthIntegrationTest - Started AuthIntegrationTest in 10.32 seconds (process running for 19.844)
2026-10-01 16:39:49.817 INFO  [correlationId=] c.n.e.user.service.UserServiceImpl - Creating user role=CUSTOMER
2026-10-01 16:39:49.925 INFO  [correlationId=] c.n.e.user.service.UserServiceImpl - User created userId=1 role=CUSTOMER
2026-10-01 16:39:50.071 INFO  [correlationId=] c.n.e.auth.service.AuthServiceImpl - User registered userId=1
2026-10-01 16:39:50.285 WARN  [correlationId=] c.n.e.c.e.GlobalExceptionHandler - Request failed status=409 method=POST path=/api/auth/register exception=DuplicateResourceException
2026-10-01 16:39:50.377 WARN  [correlationId=] c.n.e.c.e.GlobalExceptionHandler - Request failed status=409 method=POST path=/api/auth/register exception=DuplicateResourceException
2026-10-01 16:39:50.571 INFO  [correlationId=] c.n.e.auth.service.AuthServiceImpl - User logged in userId=1
2026-10-01 16:39:50.595 WARN  [correlationId=] c.n.e.c.e.GlobalExceptionHandler - Request argument validation failed status=400 method=POST path=/api/auth/login fieldErrorCount=2
2026-10-01 16:39:50.621 WARN  [correlationId=] c.n.e.c.e.GlobalExceptionHandler - Request failed status=400 method=POST path=/api/auth/login exception=HttpMessageNotReadableException
2026-10-01 16:39:50.756 WARN  [correlationId=] c.n.e.c.e.GlobalExceptionHandler - Request failed status=401 method=POST path=/api/auth/login exception=BadCredentialsException
2026-10-01 16:39:50.835 WARN  [correlationId=] c.n.e.c.e.GlobalExceptionHandler - Request failed status=401 method=POST path=/api/auth/login exception=BadCredentialsException
2026-10-01 16:39:50.840 INFO  [correlationId=] o.s.t.c.s.AnnotationConfigContextLoaderUtils - Could not detect default configuration classes for test class [com.namnguyen.ecommerce_platform.integration.cart.CartIntegrationTest]: CartIntegrationTest does not declare any static, non-private, non-final, nested classes annotated with @Configuration.
2026-10-01 16:39:50.887 INFO  [correlationId=] o.s.b.t.c.SpringBootTestContextBootstrapper - Found @SpringBootConfiguration com.namnguyen.ecommerce_platform.EcommercePlatformApplication for test class com.namnguyen.ecommerce_platform.integration.cart.CartIntegrationTest
2026-10-01 16:39:50.888 INFO  [correlationId=] o.s.t.c.s.AnnotationConfigContextLoaderUtils - Could not detect default configuration classes for test class [com.namnguyen.ecommerce_platform.integration.cart.CartIntegrationTest]: CartIntegrationTest does not declare any static, non-private, non-final, nested classes annotated with @Configuration.
2026-10-01 16:39:50.889 INFO  [correlationId=] o.s.t.c.s.AnnotationConfigContextLoaderUtils - Could not detect default configuration classes for test class [com.namnguyen.ecommerce_platform.integration.BaseIntegrationTest]: BaseIntegrationTest does not declare any static, non-private, non-final, nested classes annotated with @Configuration.
2026-10-01 16:39:50.895 INFO  [correlationId=] o.s.b.t.c.SpringBootTestContextBootstrapper - Found @SpringBootConfiguration com.namnguyen.ecommerce_platform.EcommercePlatformApplication for test class com.namnguyen.ecommerce_platform.integration.cart.CartIntegrationTest
2026-10-01 16:39:50.895 WARN  [correlationId=] o.s.b.t.c.SpringBootTestContextBootstrapper - For test class [com.namnguyen.ecommerce_platform.integration.cart.CartIntegrationTest], the following 'default' context configuration classes were detected but are currently ignored: com.namnguyen.ecommerce_platform.integration.AbstractIntegrationTestSupport$IntegrationTestConfig. In Spring Framework 7.1, these classes will no longer be ignored. Please update your test configuration accordingly. For details, see: https://docs.spring.io/spring-framework/reference/testing/testcontext-framework/ctx-management/default-config.html
2026-10-01 16:39:51.004 DEBUG [correlationId=] c.n.e.cart.service.CartLookupService - Fetched cart cartId=1 userId=1
2026-10-01 16:39:51.004 INFO  [correlationId=] c.n.e.cart.service.CartServiceImpl - Clearing cart cartId=1 userId=1
2026-10-01 16:39:51.013 INFO  [correlationId=] c.n.e.cart.service.CartServiceImpl - Cart cleared cartId=1 userId=1
2026-10-01 16:39:51.147 DEBUG [correlationId=] c.n.e.user.service.UserLookupService - Fetched user userId=1
2026-10-01 16:39:51.150 DEBUG [correlationId=] c.n.e.cart.service.CartServiceImpl - Fetched user cart cartId=1 userId=1
2026-10-01 16:39:51.152 DEBUG [correlationId=] c.n.e.p.service.ProductLookupService - Fetched product productId=1
2026-10-01 16:39:51.152 INFO  [correlationId=] c.n.e.cart.service.CartServiceImpl - Adding cart item cartId=1 productId=1 quantity=2 userId=1
2026-10-01 16:39:51.166 INFO  [correlationId=] c.n.e.cart.service.CartServiceImpl - Cart item added cartItemId=1 cartId=1 productId=1 quantity=12 userId=1
2026-10-01 16:39:51.286 DEBUG [correlationId=] c.n.e.cart.service.CartLookupService - Fetched cart cartId=1 userId=1
2026-10-01 16:39:51.286 INFO  [correlationId=] c.n.e.cart.service.CartServiceImpl - Updating cart item quantity cartId=1 productId=1 quantity=12 userId=1
2026-10-01 16:39:51.289 DEBUG [correlationId=] c.n.e.cart.service.CartServiceImpl - Fetched cart item cartItemId=1 cartId=1 userId=1
2026-10-01 16:39:51.291 DEBUG [correlationId=] c.n.e.p.service.ProductLookupService - Fetched product productId=1
2026-10-01 16:39:51.293 WARN  [correlationId=] c.n.e.c.e.GlobalExceptionHandler - Request failed status=400 method=PATCH path=/api/cart/items/1 exception=InsufficientStockException
2026-10-01 16:39:51.387 DEBUG [correlationId=] c.n.e.user.service.UserLookupService - Fetched user userId=1
2026-10-01 16:39:51.392 INFO  [correlationId=] c.n.e.cart.service.CartServiceImpl - User cart created cartId=1 userId=1
2026-10-01 16:39:51.392 DEBUG [correlationId=] c.n.e.cart.service.CartServiceImpl - Fetched user cart cartId=1 userId=1
2026-10-01 16:39:51.395 DEBUG [correlationId=] c.n.e.p.service.ProductLookupService - Fetched product productId=1
2026-10-01 16:39:51.395 INFO  [correlationId=] c.n.e.cart.service.CartServiceImpl - Adding cart item cartId=1 productId=1 quantity=11 userId=1
2026-10-01 16:39:51.401 WARN  [correlationId=] c.n.e.c.e.GlobalExceptionHandler - Request failed status=400 method=POST path=/api/cart/items exception=InsufficientStockException
2026-10-01 16:39:51.502 DEBUG [correlationId=] c.n.e.user.service.UserLookupService - Fetched user userId=1
2026-10-01 16:39:51.506 INFO  [correlationId=] c.n.e.cart.service.CartServiceImpl - User cart created cartId=1 userId=1
2026-10-01 16:39:51.506 DEBUG [correlationId=] c.n.e.cart.service.CartServiceImpl - Fetched user cart cartId=1 userId=1
2026-10-01 16:39:51.508 DEBUG [correlationId=] c.n.e.p.service.ProductLookupService - Fetched product productId=1
2026-10-01 16:39:51.508 INFO  [correlationId=] c.n.e.cart.service.CartServiceImpl - Adding cart item cartId=1 productId=1 quantity=10 userId=1
2026-10-01 16:39:51.514 INFO  [correlationId=] c.n.e.cart.service.CartServiceImpl - Cart item added cartItemId=1 cartId=1 productId=1 quantity=10 userId=1
2026-10-01 16:39:51.607 DEBUG [correlationId=] c.n.e.user.service.UserLookupService - Fetched user userId=1
2026-10-01 16:39:51.611 INFO  [correlationId=] c.n.e.cart.service.CartServiceImpl - User cart created cartId=1 userId=1
2026-10-01 16:39:51.611 DEBUG [correlationId=] c.n.e.cart.service.CartServiceImpl - Fetched user cart cartId=1 userId=1
2026-10-01 16:39:51.710 DEBUG [correlationId=] c.n.e.cart.service.CartLookupService - Fetched cart cartId=1 userId=1
2026-10-01 16:39:51.710 INFO  [correlationId=] c.n.e.cart.service.CartServiceImpl - Removing cart item cartId=1 productId=1 userId=1
2026-10-01 16:39:51.712 DEBUG [correlationId=] c.n.e.cart.service.CartServiceImpl - Fetched cart item cartItemId=1 cartId=1 userId=1
2026-10-01 16:39:51.715 INFO  [correlationId=] c.n.e.cart.service.CartServiceImpl - Cart item removed cartId=1 productId=1 userId=1
2026-10-01 16:39:51.830 DEBUG [correlationId=] c.n.e.cart.service.CartLookupService - Fetched cart cartId=1 userId=1
2026-10-01 16:39:51.830 INFO  [correlationId=] c.n.e.cart.service.CartServiceImpl - Updating cart item quantity cartId=1 productId=1 quantity=2 userId=1
2026-10-01 16:39:51.833 DEBUG [correlationId=] c.n.e.cart.service.CartServiceImpl - Fetched cart item cartItemId=1 cartId=1 userId=1
2026-10-01 16:39:51.835 DEBUG [correlationId=] c.n.e.p.service.ProductLookupService - Fetched product productId=1
2026-10-01 16:39:51.835 INFO  [correlationId=] c.n.e.cart.service.CartServiceImpl - Cart item quantity updated cartId=1 productId=1 quantity=2 userId=1
2026-10-01 16:39:51.938 DEBUG [correlationId=] c.n.e.cart.service.CartLookupService - Fetched cart cartId=1 userId=1
2026-10-01 16:39:51.938 INFO  [correlationId=] c.n.e.cart.service.CartServiceImpl - Clearing cart cartId=1 userId=1
2026-10-01 16:39:51.940 INFO  [correlationId=] c.n.e.cart.service.CartServiceImpl - Cart cleared cartId=1 userId=1
2026-10-01 16:39:52.038 DEBUG [correlationId=] c.n.e.user.service.UserLookupService - Fetched user userId=1
2026-10-01 16:39:52.040 DEBUG [correlationId=] c.n.e.cart.service.CartServiceImpl - Fetched user cart cartId=1 userId=1
2026-10-01 16:39:52.136 DEBUG [correlationId=] c.n.e.cart.service.CartLookupService - Fetched cart cartId=1 userId=1
2026-10-01 16:39:52.137 INFO  [correlationId=] c.n.e.cart.service.CartServiceImpl - Removing cart item cartId=1 productId=1 userId=1
2026-10-01 16:39:52.140 WARN  [correlationId=] c.n.e.c.e.GlobalExceptionHandler - Request failed status=404 method=DELETE path=/api/cart/items/1 exception=NoResourceFoundException
2026-10-01 16:39:52.234 DEBUG [correlationId=] c.n.e.cart.service.CartLookupService - Fetched cart cartId=1 userId=1
2026-10-01 16:39:52.234 INFO  [correlationId=] c.n.e.cart.service.CartServiceImpl - Updating cart item quantity cartId=1 productId=1 quantity=0 userId=1
2026-10-01 16:39:52.236 DEBUG [correlationId=] c.n.e.cart.service.CartServiceImpl - Fetched cart item cartItemId=1 cartId=1 userId=1
2026-10-01 16:39:52.237 INFO  [correlationId=] c.n.e.cart.service.CartServiceImpl - Cart item quantity updated cartId=1 productId=1 quantity=0 userId=1
2026-10-01 16:39:52.331 DEBUG [correlationId=] c.n.e.cart.service.CartLookupService - Fetched cart cartId=1 userId=1
2026-10-01 16:39:52.332 INFO  [correlationId=] c.n.e.cart.service.CartServiceImpl - Updating cart item quantity cartId=1 productId=1 quantity=2 userId=1
2026-10-01 16:39:52.335 WARN  [correlationId=] c.n.e.c.e.GlobalExceptionHandler - Request failed status=404 method=PATCH path=/api/cart/items/1 exception=NoResourceFoundException
2026-10-01 16:39:52.430 WARN  [correlationId=] c.n.e.c.e.GlobalExceptionHandler - Request failed status=400 method=PATCH path=/api/cart/items/1 exception=HandlerMethodValidationException
2026-10-01 16:39:52.515 DEBUG [correlationId=] c.n.e.user.service.UserLookupService - Fetched user userId=1
2026-10-01 16:39:52.519 INFO  [correlationId=] c.n.e.cart.service.CartServiceImpl - User cart created cartId=1 userId=1
2026-10-01 16:39:52.519 DEBUG [correlationId=] c.n.e.cart.service.CartServiceImpl - Fetched user cart cartId=1 userId=1
2026-10-01 16:39:52.522 WARN  [correlationId=] c.n.e.c.e.GlobalExceptionHandler - Request failed status=404 method=POST path=/api/cart/items exception=NoResourceFoundException
2026-10-01 16:39:52.609 DEBUG [correlationId=] c.n.e.user.service.UserLookupService - Fetched user userId=1
2026-10-01 16:39:52.612 INFO  [correlationId=] c.n.e.cart.service.CartServiceImpl - User cart created cartId=1 userId=1
2026-10-01 16:39:52.612 DEBUG [correlationId=] c.n.e.cart.service.CartServiceImpl - Fetched user cart cartId=1 userId=1
2026-10-01 16:39:52.614 DEBUG [correlationId=] c.n.e.p.service.ProductLookupService - Fetched product productId=1
2026-10-01 16:39:52.614 INFO  [correlationId=] c.n.e.cart.service.CartServiceImpl - Adding cart item cartId=1 productId=1 quantity=1 userId=1
2026-10-01 16:39:52.618 WARN  [correlationId=] c.n.e.c.e.GlobalExceptionHandler - Request failed status=400 method=POST path=/api/cart/items exception=InsufficientStockException
2026-10-01 16:39:52.622 INFO  [correlationId=] o.s.t.c.s.AnnotationConfigContextLoaderUtils - Could not detect default configuration classes for test class [com.namnguyen.ecommerce_platform.integration.order.OrderIntegrationTest]: OrderIntegrationTest does not declare any static, non-private, non-final, nested classes annotated with @Configuration.
2026-10-01 16:39:52.667 INFO  [correlationId=] o.s.b.t.c.SpringBootTestContextBootstrapper - Found @SpringBootConfiguration com.namnguyen.ecommerce_platform.EcommercePlatformApplication for test class com.namnguyen.ecommerce_platform.integration.order.OrderIntegrationTest
2026-10-01 16:39:52.668 INFO  [correlationId=] o.s.t.c.s.AnnotationConfigContextLoaderUtils - Could not detect default configuration classes for test class [com.namnguyen.ecommerce_platform.integration.order.OrderIntegrationTest]: OrderIntegrationTest does not declare any static, non-private, non-final, nested classes annotated with @Configuration.
2026-10-01 16:39:52.668 INFO  [correlationId=] o.s.t.c.s.AnnotationConfigContextLoaderUtils - Could not detect default configuration classes for test class [com.namnguyen.ecommerce_platform.integration.BaseIntegrationTest]: BaseIntegrationTest does not declare any static, non-private, non-final, nested classes annotated with @Configuration.
2026-10-01 16:39:52.675 INFO  [correlationId=] o.s.b.t.c.SpringBootTestContextBootstrapper - Found @SpringBootConfiguration com.namnguyen.ecommerce_platform.EcommercePlatformApplication for test class com.namnguyen.ecommerce_platform.integration.order.OrderIntegrationTest
2026-10-01 16:39:52.676 WARN  [correlationId=] o.s.b.t.c.SpringBootTestContextBootstrapper - For test class [com.namnguyen.ecommerce_platform.integration.order.OrderIntegrationTest], the following 'default' context configuration classes were detected but are currently ignored: com.namnguyen.ecommerce_platform.integration.AbstractIntegrationTestSupport$IntegrationTestConfig. In Spring Framework 7.1, these classes will no longer be ignored. Please update your test configuration accordingly. For details, see: https://docs.spring.io/spring-framework/reference/testing/testcontext-framework/ctx-management/default-config.html
2026-10-01 16:39:52.768 DEBUG [correlationId=] c.n.e.o.service.OrderLookupService - Fetched order orderId=1 userId=1
2026-10-01 16:39:52.768 INFO  [correlationId=] c.n.e.order.service.OrderServiceImpl - Cancelling order orderId=1 userId=1
2026-10-01 16:39:52.770 WARN  [correlationId=] c.n.e.c.e.GlobalExceptionHandler - Request failed status=400 method=PATCH path=/api/orders/1/cancel exception=InvalidOrderStateException
2026-10-01 16:39:52.931 DEBUG [correlationId=] c.n.e.order.service.OrderServiceImpl - Fetching orders userId=1 page=0 size=10 sort=id: DESC
2026-10-01 16:39:52.956 DEBUG [correlationId=] c.n.e.order.service.OrderServiceImpl - Fetched orders page=0 returned=2 totalElements=2
2026-10-01 16:39:53.068 INFO  [correlationId=] c.n.e.order.service.OrderServiceImpl - Creating order userId=1 itemCount=1
2026-10-01 16:39:53.071 DEBUG [correlationId=] c.n.e.user.service.UserLookupService - Fetched user userId=1
2026-10-01 16:39:53.073 DEBUG [correlationId=] c.n.e.p.service.ProductLookupService - Fetched product productId=1
2026-10-01 16:39:53.073 DEBUG [correlationId=] c.n.e.order.service.OrderServiceImpl - Creating order item productId=1 quantity=10
2026-10-01 16:39:53.080 INFO  [correlationId=] c.n.e.order.service.OrderServiceImpl - Order created orderId=1 userId=1 itemCount=1
2026-10-01 16:39:53.098 DEBUG [correlationId=] c.n.e.o.service.OrderLookupService - Fetched order orderId=1 userId=1
2026-10-01 16:39:53.098 INFO  [correlationId=] c.n.e.order.service.OrderServiceImpl - Cancelling order orderId=1 userId=1
2026-10-01 16:39:53.102 INFO  [correlationId=] c.n.e.order.service.OrderServiceImpl - Order cancelled orderId=1
2026-10-01 16:39:53.196 INFO  [correlationId=] c.n.e.order.service.OrderServiceImpl - Creating order userId=1 itemCount=1
2026-10-01 16:39:53.199 DEBUG [correlationId=] c.n.e.user.service.UserLookupService - Fetched user userId=1
2026-10-01 16:39:53.204 WARN  [correlationId=] c.n.e.c.e.GlobalExceptionHandler - Request failed status=404 method=POST path=/api/orders exception=NoResourceFoundException
2026-10-01 16:39:53.294 WARN  [correlationId=] c.n.e.c.e.GlobalExceptionHandler - Request argument validation failed status=400 method=POST path=/api/orders fieldErrorCount=1
2026-10-01 16:39:53.386 WARN  [correlationId=] c.n.e.c.e.GlobalExceptionHandler - Request argument validation failed status=400 method=POST path=/api/orders fieldErrorCount=1
2026-10-01 16:39:53.478 INFO  [correlationId=] c.n.e.order.service.OrderServiceImpl - Creating order userId=1 itemCount=2
2026-10-01 16:39:53.480 DEBUG [correlationId=] c.n.e.user.service.UserLookupService - Fetched user userId=1
2026-10-01 16:39:53.482 DEBUG [correlationId=] c.n.e.p.service.ProductLookupService - Fetched product productId=1
2026-10-01 16:39:53.482 DEBUG [correlationId=] c.n.e.order.service.OrderServiceImpl - Creating order item productId=1 quantity=10
2026-10-01 16:39:53.485 DEBUG [correlationId=] c.n.e.p.service.ProductLookupService - Fetched product productId=2
2026-10-01 16:39:53.485 DEBUG [correlationId=] c.n.e.order.service.OrderServiceImpl - Creating order item productId=2 quantity=10
2026-10-01 16:39:53.486 WARN  [correlationId=] c.n.e.c.e.GlobalExceptionHandler - Request failed status=400 method=POST path=/api/orders exception=InsufficientStockException
2026-10-01 16:39:53.587 DEBUG [correlationId=] c.n.e.cart.service.CartLookupService - Fetched cart cartId=1 userId=1
2026-10-01 16:39:53.587 INFO  [correlationId=] c.n.e.order.service.OrderServiceImpl - Checking out user cart userId=1
2026-10-01 16:39:53.589 DEBUG [correlationId=] c.n.e.order.service.OrderServiceImpl - Creating order item productId=1 quantity=2
2026-10-01 16:39:53.596 INFO  [correlationId=] c.n.e.order.service.OrderServiceImpl - Cart checked out userId=1 orderId=1
2026-10-01 16:39:53.608 DEBUG [correlationId=] c.n.e.user.service.UserLookupService - Fetched user userId=1
2026-10-01 16:39:53.610 DEBUG [correlationId=] c.n.e.cart.service.CartServiceImpl - Fetched user cart cartId=1 userId=1
2026-10-01 16:39:53.698 WARN  [correlationId=] c.n.e.c.e.GlobalExceptionHandler - Request argument validation failed status=400 method=POST path=/api/orders fieldErrorCount=1
2026-10-01 16:39:53.781 DEBUG [correlationId=] c.n.e.order.service.OrderServiceImpl - Fetching orders userId=1 page=0 size=10 sort=id: DESC
2026-10-01 16:39:53.786 DEBUG [correlationId=] c.n.e.order.service.OrderServiceImpl - Fetched orders page=0 returned=0 totalElements=0
2026-10-01 16:39:53.878 DEBUG [correlationId=] c.n.e.order.service.OrderServiceImpl - Fetching orders userId=1 page=0 size=10 sort=id: DESC
2026-10-01 16:39:53.887 DEBUG [correlationId=] c.n.e.order.service.OrderServiceImpl - Fetched orders page=0 returned=2 totalElements=2
2026-10-01 16:39:53.968 WARN  [correlationId=] c.n.e.c.e.GlobalExceptionHandler - Request failed status=400 method=POST path=/api/orders exception=HttpMessageNotReadableException
2026-10-01 16:39:54.069 DEBUG [correlationId=] c.n.e.cart.service.CartLookupService - Fetched cart cartId=1 userId=1
2026-10-01 16:39:54.069 INFO  [correlationId=] c.n.e.order.service.OrderServiceImpl - Checking out user cart userId=1
2026-10-01 16:39:54.070 DEBUG [correlationId=] c.n.e.order.service.OrderServiceImpl - Creating order item productId=1 quantity=2
2026-10-01 16:39:54.073 DEBUG [correlationId=] c.n.e.order.service.OrderServiceImpl - Creating order item productId=2 quantity=10
2026-10-01 16:39:54.076 WARN  [correlationId=] c.n.e.c.e.GlobalExceptionHandler - Request failed status=400 method=POST path=/api/orders/checkout exception=InsufficientStockException
2026-10-01 16:39:54.083 DEBUG [correlationId=] c.n.e.user.service.UserLookupService - Fetched user userId=1
2026-10-01 16:39:54.085 DEBUG [correlationId=] c.n.e.cart.service.CartServiceImpl - Fetched user cart cartId=1 userId=1
2026-10-01 16:39:54.187 DEBUG [correlationId=] c.n.e.o.service.OrderLookupService - Fetched order orderId=1 userId=1
2026-10-01 16:39:54.187 INFO  [correlationId=] c.n.e.order.service.OrderServiceImpl - Cancelling order orderId=1 userId=1
2026-10-01 16:39:54.188 WARN  [correlationId=] c.n.e.c.e.GlobalExceptionHandler - Request failed status=400 method=PATCH path=/api/orders/1/cancel exception=InvalidOrderStateException
2026-10-01 16:39:54.277 DEBUG [correlationId=] c.n.e.o.service.OrderLookupService - Fetched order orderId=1 userId=1
2026-10-01 16:39:54.278 INFO  [correlationId=] c.n.e.order.service.OrderServiceImpl - Cancelling order orderId=1 userId=1
2026-10-01 16:39:54.280 WARN  [correlationId=] c.n.e.c.e.GlobalExceptionHandler - Request failed status=400 method=PATCH path=/api/orders/1/cancel exception=InvalidOrderStateException
2026-10-01 16:39:54.375 DEBUG [correlationId=] c.n.e.order.service.OrderServiceImpl - Fetching orders userId=1 page=0 size=10 sort=id: DESC
2026-10-01 16:39:54.383 DEBUG [correlationId=] c.n.e.order.service.OrderServiceImpl - Fetched orders page=0 returned=1 totalElements=1
2026-10-01 16:39:54.528 WARN  [correlationId=] c.n.e.c.e.GlobalExceptionHandler - Request failed status=404 method=PATCH path=/api/orders/1/cancel exception=NoResourceFoundException
2026-10-01 16:39:54.615 INFO  [correlationId=] c.n.e.order.service.OrderServiceImpl - Creating order userId=1 itemCount=1
2026-10-01 16:39:54.617 DEBUG [correlationId=] c.n.e.user.service.UserLookupService - Fetched user userId=1
2026-10-01 16:39:54.619 DEBUG [correlationId=] c.n.e.p.service.ProductLookupService - Fetched product productId=1
2026-10-01 16:39:54.619 DEBUG [correlationId=] c.n.e.order.service.OrderServiceImpl - Creating order item productId=1 quantity=10
2026-10-01 16:39:54.623 INFO  [correlationId=] c.n.e.order.service.OrderServiceImpl - Order created orderId=1 userId=1 itemCount=1
2026-10-01 16:39:54.713 DEBUG [correlationId=] c.n.e.order.service.OrderServiceImpl - Fetching order orderId=999999 userId=1
2026-10-01 16:39:54.717 WARN  [correlationId=] c.n.e.c.e.GlobalExceptionHandler - Request failed status=404 method=GET path=/api/orders/999999 exception=NoResourceFoundException
2026-10-01 16:39:54.805 DEBUG [correlationId=] c.n.e.o.service.OrderLookupService - Fetched order orderId=1 userId=1
2026-10-01 16:39:54.805 INFO  [correlationId=] c.n.e.order.service.OrderServiceImpl - Cancelling order orderId=1 userId=1
2026-10-01 16:39:54.806 WARN  [correlationId=] c.n.e.c.e.GlobalExceptionHandler - Request failed status=400 method=PATCH path=/api/orders/1/cancel exception=InvalidOrderStateException
2026-10-01 16:39:54.893 DEBUG [correlationId=] c.n.e.cart.service.CartLookupService - Fetched cart cartId=1 userId=1
2026-10-01 16:39:54.893 INFO  [correlationId=] c.n.e.order.service.OrderServiceImpl - Checking out user cart userId=1
2026-10-01 16:39:54.895 WARN  [correlationId=] c.n.e.c.e.GlobalExceptionHandler - Request failed status=400 method=POST path=/api/orders/checkout exception=InvalidCartStateException
2026-10-01 16:39:54.986 DEBUG [correlationId=] c.n.e.o.service.OrderLookupService - Fetched order orderId=1 userId=1
2026-10-01 16:39:54.986 INFO  [correlationId=] c.n.e.order.service.OrderServiceImpl - Cancelling order orderId=1 userId=1
2026-10-01 16:39:54.987 WARN  [correlationId=] c.n.e.c.e.GlobalExceptionHandler - Request failed status=400 method=PATCH path=/api/orders/1/cancel exception=InvalidOrderStateException
2026-10-01 16:39:55.071 WARN  [correlationId=] c.n.e.c.e.GlobalExceptionHandler - Request failed status=404 method=PATCH path=/api/orders/999999/cancel exception=NoResourceFoundException
2026-10-01 16:39:55.155 DEBUG [correlationId=] c.n.e.order.service.OrderServiceImpl - Fetching order orderId=1 userId=1
2026-10-01 16:39:55.158 DEBUG [correlationId=] c.n.e.o.service.OrderLookupService - Fetched order orderId=1 userId=1
2026-10-01 16:39:55.258 DEBUG [correlationId=] c.n.e.order.service.OrderServiceImpl - Fetching orders userId=1 page=0 size=10 sort=id: DESC
2026-10-01 16:39:55.268 DEBUG [correlationId=] c.n.e.order.service.OrderServiceImpl - Fetched orders page=0 returned=2 totalElements=2
2026-10-01 16:39:55.415 DEBUG [correlationId=] c.n.e.order.service.OrderServiceImpl - Fetching order orderId=1 userId=2
2026-10-01 16:39:55.420 WARN  [correlationId=] c.n.e.c.e.GlobalExceptionHandler - Request failed status=404 method=GET path=/api/orders/1 exception=NoResourceFoundException
2026-10-01 16:39:55.425 INFO  [correlationId=] o.s.t.c.s.AnnotationConfigContextLoaderUtils - Could not detect default configuration classes for test class [com.namnguyen.ecommerce_platform.integration.payment.PaymentIntegrationTest]: PaymentIntegrationTest does not declare any static, non-private, non-final, nested classes annotated with @Configuration.
2026-10-01 16:39:55.470 INFO  [correlationId=] o.s.b.t.c.SpringBootTestContextBootstrapper - Found @SpringBootConfiguration com.namnguyen.ecommerce_platform.EcommercePlatformApplication for test class com.namnguyen.ecommerce_platform.integration.payment.PaymentIntegrationTest
2026-10-01 16:39:55.471 INFO  [correlationId=] o.s.t.c.s.AnnotationConfigContextLoaderUtils - Could not detect default configuration classes for test class [com.namnguyen.ecommerce_platform.integration.payment.PaymentIntegrationTest]: PaymentIntegrationTest does not declare any static, non-private, non-final, nested classes annotated with @Configuration.
2026-10-01 16:39:55.472 INFO  [correlationId=] o.s.t.c.s.AnnotationConfigContextLoaderUtils - Could not detect default configuration classes for test class [com.namnguyen.ecommerce_platform.integration.BaseIntegrationTest]: BaseIntegrationTest does not declare any static, non-private, non-final, nested classes annotated with @Configuration.
2026-10-01 16:39:55.478 INFO  [correlationId=] o.s.b.t.c.SpringBootTestContextBootstrapper - Found @SpringBootConfiguration com.namnguyen.ecommerce_platform.EcommercePlatformApplication for test class com.namnguyen.ecommerce_platform.integration.payment.PaymentIntegrationTest
2026-10-01 16:39:55.479 WARN  [correlationId=] o.s.b.t.c.SpringBootTestContextBootstrapper - For test class [com.namnguyen.ecommerce_platform.integration.payment.PaymentIntegrationTest], the following 'default' context configuration classes were detected but are currently ignored: com.namnguyen.ecommerce_platform.integration.AbstractIntegrationTestSupport$IntegrationTestConfig. In Spring Framework 7.1, these classes will no longer be ignored. Please update your test configuration accordingly. For details, see: https://docs.spring.io/spring-framework/reference/testing/testcontext-framework/ctx-management/default-config.html
2026-10-01 16:39:55.571 WARN  [correlationId=] c.n.e.c.e.GlobalExceptionHandler - Request failed status=400 method=POST path=/api/orders/1/payments/confirm exception=MethodArgumentTypeMismatchException
2026-10-01 16:39:55.663 DEBUG [correlationId=] c.n.e.p.service.PaymentServiceImpl - Fetching payment orderId=1 userId=1
2026-10-01 16:39:55.666 DEBUG [correlationId=] c.n.e.o.service.OrderLookupService - Fetched order orderId=1 userId=1
2026-10-01 16:39:55.671 WARN  [correlationId=] c.n.e.c.e.GlobalExceptionHandler - Request failed status=404 method=GET path=/api/orders/1/payments exception=NoResourceFoundException
2026-10-01 16:39:55.757 WARN  [correlationId=] c.n.e.c.e.GlobalExceptionHandler - Request argument validation failed status=400 method=POST path=/api/orders/1/payments fieldErrorCount=1
2026-10-01 16:39:55.849 INFO  [correlationId=] c.n.e.p.service.PaymentServiceImpl - Confirming payment orderId=1 userId=1 status=FAILED
2026-10-01 16:39:55.852 DEBUG [correlationId=] c.n.e.o.service.OrderLookupService - Fetched order orderId=1 userId=1
2026-10-01 16:39:55.856 WARN  [correlationId=] c.n.e.c.e.GlobalExceptionHandler - Request failed status=400 method=POST path=/api/orders/1/payments/confirm exception=InvalidPaymentStateException
2026-10-01 16:39:55.950 WARN  [correlationId=] c.n.e.c.e.GlobalExceptionHandler - Request failed status=400 method=PATCH path=/api/orders/1/payments exception=HttpMessageNotReadableException
2026-10-01 16:39:56.039 INFO  [correlationId=] c.n.e.p.service.PaymentServiceImpl - Confirming payment orderId=1 userId=1 status=PENDING
2026-10-01 16:39:56.041 DEBUG [correlationId=] c.n.e.o.service.OrderLookupService - Fetched order orderId=1 userId=1
2026-10-01 16:39:56.044 WARN  [correlationId=] c.n.e.c.e.GlobalExceptionHandler - Request failed status=400 method=POST path=/api/orders/1/payments/confirm exception=InvalidPaymentStateException
2026-10-01 16:39:56.134 INFO  [correlationId=] c.n.e.p.service.PaymentServiceImpl - Updating payment orderId=1 userId=1
2026-10-01 16:39:56.138 DEBUG [correlationId=] c.n.e.o.service.OrderLookupService - Fetched order orderId=1 userId=1
2026-10-01 16:39:56.141 WARN  [correlationId=] c.n.e.c.e.GlobalExceptionHandler - Request failed status=404 method=PATCH path=/api/orders/1/payments exception=NoResourceFoundException
2026-10-01 16:39:56.228 INFO  [correlationId=] c.n.e.p.service.PaymentServiceImpl - Updating payment orderId=1 userId=1
2026-10-01 16:39:56.231 DEBUG [correlationId=] c.n.e.o.service.OrderLookupService - Fetched order orderId=1 userId=1
2026-10-01 16:39:56.233 WARN  [correlationId=] c.n.e.c.e.GlobalExceptionHandler - Request failed status=400 method=PATCH path=/api/orders/1/payments exception=InvalidPaymentStateException
2026-10-01 16:39:56.380 INFO  [correlationId=] c.n.e.p.service.PaymentServiceImpl - Submitting payment orderId=1 userId=2
2026-10-01 16:39:56.383 WARN  [correlationId=] c.n.e.c.e.GlobalExceptionHandler - Request failed status=404 method=POST path=/api/orders/1/payments exception=NoResourceFoundException
2026-10-01 16:39:56.475 DEBUG [correlationId=] c.n.e.p.service.PaymentServiceImpl - Fetching payment orderId=1 userId=1
2026-10-01 16:39:56.478 DEBUG [correlationId=] c.n.e.o.service.OrderLookupService - Fetched order orderId=1 userId=1
2026-10-01 16:39:56.565 INFO  [correlationId=] c.n.e.p.service.PaymentServiceImpl - Submitting payment orderId=1 userId=1
2026-10-01 16:39:56.569 DEBUG [correlationId=] c.n.e.o.service.OrderLookupService - Fetched order orderId=1 userId=1
2026-10-01 16:39:56.570 WARN  [correlationId=] c.n.e.c.e.GlobalExceptionHandler - Request failed status=400 method=POST path=/api/orders/1/payments exception=InvalidOrderStateException
2026-10-01 16:39:56.718 DEBUG [correlationId=] c.n.e.p.service.PaymentServiceImpl - Fetching payment orderId=1 userId=2
2026-10-01 16:39:56.722 WARN  [correlationId=] c.n.e.c.e.GlobalExceptionHandler - Request failed status=404 method=GET path=/api/orders/1/payments exception=NoResourceFoundException
2026-10-01 16:39:56.808 INFO  [correlationId=] c.n.e.p.service.PaymentServiceImpl - Confirming payment orderId=1 userId=1 status=SUCCESS
2026-10-01 16:39:56.812 DEBUG [correlationId=] c.n.e.o.service.OrderLookupService - Fetched order orderId=1 userId=1
2026-10-01 16:39:56.815 WARN  [correlationId=] c.n.e.c.e.GlobalExceptionHandler - Request failed status=400 method=POST path=/api/orders/1/payments/confirm exception=InvalidOrderStateException
2026-10-01 16:39:56.908 INFO  [correlationId=] c.n.e.p.service.PaymentServiceImpl - Confirming payment orderId=1 userId=1 status=SUCCESS
2026-10-01 16:39:56.910 DEBUG [correlationId=] c.n.e.o.service.OrderLookupService - Fetched order orderId=1 userId=1
2026-10-01 16:39:56.912 INFO  [correlationId=] c.n.e.p.service.PaymentServiceImpl - Payment status updated paymentId=1 status=SUCCESS
2026-10-01 16:39:57.007 INFO  [correlationId=] c.n.e.p.service.PaymentServiceImpl - Updating payment orderId=1 userId=1
2026-10-01 16:39:57.011 DEBUG [correlationId=] c.n.e.o.service.OrderLookupService - Fetched order orderId=1 userId=1
2026-10-01 16:39:57.013 INFO  [correlationId=] c.n.e.p.service.PaymentServiceImpl - Payment updated paymentId=1
2026-10-01 16:39:57.095 INFO  [correlationId=] c.n.e.p.service.PaymentServiceImpl - Submitting payment orderId=999999 userId=1
2026-10-01 16:39:57.100 WARN  [correlationId=] c.n.e.c.e.GlobalExceptionHandler - Request failed status=404 method=POST path=/api/orders/999999/payments exception=NoResourceFoundException
2026-10-01 16:39:57.191 INFO  [correlationId=] c.n.e.p.service.PaymentServiceImpl - Submitting payment orderId=1 userId=1
2026-10-01 16:39:57.194 DEBUG [correlationId=] c.n.e.o.service.OrderLookupService - Fetched order orderId=1 userId=1
2026-10-01 16:39:57.199 WARN  [correlationId=] c.n.e.c.e.GlobalExceptionHandler - Request failed status=409 method=POST path=/api/orders/1/payments exception=DuplicateResourceException
2026-10-01 16:39:57.344 INFO  [correlationId=] c.n.e.p.service.PaymentServiceImpl - Updating payment orderId=1 userId=2
2026-10-01 16:39:57.347 WARN  [correlationId=] c.n.e.c.e.GlobalExceptionHandler - Request failed status=404 method=PATCH path=/api/orders/1/payments exception=NoResourceFoundException
2026-10-01 16:39:57.438 INFO  [correlationId=] c.n.e.p.service.PaymentServiceImpl - Confirming payment orderId=1 userId=1 status=FAILED
2026-10-01 16:39:57.441 DEBUG [correlationId=] c.n.e.o.service.OrderLookupService - Fetched order orderId=1 userId=1
2026-10-01 16:39:57.443 INFO  [correlationId=] c.n.e.p.service.PaymentServiceImpl - Payment status updated paymentId=1 status=FAILED
2026-10-01 16:39:57.537 WARN  [correlationId=] c.n.e.c.e.GlobalExceptionHandler - Request failed status=400 method=POST path=/api/orders/1/payments exception=HttpMessageNotReadableException
2026-10-01 16:39:57.624 INFO  [correlationId=] c.n.e.p.service.PaymentServiceImpl - Confirming payment orderId=1 userId=1 status=SUCCESS
2026-10-01 16:39:57.628 DEBUG [correlationId=] c.n.e.o.service.OrderLookupService - Fetched order orderId=1 userId=1
2026-10-01 16:39:57.631 WARN  [correlationId=] c.n.e.c.e.GlobalExceptionHandler - Request failed status=404 method=POST path=/api/orders/1/payments/confirm exception=NoResourceFoundException
2026-10-01 16:39:57.716 INFO  [correlationId=] c.n.e.p.service.PaymentServiceImpl - Submitting payment orderId=1 userId=1
2026-10-01 16:39:57.720 DEBUG [correlationId=] c.n.e.o.service.OrderLookupService - Fetched order orderId=1 userId=1
2026-10-01 16:39:57.724 INFO  [correlationId=] c.n.e.p.service.PaymentServiceImpl - Payment submitted paymentId=1
2026-10-01 16:39:57.878 INFO  [correlationId=] c.n.e.p.service.PaymentServiceImpl - Confirming payment orderId=1 userId=2 status=SUCCESS
2026-10-01 16:39:57.881 WARN  [correlationId=] c.n.e.c.e.GlobalExceptionHandler - Request failed status=404 method=POST path=/api/orders/1/payments/confirm exception=NoResourceFoundException
2026-10-01 16:39:57.890 INFO  [correlationId=] o.s.t.c.s.AnnotationConfigContextLoaderUtils - Could not detect default configuration classes for test class [com.namnguyen.ecommerce_platform.integration.product.ProductIntegrationTest]: ProductIntegrationTest does not declare any static, non-private, non-final, nested classes annotated with @Configuration.
2026-10-01 16:39:57.934 INFO  [correlationId=] o.s.b.t.c.SpringBootTestContextBootstrapper - Found @SpringBootConfiguration com.namnguyen.ecommerce_platform.EcommercePlatformApplication for test class com.namnguyen.ecommerce_platform.integration.product.ProductIntegrationTest
2026-10-01 16:39:57.935 INFO  [correlationId=] o.s.t.c.s.AnnotationConfigContextLoaderUtils - Could not detect default configuration classes for test class [com.namnguyen.ecommerce_platform.integration.product.ProductIntegrationTest]: ProductIntegrationTest does not declare any static, non-private, non-final, nested classes annotated with @Configuration.
2026-10-01 16:39:57.935 INFO  [correlationId=] o.s.t.c.s.AnnotationConfigContextLoaderUtils - Could not detect default configuration classes for test class [com.namnguyen.ecommerce_platform.integration.BaseIntegrationTest]: BaseIntegrationTest does not declare any static, non-private, non-final, nested classes annotated with @Configuration.
2026-10-01 16:39:57.941 INFO  [correlationId=] o.s.b.t.c.SpringBootTestContextBootstrapper - Found @SpringBootConfiguration com.namnguyen.ecommerce_platform.EcommercePlatformApplication for test class com.namnguyen.ecommerce_platform.integration.product.ProductIntegrationTest
2026-10-01 16:39:57.941 WARN  [correlationId=] o.s.b.t.c.SpringBootTestContextBootstrapper - For test class [com.namnguyen.ecommerce_platform.integration.product.ProductIntegrationTest], the following 'default' context configuration classes were detected but are currently ignored: com.namnguyen.ecommerce_platform.integration.AbstractIntegrationTestSupport$IntegrationTestConfig. In Spring Framework 7.1, these classes will no longer be ignored. Please update your test configuration accordingly. For details, see: https://docs.spring.io/spring-framework/reference/testing/testcontext-framework/ctx-management/default-config.html
2026-10-01 16:39:57.990 DEBUG [correlationId=] c.n.e.p.service.ProductServiceImpl - Fetching product productId=1
2026-10-01 16:39:57.993 DEBUG [correlationId=] c.n.e.p.service.ProductLookupService - Fetched product productId=1
2026-10-01 16:39:58.049 DEBUG [correlationId=] c.n.e.p.service.ProductServiceImpl - Fetching products status=ACTIVE page=0 size=10 sort=id: DESC
2026-10-01 16:39:58.097 WARN  [correlationId=] c.n.e.c.e.GlobalExceptionHandler - Request failed status=404 method=DELETE path=/api/products/999999 exception=NoResourceFoundException
2026-10-01 16:39:58.146 INFO  [correlationId=] c.n.e.p.service.ProductServiceImpl - Update product productId=1 name=Test Product update
2026-10-01 16:39:58.148 DEBUG [correlationId=] c.n.e.p.service.ProductLookupService - Fetched product productId=1
2026-10-01 16:39:58.148 INFO  [correlationId=] c.n.e.p.service.ProductServiceImpl - Product updated productId=1 name=Test Product update
2026-10-01 16:39:58.195 DEBUG [correlationId=] c.n.e.p.service.ProductServiceImpl - Fetching products status=null page=0 size=10 sort=id: ASC
2026-10-01 16:39:58.241 DEBUG [correlationId=] c.n.e.p.service.ProductServiceImpl - Fetching products status=null page=0 size=10 sort=id: ASC
2026-10-01 16:39:58.283 DEBUG [correlationId=] c.n.e.p.service.ProductServiceImpl - Fetching products status=ACTIVE page=0 size=10 sort=id: ASC
2026-10-01 16:39:58.317 INFO  [correlationId=] c.n.e.p.service.ProductServiceImpl - Creating product name=Test Product
2026-10-01 16:39:58.320 INFO  [correlationId=] c.n.e.p.service.ProductServiceImpl - Product created productId=1 name=Test Product
2026-10-01 16:39:58.356 INFO  [correlationId=] c.n.e.p.service.ProductServiceImpl - Update product productId=1 name=Test Product update
2026-10-01 16:39:58.358 DEBUG [correlationId=] c.n.e.p.service.ProductLookupService - Fetched product productId=1
2026-10-01 16:39:58.358 INFO  [correlationId=] c.n.e.p.service.ProductServiceImpl - Product updated productId=1 name=Test Product update
2026-10-01 16:39:58.404 DEBUG [correlationId=] c.n.e.p.service.ProductServiceImpl - Fetching products status=null page=0 size=10 sort=id: ASC
2026-10-01 16:39:58.434 DEBUG [correlationId=] c.n.e.p.service.ProductServiceImpl - Fetching product productId=999
2026-10-01 16:39:58.438 WARN  [correlationId=] c.n.e.c.e.GlobalExceptionHandler - Request failed status=404 method=GET path=/api/products/999 exception=NoResourceFoundException
2026-10-01 16:39:58.469 DEBUG [correlationId=] c.n.e.p.service.ProductLookupService - Fetched product productId=1
2026-10-01 16:39:58.470 INFO  [correlationId=] c.n.e.p.service.ProductServiceImpl - Product deleted productId=1
2026-10-01 16:39:58.510 INFO  [correlationId=] c.n.e.p.service.ProductServiceImpl - Patching product productId=999999
2026-10-01 16:39:58.515 WARN  [correlationId=] c.n.e.c.e.GlobalExceptionHandler - Request failed status=404 method=PATCH path=/api/products/999999 exception=NoResourceFoundException
2026-10-01 16:39:58.560 DEBUG [correlationId=] c.n.e.p.service.ProductServiceImpl - Fetching products status=null page=1 size=2 sort=id: ASC
2026-10-01 16:39:58.594 INFO  [correlationId=] c.n.e.p.service.ProductServiceImpl - Patching product productId=1
2026-10-01 16:39:58.596 DEBUG [correlationId=] c.n.e.p.service.ProductLookupService - Fetched product productId=1
2026-10-01 16:39:58.596 INFO  [correlationId=] c.n.e.p.service.ProductServiceImpl - Product patched productId=1 name=Test Product update
2026-10-01 16:39:58.641 DEBUG [correlationId=] c.n.e.p.service.ProductServiceImpl - Fetching products status=null page=0 size=10 sort=id: ASC
2026-10-01 16:39:58.672 INFO  [correlationId=] c.n.e.p.service.ProductServiceImpl - Creating product name=Test Product
2026-10-01 16:39:58.677 INFO  [correlationId=] c.n.e.p.service.ProductServiceImpl - Product created productId=1 name=Test Product
2026-10-01 16:39:58.711 INFO  [correlationId=] c.n.e.p.service.ProductServiceImpl - Patching product productId=1
2026-10-01 16:39:58.713 DEBUG [correlationId=] c.n.e.p.service.ProductLookupService - Fetched product productId=1
2026-10-01 16:39:58.713 INFO  [correlationId=] c.n.e.p.service.ProductServiceImpl - Product patched productId=1 name=Test Product update
2026-10-01 16:39:58.772 DEBUG [correlationId=] c.n.e.p.service.ProductServiceImpl - Fetching products status=null page=0 size=10 sort=id: DESC
2026-10-01 16:39:58.816 INFO  [correlationId=] c.n.e.p.service.ProductServiceImpl - Update product productId=999999 name=Test Product update
2026-10-01 16:39:58.823 WARN  [correlationId=] c.n.e.c.e.GlobalExceptionHandler - Request failed status=404 method=PUT path=/api/products/999999 exception=NoResourceFoundException
2026-10-01 16:39:58.835 INFO  [correlationId=] o.s.t.c.s.AnnotationConfigContextLoaderUtils - Could not detect default configuration classes for test class [com.namnguyen.ecommerce_platform.integration.security.AuthSecurityIntegrationTest]: AuthSecurityIntegrationTest does not declare any static, non-private, non-final, nested classes annotated with @Configuration.
2026-10-01 16:39:58.919 INFO  [correlationId=] o.s.b.t.c.SpringBootTestContextBootstrapper - Found @SpringBootConfiguration com.namnguyen.ecommerce_platform.EcommercePlatformApplication for test class com.namnguyen.ecommerce_platform.integration.security.AuthSecurityIntegrationTest
2026-10-01 16:39:58.921 INFO  [correlationId=] o.s.t.c.s.AnnotationConfigContextLoaderUtils - Could not detect default configuration classes for test class [com.namnguyen.ecommerce_platform.integration.security.AuthSecurityIntegrationTest]: AuthSecurityIntegrationTest does not declare any static, non-private, non-final, nested classes annotated with @Configuration.
2026-10-01 16:39:58.922 INFO  [correlationId=] o.s.t.c.s.AnnotationConfigContextLoaderUtils - Could not detect default configuration classes for test class [com.namnguyen.ecommerce_platform.integration.BaseSecurityIntegrationTest]: BaseSecurityIntegrationTest does not declare any static, non-private, non-final, nested classes annotated with @Configuration.
2026-10-01 16:39:58.938 INFO  [correlationId=] o.s.b.t.c.SpringBootTestContextBootstrapper - Found @SpringBootConfiguration com.namnguyen.ecommerce_platform.EcommercePlatformApplication for test class com.namnguyen.ecommerce_platform.integration.security.AuthSecurityIntegrationTest
2026-10-01 16:39:58.939 WARN  [correlationId=] o.s.b.t.c.SpringBootTestContextBootstrapper - For test class [com.namnguyen.ecommerce_platform.integration.security.AuthSecurityIntegrationTest], the following 'default' context configuration classes were detected but are currently ignored: com.namnguyen.ecommerce_platform.integration.AbstractIntegrationTestSupport$IntegrationTestConfig. In Spring Framework 7.1, these classes will no longer be ignored. Please update your test configuration accordingly. For details, see: https://docs.spring.io/spring-framework/reference/testing/testcontext-framework/ctx-management/default-config.html
2026-10-01 16:39:59.017 INFO  [correlationId=] c.n.e.i.s.AuthSecurityIntegrationTest - Starting AuthSecurityIntegrationTest using Java 24 with PID 29976 (started by Nam Nguyen in C:\Programming\PersonalProject\EcommercePlatformProject)
2026-10-01 16:39:59.017 DEBUG [correlationId=] c.n.e.i.s.AuthSecurityIntegrationTest - Running with Spring Boot v4.1.0, Spring v7.0.8
2026-10-01 16:39:59.017 INFO  [correlationId=] c.n.e.i.s.AuthSecurityIntegrationTest - The following 1 profile is active: "test"
2026-10-01 16:39:59.438 INFO  [correlationId=] o.s.d.r.c.RepositoryConfigurationDelegate - Multiple Spring Data modules found, entering strict repository configuration mode
2026-10-01 16:39:59.438 INFO  [correlationId=] o.s.d.r.c.RepositoryConfigurationDelegate - Bootstrapping Spring Data JPA repositories in DEFAULT mode.
2026-10-01 16:39:59.535 INFO  [correlationId=] o.s.d.r.c.RepositoryConfigurationDelegate - Finished Spring Data repository scanning in 93 ms. Found 6 JPA repository interfaces.
2026-10-01 16:39:59.538 INFO  [correlationId=] o.s.d.r.c.RepositoryConfigurationDelegate - Multiple Spring Data modules found, entering strict repository configuration mode
2026-10-01 16:39:59.538 INFO  [correlationId=] o.s.d.r.c.RepositoryConfigurationDelegate - Bootstrapping Spring Data Redis repositories in DEFAULT mode.
2026-10-01 16:39:59.586 INFO  [correlationId=] o.s.d.r.c.RepositoryConfigurationExtensionSupport - Spring Data Redis - Could not safely identify store assignment for repository candidate interface com.namnguyen.ecommerce_platform.cart.repository.CartItemRepository; If you want this repository to be a Redis repository, consider annotating your entities with one of these annotations: org.springframework.data.redis.core.RedisHash (preferred), or consider extending one of the following types with your repository: org.springframework.data.keyvalue.repository.KeyValueRepository
2026-10-01 16:39:59.586 INFO  [correlationId=] o.s.d.r.c.RepositoryConfigurationExtensionSupport - Spring Data Redis - Could not safely identify store assignment for repository candidate interface com.namnguyen.ecommerce_platform.cart.repository.CartRepository; If you want this repository to be a Redis repository, consider annotating your entities with one of these annotations: org.springframework.data.redis.core.RedisHash (preferred), or consider extending one of the following types with your repository: org.springframework.data.keyvalue.repository.KeyValueRepository
2026-10-01 16:39:59.586 INFO  [correlationId=] o.s.d.r.c.RepositoryConfigurationExtensionSupport - Spring Data Redis - Could not safely identify store assignment for repository candidate interface com.namnguyen.ecommerce_platform.order.repository.OrderRepository; If you want this repository to be a Redis repository, consider annotating your entities with one of these annotations: org.springframework.data.redis.core.RedisHash (preferred), or consider extending one of the following types with your repository: org.springframework.data.keyvalue.repository.KeyValueRepository
2026-10-01 16:39:59.586 INFO  [correlationId=] o.s.d.r.c.RepositoryConfigurationExtensionSupport - Spring Data Redis - Could not safely identify store assignment for repository candidate interface com.namnguyen.ecommerce_platform.payment.repository.PaymentRepository; If you want this repository to be a Redis repository, consider annotating your entities with one of these annotations: org.springframework.data.redis.core.RedisHash (preferred), or consider extending one of the following types with your repository: org.springframework.data.keyvalue.repository.KeyValueRepository
2026-10-01 16:39:59.586 INFO  [correlationId=] o.s.d.r.c.RepositoryConfigurationExtensionSupport - Spring Data Redis - Could not safely identify store assignment for repository candidate interface com.namnguyen.ecommerce_platform.product.repository.ProductRepository; If you want this repository to be a Redis repository, consider annotating your entities with one of these annotations: org.springframework.data.redis.core.RedisHash (preferred), or consider extending one of the following types with your repository: org.springframework.data.keyvalue.repository.KeyValueRepository
2026-10-01 16:39:59.586 INFO  [correlationId=] o.s.d.r.c.RepositoryConfigurationExtensionSupport - Spring Data Redis - Could not safely identify store assignment for repository candidate interface com.namnguyen.ecommerce_platform.user.repository.UserRepository; If you want this repository to be a Redis repository, consider annotating your entities with one of these annotations: org.springframework.data.redis.core.RedisHash (preferred), or consider extending one of the following types with your repository: org.springframework.data.keyvalue.repository.KeyValueRepository
2026-10-01 16:39:59.586 INFO  [correlationId=] o.s.d.r.c.RepositoryConfigurationDelegate - Finished Spring Data repository scanning in 45 ms. Found 0 Redis repository interfaces.
2026-10-01 16:39:59.757 INFO  [correlationId=] tc.postgres:16-alpine - Creating container for image: postgres:16-alpine
2026-10-01 16:39:59.834 INFO  [correlationId=] tc.postgres:16-alpine - Container postgres:16-alpine is starting: 0ee4958b771ce1d6547481446d0984c80a0d7e63c0ba49cc82b4fd08c9ba0a87
2026-10-01 16:40:01.681 INFO  [correlationId=] tc.postgres:16-alpine - Container postgres:16-alpine started in PT1.9241569S
2026-10-01 16:40:01.681 INFO  [correlationId=] tc.postgres:16-alpine - Container is started (JDBC URL: jdbc:postgresql://localhost:56918/test?loggerLevel=OFF)
2026-10-01 16:40:01.799 INFO  [correlationId=] org.hibernate.orm.jpa - HHH008540: Processing PersistenceUnitInfo [name: default]
2026-10-01 16:40:01.831 INFO  [correlationId=] o.s.o.j.p.SpringPersistenceUnitInfo - No LoadTimeWeaver setup: ignoring JPA class transformer
2026-10-01 16:40:01.833 INFO  [correlationId=] com.zaxxer.hikari.HikariDataSource - HikariPool-2 - Starting...
2026-10-01 16:40:01.864 INFO  [correlationId=] com.zaxxer.hikari.pool.HikariPool - HikariPool-2 - Added connection org.postgresql.jdbc.PgConnection@188da0e2
2026-10-01 16:40:01.864 INFO  [correlationId=] com.zaxxer.hikari.HikariDataSource - HikariPool-2 - Start completed.
2026-10-01 16:40:01.884 INFO  [correlationId=] o.hibernate.orm.connections.pooling - HHH10001005: Database info:
	Database JDBC URL [jdbc:postgresql://localhost:56918/test?loggerLevel=OFF]
	Database driver: PostgreSQL JDBC Driver
	Database dialect: PostgreSQLDialect
	Database version: 16.15
	Default catalog/schema: test/public
	Autocommit mode: undefined/unknown
	Isolation level: READ_COMMITTED [default READ_COMMITTED]
	JDBC fetch size: none
	Pool: DataSourceConnectionProvider
	Minimum pool size: undefined/unknown
	Maximum pool size: undefined/unknown
2026-10-01 16:40:02.048 INFO  [correlationId=] org.hibernate.orm.core - HHH000489: No JTA platform available (set 'hibernate.transaction.jta.platform' to enable JTA platform integration)
2026-10-01 16:40:02.179 INFO  [correlationId=] o.s.o.j.LocalContainerEntityManagerFactoryBean - Initialized JPA EntityManagerFactory for persistence unit 'default'
2026-10-01 16:40:02.255 INFO  [correlationId=] o.s.s.c.a.a.c.InitializeAuthenticationProviderBeanManagerConfigurer$InitializeAuthenticationProviderManagerConfigurer - Global AuthenticationManager configured with AuthenticationProvider bean with name authenticationProvider
2026-10-01 16:40:02.256 WARN  [correlationId=] o.s.s.c.a.a.c.InitializeUserDetailsBeanManagerConfigurer$InitializeUserDetailsManagerConfigurer - Global AuthenticationManager configured with an AuthenticationProvider bean. UserDetailsService beans will not be used by Spring Security for automatically configuring username/password login. Consider removing the AuthenticationProvider bean. Alternatively, consider using the UserDetailsService in a manually instantiated DaoAuthenticationProvider. If the current configuration is intentional, to turn off this warning, increase the logging level of 'org.springframework.security.config.annotation.authentication.configuration.InitializeUserDetailsBeanManagerConfigurer' to ERROR
2026-10-01 16:40:02.800 DEBUG [correlationId=] c.n.e.c.logging.CorrelationIdFilter - Filter 'correlationIdFilter' configured for use
2026-10-01 16:40:02.800 DEBUG [correlationId=] c.n.e.c.l.HttpRequestLoggingFilter - Filter 'httpRequestLoggingFilter' configured for use
2026-10-01 16:40:02.800 DEBUG [correlationId=] c.n.e.c.rate_limit.RateLimitFilter - Filter 'rateLimitFilter' configured for use
2026-10-01 16:40:02.800 DEBUG [correlationId=] c.n.e.s.jwt.JwtAuthenticationFilter - Filter 'jwtAuthenticationFilter' configured for use
2026-10-01 16:40:02.801 INFO  [correlationId=] o.s.b.t.m.w.SpringBootMockServletContext - Initializing Spring TestDispatcherServlet ''
2026-10-01 16:40:02.801 INFO  [correlationId=] o.s.t.w.s.TestDispatcherServlet - Initializing Servlet ''
2026-10-01 16:40:02.810 INFO  [correlationId=] o.s.b.a.e.web.EndpointLinksResolver - Exposing 3 endpoints beneath base path '/actuator'
2026-10-01 16:40:02.818 INFO  [correlationId=] o.s.t.w.s.TestDispatcherServlet - Completed initialization in 17 ms
2026-10-01 16:40:02.871 INFO  [correlationId=] c.n.e.i.s.AuthSecurityIntegrationTest - Started AuthSecurityIntegrationTest in 3.916 seconds (process running for 33.502)
2026-10-01 16:40:02.981 INFO  [correlationId=82772cf2-44d1-4ab3-9935-1f0f8c157ac8] c.n.e.c.l.HttpRequestLoggingFilter - Request started method=POST path=/api/auth/login
2026-10-01 16:40:03.133 INFO  [correlationId=82772cf2-44d1-4ab3-9935-1f0f8c157ac8] c.n.e.auth.service.AuthServiceImpl - User logged in userId=1
2026-10-01 16:40:03.135 INFO  [correlationId=82772cf2-44d1-4ab3-9935-1f0f8c157ac8] c.n.e.c.l.HttpRequestLoggingFilter - Request completed method=POST path=/api/auth/login status=200 durationMs=154
2026-10-01 16:40:03.220 INFO  [correlationId=22f2bdf4-5233-4904-8465-977734e411be] c.n.e.c.l.HttpRequestLoggingFilter - Request started method=POST path=/api/auth/login
2026-10-01 16:40:03.322 INFO  [correlationId=22f2bdf4-5233-4904-8465-977734e411be] c.n.e.auth.service.AuthServiceImpl - User logged in userId=1
2026-10-01 16:40:03.323 INFO  [correlationId=22f2bdf4-5233-4904-8465-977734e411be] c.n.e.c.l.HttpRequestLoggingFilter - Request completed method=POST path=/api/auth/login status=200 durationMs=103
2026-10-01 16:40:03.352 INFO  [correlationId=caa7b8ec-a9d9-451c-983c-486064a84670] c.n.e.c.l.HttpRequestLoggingFilter - Request started method=POST path=/api/auth/register
2026-10-01 16:40:03.368 INFO  [correlationId=caa7b8ec-a9d9-451c-983c-486064a84670] c.n.e.user.service.UserServiceImpl - Creating user role=CUSTOMER
2026-10-01 16:40:03.422 INFO  [correlationId=caa7b8ec-a9d9-451c-983c-486064a84670] c.n.e.user.service.UserServiceImpl - User created userId=1 role=CUSTOMER
2026-10-01 16:40:03.428 INFO  [correlationId=caa7b8ec-a9d9-451c-983c-486064a84670] c.n.e.auth.service.AuthServiceImpl - User registered userId=1
2026-10-01 16:40:03.431 INFO  [correlationId=caa7b8ec-a9d9-451c-983c-486064a84670] c.n.e.c.l.HttpRequestLoggingFilter - Request completed method=POST path=/api/auth/register status=201 durationMs=79
2026-10-01 16:40:03.436 INFO  [correlationId=] o.s.t.c.s.AnnotationConfigContextLoaderUtils - Could not detect default configuration classes for test class [com.namnguyen.ecommerce_platform.integration.security.CartSecurityIntegrationTest]: CartSecurityIntegrationTest does not declare any static, non-private, non-final, nested classes annotated with @Configuration.
2026-10-01 16:40:03.446 INFO  [correlationId=] o.s.b.t.c.SpringBootTestContextBootstrapper - Found @SpringBootConfiguration com.namnguyen.ecommerce_platform.EcommercePlatformApplication for test class com.namnguyen.ecommerce_platform.integration.security.CartSecurityIntegrationTest
2026-10-01 16:40:03.447 INFO  [correlationId=] o.s.t.c.s.AnnotationConfigContextLoaderUtils - Could not detect default configuration classes for test class [com.namnguyen.ecommerce_platform.integration.security.CartSecurityIntegrationTest]: CartSecurityIntegrationTest does not declare any static, non-private, non-final, nested classes annotated with @Configuration.
2026-10-01 16:40:03.447 INFO  [correlationId=] o.s.t.c.s.AnnotationConfigContextLoaderUtils - Could not detect default configuration classes for test class [com.namnguyen.ecommerce_platform.integration.BaseSecurityIntegrationTest]: BaseSecurityIntegrationTest does not declare any static, non-private, non-final, nested classes annotated with @Configuration.
2026-10-01 16:40:03.454 INFO  [correlationId=] o.s.b.t.c.SpringBootTestContextBootstrapper - Found @SpringBootConfiguration com.namnguyen.ecommerce_platform.EcommercePlatformApplication for test class com.namnguyen.ecommerce_platform.integration.security.CartSecurityIntegrationTest
2026-10-01 16:40:03.455 WARN  [correlationId=] o.s.b.t.c.SpringBootTestContextBootstrapper - For test class [com.namnguyen.ecommerce_platform.integration.security.CartSecurityIntegrationTest], the following 'default' context configuration classes were detected but are currently ignored: com.namnguyen.ecommerce_platform.integration.AbstractIntegrationTestSupport$IntegrationTestConfig. In Spring Framework 7.1, these classes will no longer be ignored. Please update your test configuration accordingly. For details, see: https://docs.spring.io/spring-framework/reference/testing/testcontext-framework/ctx-management/default-config.html
2026-10-01 16:40:03.480 INFO  [correlationId=9f63fd06-234b-432d-bd8f-b60c2c6639bb] c.n.e.c.l.HttpRequestLoggingFilter - Request started method=DELETE path=/api/cart
2026-10-01 16:40:03.486 INFO  [correlationId=9f63fd06-234b-432d-bd8f-b60c2c6639bb] c.n.e.c.l.HttpRequestLoggingFilter - Request completed method=DELETE path=/api/cart status=401 durationMs=6
2026-10-01 16:40:03.511 INFO  [correlationId=689e7ae7-4d75-4bc0-a478-4019b68bbe28] c.n.e.c.l.HttpRequestLoggingFilter - Request started method=DELETE path=/api/cart/items/1
2026-10-01 16:40:03.514 INFO  [correlationId=689e7ae7-4d75-4bc0-a478-4019b68bbe28] c.n.e.c.l.HttpRequestLoggingFilter - Request completed method=DELETE path=/api/cart/items/1 status=401 durationMs=2
2026-10-01 16:40:03.607 INFO  [correlationId=f2f96d17-280f-4b0f-ae28-aa046b1056ef] c.n.e.c.l.HttpRequestLoggingFilter - Request started method=POST path=/api/auth/login
2026-10-01 16:40:03.669 INFO  [correlationId=f2f96d17-280f-4b0f-ae28-aa046b1056ef] c.n.e.auth.service.AuthServiceImpl - User logged in userId=1
2026-10-01 16:40:03.670 INFO  [correlationId=f2f96d17-280f-4b0f-ae28-aa046b1056ef] c.n.e.c.l.HttpRequestLoggingFilter - Request completed method=POST path=/api/auth/login status=200 durationMs=62
2026-10-01 16:40:03.672 INFO  [correlationId=d0cc33de-4aa7-4eef-afd4-07cea2200ade] c.n.e.c.l.HttpRequestLoggingFilter - Request started method=DELETE path=/api/cart/items/1
2026-10-01 16:40:03.714 DEBUG [correlationId=d0cc33de-4aa7-4eef-afd4-07cea2200ade] c.n.e.cart.service.CartLookupService - Fetched cart cartId=1 userId=1
2026-10-01 16:40:03.714 INFO  [correlationId=d0cc33de-4aa7-4eef-afd4-07cea2200ade] c.n.e.cart.service.CartServiceImpl - Removing cart item cartId=1 productId=1 userId=1
2026-10-01 16:40:03.720 DEBUG [correlationId=d0cc33de-4aa7-4eef-afd4-07cea2200ade] c.n.e.cart.service.CartServiceImpl - Fetched cart item cartItemId=1 cartId=1 userId=1
2026-10-01 16:40:03.722 INFO  [correlationId=d0cc33de-4aa7-4eef-afd4-07cea2200ade] c.n.e.cart.service.CartServiceImpl - Cart item removed cartId=1 productId=1 userId=1
2026-10-01 16:40:03.730 INFO  [correlationId=d0cc33de-4aa7-4eef-afd4-07cea2200ade] c.n.e.c.l.HttpRequestLoggingFilter - Request completed method=DELETE path=/api/cart/items/1 status=200 durationMs=58
2026-10-01 16:40:03.755 INFO  [correlationId=0f8d4eeb-1f6a-4c5e-ba36-b83bfe5c96dd] c.n.e.c.l.HttpRequestLoggingFilter - Request started method=PATCH path=/api/cart/items/1
2026-10-01 16:40:03.758 INFO  [correlationId=0f8d4eeb-1f6a-4c5e-ba36-b83bfe5c96dd] c.n.e.c.l.HttpRequestLoggingFilter - Request completed method=PATCH path=/api/cart/items/1 status=401 durationMs=2
2026-10-01 16:40:03.856 INFO  [correlationId=f135c7ee-6657-4fc7-85ee-6d837e22c0b3] c.n.e.c.l.HttpRequestLoggingFilter - Request started method=POST path=/api/auth/login
2026-10-01 16:40:03.916 INFO  [correlationId=f135c7ee-6657-4fc7-85ee-6d837e22c0b3] c.n.e.auth.service.AuthServiceImpl - User logged in userId=1
2026-10-01 16:40:03.917 INFO  [correlationId=f135c7ee-6657-4fc7-85ee-6d837e22c0b3] c.n.e.c.l.HttpRequestLoggingFilter - Request completed method=POST path=/api/auth/login status=200 durationMs=61
2026-10-01 16:40:03.918 INFO  [correlationId=08e2499f-fde1-4c58-bba9-4795bc952346] c.n.e.c.l.HttpRequestLoggingFilter - Request started method=PATCH path=/api/cart/items/1
2026-10-01 16:40:03.930 DEBUG [correlationId=08e2499f-fde1-4c58-bba9-4795bc952346] c.n.e.cart.service.CartLookupService - Fetched cart cartId=1 userId=1
2026-10-01 16:40:03.930 INFO  [correlationId=08e2499f-fde1-4c58-bba9-4795bc952346] c.n.e.cart.service.CartServiceImpl - Updating cart item quantity cartId=1 productId=1 quantity=10 userId=1
2026-10-01 16:40:03.933 DEBUG [correlationId=08e2499f-fde1-4c58-bba9-4795bc952346] c.n.e.cart.service.CartServiceImpl - Fetched cart item cartItemId=1 cartId=1 userId=1
2026-10-01 16:40:03.936 DEBUG [correlationId=08e2499f-fde1-4c58-bba9-4795bc952346] c.n.e.p.service.ProductLookupService - Fetched product productId=1
2026-10-01 16:40:03.936 INFO  [correlationId=08e2499f-fde1-4c58-bba9-4795bc952346] c.n.e.cart.service.CartServiceImpl - Cart item quantity updated cartId=1 productId=1 quantity=10 userId=1
2026-10-01 16:40:03.943 INFO  [correlationId=08e2499f-fde1-4c58-bba9-4795bc952346] c.n.e.c.l.HttpRequestLoggingFilter - Request completed method=PATCH path=/api/cart/items/1 status=200 durationMs=24
2026-10-01 16:40:03.968 INFO  [correlationId=69f31505-6b63-45af-b7b9-82578367aa12] c.n.e.c.l.HttpRequestLoggingFilter - Request started method=GET path=/api/cart
2026-10-01 16:40:03.969 INFO  [correlationId=69f31505-6b63-45af-b7b9-82578367aa12] c.n.e.c.l.HttpRequestLoggingFilter - Request completed method=GET path=/api/cart status=401 durationMs=1
2026-10-01 16:40:03.995 INFO  [correlationId=43b77867-b4ae-45f1-b24a-c8f57622b1cd] c.n.e.c.l.HttpRequestLoggingFilter - Request started method=GET path=/api/cart
2026-10-01 16:40:03.997 INFO  [correlationId=43b77867-b4ae-45f1-b24a-c8f57622b1cd] c.n.e.c.l.HttpRequestLoggingFilter - Request completed method=GET path=/api/cart status=401 durationMs=2
2026-10-01 16:40:04.096 INFO  [correlationId=b523dce9-9649-4d08-9136-dea5e3dd0287] c.n.e.c.l.HttpRequestLoggingFilter - Request started method=POST path=/api/auth/login
2026-10-01 16:40:04.155 INFO  [correlationId=b523dce9-9649-4d08-9136-dea5e3dd0287] c.n.e.auth.service.AuthServiceImpl - User logged in userId=1
2026-10-01 16:40:04.155 INFO  [correlationId=b523dce9-9649-4d08-9136-dea5e3dd0287] c.n.e.c.l.HttpRequestLoggingFilter - Request completed method=POST path=/api/auth/login status=200 durationMs=60
2026-10-01 16:40:04.156 INFO  [correlationId=b3164cc5-33e5-4820-a89b-c4f4bfc6bc94] c.n.e.c.l.HttpRequestLoggingFilter - Request started method=DELETE path=/api/cart
2026-10-01 16:40:04.164 DEBUG [correlationId=b3164cc5-33e5-4820-a89b-c4f4bfc6bc94] c.n.e.cart.service.CartLookupService - Fetched cart cartId=1 userId=1
2026-10-01 16:40:04.164 INFO  [correlationId=b3164cc5-33e5-4820-a89b-c4f4bfc6bc94] c.n.e.cart.service.CartServiceImpl - Clearing cart cartId=1 userId=1
2026-10-01 16:40:04.166 INFO  [correlationId=b3164cc5-33e5-4820-a89b-c4f4bfc6bc94] c.n.e.cart.service.CartServiceImpl - Cart cleared cartId=1 userId=1
2026-10-01 16:40:04.169 INFO  [correlationId=b3164cc5-33e5-4820-a89b-c4f4bfc6bc94] c.n.e.c.l.HttpRequestLoggingFilter - Request completed method=DELETE path=/api/cart status=200 durationMs=12
2026-10-01 16:40:04.193 INFO  [correlationId=32096659-70ba-47ce-a32d-7ee023226261] c.n.e.c.l.HttpRequestLoggingFilter - Request started method=POST path=/api/cart/items
2026-10-01 16:40:04.194 INFO  [correlationId=32096659-70ba-47ce-a32d-7ee023226261] c.n.e.c.l.HttpRequestLoggingFilter - Request completed method=POST path=/api/cart/items status=401 durationMs=1
2026-10-01 16:40:04.306 INFO  [correlationId=df5296c2-e2ed-48d2-a0f5-4f472a8bd1ca] c.n.e.c.l.HttpRequestLoggingFilter - Request started method=POST path=/api/auth/login
2026-10-01 16:40:04.368 INFO  [correlationId=df5296c2-e2ed-48d2-a0f5-4f472a8bd1ca] c.n.e.auth.service.AuthServiceImpl - User logged in userId=1
2026-10-01 16:40:04.369 INFO  [correlationId=df5296c2-e2ed-48d2-a0f5-4f472a8bd1ca] c.n.e.c.l.HttpRequestLoggingFilter - Request completed method=POST path=/api/auth/login status=200 durationMs=63
2026-10-01 16:40:04.371 INFO  [correlationId=cb7d503d-6fea-4cc8-846e-3f9c8fd3bb0c] c.n.e.c.l.HttpRequestLoggingFilter - Request started method=GET path=/api/cart
2026-10-01 16:40:04.380 DEBUG [correlationId=cb7d503d-6fea-4cc8-846e-3f9c8fd3bb0c] c.n.e.user.service.UserLookupService - Fetched user userId=1
2026-10-01 16:40:04.386 INFO  [correlationId=cb7d503d-6fea-4cc8-846e-3f9c8fd3bb0c] c.n.e.cart.service.CartServiceImpl - User cart created cartId=1 userId=1
2026-10-01 16:40:04.386 DEBUG [correlationId=cb7d503d-6fea-4cc8-846e-3f9c8fd3bb0c] c.n.e.cart.service.CartServiceImpl - Fetched user cart cartId=1 userId=1
2026-10-01 16:40:04.388 INFO  [correlationId=cb7d503d-6fea-4cc8-846e-3f9c8fd3bb0c] c.n.e.c.l.HttpRequestLoggingFilter - Request completed method=GET path=/api/cart status=200 durationMs=17
2026-10-01 16:40:04.482 INFO  [correlationId=fddebc38-c28d-4e8c-9528-ff6d7b7bced4] c.n.e.c.l.HttpRequestLoggingFilter - Request started method=POST path=/api/auth/login
2026-10-01 16:40:04.549 INFO  [correlationId=fddebc38-c28d-4e8c-9528-ff6d7b7bced4] c.n.e.auth.service.AuthServiceImpl - User logged in userId=1
2026-10-01 16:40:04.550 INFO  [correlationId=fddebc38-c28d-4e8c-9528-ff6d7b7bced4] c.n.e.c.l.HttpRequestLoggingFilter - Request completed method=POST path=/api/auth/login status=200 durationMs=69
2026-10-01 16:40:04.551 INFO  [correlationId=827bbe80-4357-45d7-b0bc-7840d96deac9] c.n.e.c.l.HttpRequestLoggingFilter - Request started method=POST path=/api/cart/items
2026-10-01 16:40:04.566 DEBUG [correlationId=827bbe80-4357-45d7-b0bc-7840d96deac9] c.n.e.user.service.UserLookupService - Fetched user userId=1
2026-10-01 16:40:04.570 INFO  [correlationId=827bbe80-4357-45d7-b0bc-7840d96deac9] c.n.e.cart.service.CartServiceImpl - User cart created cartId=1 userId=1
2026-10-01 16:40:04.570 DEBUG [correlationId=827bbe80-4357-45d7-b0bc-7840d96deac9] c.n.e.cart.service.CartServiceImpl - Fetched user cart cartId=1 userId=1
2026-10-01 16:40:04.572 DEBUG [correlationId=827bbe80-4357-45d7-b0bc-7840d96deac9] c.n.e.p.service.ProductLookupService - Fetched product productId=1
2026-10-01 16:40:04.572 INFO  [correlationId=827bbe80-4357-45d7-b0bc-7840d96deac9] c.n.e.cart.service.CartServiceImpl - Adding cart item cartId=1 productId=1 quantity=10 userId=1
2026-10-01 16:40:04.577 INFO  [correlationId=827bbe80-4357-45d7-b0bc-7840d96deac9] c.n.e.cart.service.CartServiceImpl - Cart item added cartItemId=1 cartId=1 productId=1 quantity=10 userId=1
2026-10-01 16:40:04.580 INFO  [correlationId=827bbe80-4357-45d7-b0bc-7840d96deac9] c.n.e.c.l.HttpRequestLoggingFilter - Request completed method=POST path=/api/cart/items status=201 durationMs=27
2026-10-01 16:40:04.584 INFO  [correlationId=] o.s.t.c.s.AnnotationConfigContextLoaderUtils - Could not detect default configuration classes for test class [com.namnguyen.ecommerce_platform.integration.security.JwtSecurityIntegrationTest]: JwtSecurityIntegrationTest does not declare any static, non-private, non-final, nested classes annotated with @Configuration.
2026-10-01 16:40:04.593 INFO  [correlationId=] o.s.b.t.c.SpringBootTestContextBootstrapper - Found @SpringBootConfiguration com.namnguyen.ecommerce_platform.EcommercePlatformApplication for test class com.namnguyen.ecommerce_platform.integration.security.JwtSecurityIntegrationTest
2026-10-01 16:40:04.594 INFO  [correlationId=] o.s.t.c.s.AnnotationConfigContextLoaderUtils - Could not detect default configuration classes for test class [com.namnguyen.ecommerce_platform.integration.security.JwtSecurityIntegrationTest]: JwtSecurityIntegrationTest does not declare any static, non-private, non-final, nested classes annotated with @Configuration.
2026-10-01 16:40:04.594 INFO  [correlationId=] o.s.t.c.s.AnnotationConfigContextLoaderUtils - Could not detect default configuration classes for test class [com.namnguyen.ecommerce_platform.integration.BaseSecurityIntegrationTest]: BaseSecurityIntegrationTest does not declare any static, non-private, non-final, nested classes annotated with @Configuration.
2026-10-01 16:40:04.602 INFO  [correlationId=] o.s.b.t.c.SpringBootTestContextBootstrapper - Found @SpringBootConfiguration com.namnguyen.ecommerce_platform.EcommercePlatformApplication for test class com.namnguyen.ecommerce_platform.integration.security.JwtSecurityIntegrationTest
2026-10-01 16:40:04.602 WARN  [correlationId=] o.s.b.t.c.SpringBootTestContextBootstrapper - For test class [com.namnguyen.ecommerce_platform.integration.security.JwtSecurityIntegrationTest], the following 'default' context configuration classes were detected but are currently ignored: com.namnguyen.ecommerce_platform.integration.AbstractIntegrationTestSupport$IntegrationTestConfig. In Spring Framework 7.1, these classes will no longer be ignored. Please update your test configuration accordingly. For details, see: https://docs.spring.io/spring-framework/reference/testing/testcontext-framework/ctx-management/default-config.html
2026-10-01 16:40:04.627 INFO  [correlationId=1659763a-4b08-4320-9904-c4a527ccf719] c.n.e.c.l.HttpRequestLoggingFilter - Request started method=POST path=/api/products
2026-10-01 16:40:04.630 INFO  [correlationId=1659763a-4b08-4320-9904-c4a527ccf719] c.n.e.c.l.HttpRequestLoggingFilter - Request completed method=POST path=/api/products status=401 durationMs=2
2026-10-01 16:40:04.708 INFO  [correlationId=2c3d735b-eff0-4a6f-a9e2-184e25a7b1eb] c.n.e.c.l.HttpRequestLoggingFilter - Request started method=POST path=/api/auth/login
2026-10-01 16:40:04.765 INFO  [correlationId=2c3d735b-eff0-4a6f-a9e2-184e25a7b1eb] c.n.e.auth.service.AuthServiceImpl - User logged in userId=1
2026-10-01 16:40:04.765 INFO  [correlationId=2c3d735b-eff0-4a6f-a9e2-184e25a7b1eb] c.n.e.c.l.HttpRequestLoggingFilter - Request completed method=POST path=/api/auth/login status=200 durationMs=57
2026-10-01 16:40:04.767 INFO  [correlationId=e8ecf0d8-96f0-4ba7-8c72-f93fb7e7d927] c.n.e.c.l.HttpRequestLoggingFilter - Request started method=POST path=/api/products
2026-10-01 16:40:04.768 INFO  [correlationId=e8ecf0d8-96f0-4ba7-8c72-f93fb7e7d927] c.n.e.c.l.HttpRequestLoggingFilter - Request completed method=POST path=/api/products status=401 durationMs=2
2026-10-01 16:40:04.849 INFO  [correlationId=aca89fce-0d78-4138-9a1d-4c749e8920fd] c.n.e.c.l.HttpRequestLoggingFilter - Request started method=POST path=/api/auth/login
2026-10-01 16:40:04.909 INFO  [correlationId=aca89fce-0d78-4138-9a1d-4c749e8920fd] c.n.e.auth.service.AuthServiceImpl - User logged in userId=1
2026-10-01 16:40:04.910 INFO  [correlationId=aca89fce-0d78-4138-9a1d-4c749e8920fd] c.n.e.c.l.HttpRequestLoggingFilter - Request completed method=POST path=/api/auth/login status=200 durationMs=61
2026-10-01 16:40:04.911 INFO  [correlationId=6c44a808-f8ad-44c4-bb83-a170a1ff8e5e] c.n.e.c.l.HttpRequestLoggingFilter - Request started method=POST path=/api/products
2026-10-01 16:40:04.925 INFO  [correlationId=6c44a808-f8ad-44c4-bb83-a170a1ff8e5e] c.n.e.p.service.ProductServiceImpl - Creating product name=Test Product
2026-10-01 16:40:04.928 INFO  [correlationId=6c44a808-f8ad-44c4-bb83-a170a1ff8e5e] c.n.e.p.service.ProductServiceImpl - Product created productId=1 name=Test Product
2026-10-01 16:40:04.932 INFO  [correlationId=6c44a808-f8ad-44c4-bb83-a170a1ff8e5e] c.n.e.c.l.HttpRequestLoggingFilter - Request completed method=POST path=/api/products status=201 durationMs=20
2026-10-01 16:40:05.017 INFO  [correlationId=a4a2f12f-e16b-428b-bfff-eb177054843b] c.n.e.c.l.HttpRequestLoggingFilter - Request started method=POST path=/api/auth/login
2026-10-01 16:40:05.077 INFO  [correlationId=a4a2f12f-e16b-428b-bfff-eb177054843b] c.n.e.auth.service.AuthServiceImpl - User logged in userId=1
2026-10-01 16:40:05.077 INFO  [correlationId=a4a2f12f-e16b-428b-bfff-eb177054843b] c.n.e.c.l.HttpRequestLoggingFilter - Request completed method=POST path=/api/auth/login status=200 durationMs=61
2026-10-01 16:40:05.079 INFO  [correlationId=e9c6a6c5-fd92-4238-a3af-e203402af5d7] c.n.e.c.l.HttpRequestLoggingFilter - Request started method=POST path=/api/products
2026-10-01 16:40:05.086 INFO  [correlationId=e9c6a6c5-fd92-4238-a3af-e203402af5d7] c.n.e.c.l.HttpRequestLoggingFilter - Request completed method=POST path=/api/products status=403 durationMs=7
2026-10-01 16:40:05.092 INFO  [correlationId=] o.s.t.c.s.AnnotationConfigContextLoaderUtils - Could not detect default configuration classes for test class [com.namnguyen.ecommerce_platform.integration.security.OrderSecurityIntegrationTest]: OrderSecurityIntegrationTest does not declare any static, non-private, non-final, nested classes annotated with @Configuration.
2026-10-01 16:40:05.104 INFO  [correlationId=] o.s.b.t.c.SpringBootTestContextBootstrapper - Found @SpringBootConfiguration com.namnguyen.ecommerce_platform.EcommercePlatformApplication for test class com.namnguyen.ecommerce_platform.integration.security.OrderSecurityIntegrationTest
2026-10-01 16:40:05.106 INFO  [correlationId=] o.s.t.c.s.AnnotationConfigContextLoaderUtils - Could not detect default configuration classes for test class [com.namnguyen.ecommerce_platform.integration.security.OrderSecurityIntegrationTest]: OrderSecurityIntegrationTest does not declare any static, non-private, non-final, nested classes annotated with @Configuration.
2026-10-01 16:40:05.107 INFO  [correlationId=] o.s.t.c.s.AnnotationConfigContextLoaderUtils - Could not detect default configuration classes for test class [com.namnguyen.ecommerce_platform.integration.BaseSecurityIntegrationTest]: BaseSecurityIntegrationTest does not declare any static, non-private, non-final, nested classes annotated with @Configuration.
2026-10-01 16:40:05.125 INFO  [correlationId=] o.s.b.t.c.SpringBootTestContextBootstrapper - Found @SpringBootConfiguration com.namnguyen.ecommerce_platform.EcommercePlatformApplication for test class com.namnguyen.ecommerce_platform.integration.security.OrderSecurityIntegrationTest
2026-10-01 16:40:05.126 WARN  [correlationId=] o.s.b.t.c.SpringBootTestContextBootstrapper - For test class [com.namnguyen.ecommerce_platform.integration.security.OrderSecurityIntegrationTest], the following 'default' context configuration classes were detected but are currently ignored: com.namnguyen.ecommerce_platform.integration.AbstractIntegrationTestSupport$IntegrationTestConfig. In Spring Framework 7.1, these classes will no longer be ignored. Please update your test configuration accordingly. For details, see: https://docs.spring.io/spring-framework/reference/testing/testcontext-framework/ctx-management/default-config.html
2026-10-01 16:40:05.211 INFO  [correlationId=a048f02e-15e3-4c3d-8bc5-10a98d672aa8] c.n.e.c.l.HttpRequestLoggingFilter - Request started method=POST path=/api/auth/login
2026-10-01 16:40:05.275 INFO  [correlationId=a048f02e-15e3-4c3d-8bc5-10a98d672aa8] c.n.e.auth.service.AuthServiceImpl - User logged in userId=1
2026-10-01 16:40:05.276 INFO  [correlationId=a048f02e-15e3-4c3d-8bc5-10a98d672aa8] c.n.e.c.l.HttpRequestLoggingFilter - Request completed method=POST path=/api/auth/login status=200 durationMs=65
2026-10-01 16:40:05.277 INFO  [correlationId=d1d8d4c0-0862-4888-997f-709d20a449b3] c.n.e.c.l.HttpRequestLoggingFilter - Request started method=PATCH path=/api/orders/1/cancel
2026-10-01 16:40:05.294 DEBUG [correlationId=d1d8d4c0-0862-4888-997f-709d20a449b3] c.n.e.o.service.OrderLookupService - Fetched order orderId=1 userId=1
2026-10-01 16:40:05.294 INFO  [correlationId=d1d8d4c0-0862-4888-997f-709d20a449b3] c.n.e.order.service.OrderServiceImpl - Cancelling order orderId=1 userId=1
2026-10-01 16:40:05.296 INFO  [correlationId=d1d8d4c0-0862-4888-997f-709d20a449b3] c.n.e.order.service.OrderServiceImpl - Order cancelled orderId=1
2026-10-01 16:40:05.300 INFO  [correlationId=d1d8d4c0-0862-4888-997f-709d20a449b3] c.n.e.c.l.HttpRequestLoggingFilter - Request completed method=PATCH path=/api/orders/1/cancel status=204 durationMs=22
2026-10-01 16:40:05.321 INFO  [correlationId=4052e392-7be5-47fa-96ef-df957a99684d] c.n.e.c.l.HttpRequestLoggingFilter - Request started method=GET path=/api/orders/1
2026-10-01 16:40:05.323 INFO  [correlationId=4052e392-7be5-47fa-96ef-df957a99684d] c.n.e.c.l.HttpRequestLoggingFilter - Request completed method=GET path=/api/orders/1 status=401 durationMs=1
2026-10-01 16:40:05.346 INFO  [correlationId=a9c09330-fbd7-49d9-9d22-94ea12bcf7fa] c.n.e.c.l.HttpRequestLoggingFilter - Request started method=POST path=/api/orders/checkout
2026-10-01 16:40:05.347 INFO  [correlationId=a9c09330-fbd7-49d9-9d22-94ea12bcf7fa] c.n.e.c.l.HttpRequestLoggingFilter - Request completed method=POST path=/api/orders/checkout status=401 durationMs=1
2026-10-01 16:40:05.436 INFO  [correlationId=910b383a-d1b9-4823-952f-f37c9dd7d650] c.n.e.c.l.HttpRequestLoggingFilter - Request started method=POST path=/api/auth/login
2026-10-01 16:40:05.492 INFO  [correlationId=910b383a-d1b9-4823-952f-f37c9dd7d650] c.n.e.auth.service.AuthServiceImpl - User logged in userId=1
2026-10-01 16:40:05.492 INFO  [correlationId=910b383a-d1b9-4823-952f-f37c9dd7d650] c.n.e.c.l.HttpRequestLoggingFilter - Request completed method=POST path=/api/auth/login status=200 durationMs=57
2026-10-01 16:40:05.494 INFO  [correlationId=bff30f83-08d8-4adf-9c61-ad3072f7d354] c.n.e.c.l.HttpRequestLoggingFilter - Request started method=POST path=/api/orders/checkout
2026-10-01 16:40:05.502 DEBUG [correlationId=bff30f83-08d8-4adf-9c61-ad3072f7d354] c.n.e.cart.service.CartLookupService - Fetched cart cartId=1 userId=1
2026-10-01 16:40:05.502 INFO  [correlationId=bff30f83-08d8-4adf-9c61-ad3072f7d354] c.n.e.order.service.OrderServiceImpl - Checking out user cart userId=1
2026-10-01 16:40:05.504 DEBUG [correlationId=bff30f83-08d8-4adf-9c61-ad3072f7d354] c.n.e.order.service.OrderServiceImpl - Creating order item productId=1 quantity=2
2026-10-01 16:40:05.510 INFO  [correlationId=bff30f83-08d8-4adf-9c61-ad3072f7d354] c.n.e.order.service.OrderServiceImpl - Cart checked out userId=1 orderId=1
2026-10-01 16:40:05.516 INFO  [correlationId=bff30f83-08d8-4adf-9c61-ad3072f7d354] c.n.e.c.l.HttpRequestLoggingFilter - Request completed method=POST path=/api/orders/checkout status=201 durationMs=22
2026-10-01 16:40:05.604 INFO  [correlationId=82e3651d-882d-4e2b-b983-450a6b2a5921] c.n.e.c.l.HttpRequestLoggingFilter - Request started method=POST path=/api/auth/login
2026-10-01 16:40:05.661 INFO  [correlationId=82e3651d-882d-4e2b-b983-450a6b2a5921] c.n.e.auth.service.AuthServiceImpl - User logged in userId=1
2026-10-01 16:40:05.662 INFO  [correlationId=82e3651d-882d-4e2b-b983-450a6b2a5921] c.n.e.c.l.HttpRequestLoggingFilter - Request completed method=POST path=/api/auth/login status=200 durationMs=58
2026-10-01 16:40:05.664 INFO  [correlationId=adcf53cd-ebfd-4c1f-8f87-01d9ed438d29] c.n.e.c.l.HttpRequestLoggingFilter - Request started method=GET path=/api/orders
2026-10-01 16:40:05.673 DEBUG [correlationId=adcf53cd-ebfd-4c1f-8f87-01d9ed438d29] c.n.e.order.service.OrderServiceImpl - Fetching orders userId=1 page=0 size=10 sort=id: DESC
2026-10-01 16:40:05.684 DEBUG [correlationId=adcf53cd-ebfd-4c1f-8f87-01d9ed438d29] c.n.e.order.service.OrderServiceImpl - Fetched orders page=0 returned=2 totalElements=2
2026-10-01 16:40:05.687 INFO  [correlationId=adcf53cd-ebfd-4c1f-8f87-01d9ed438d29] c.n.e.c.l.HttpRequestLoggingFilter - Request completed method=GET path=/api/orders status=200 durationMs=23
2026-10-01 16:40:05.709 INFO  [correlationId=092c7750-ed1e-4696-ad78-aa9eea39bfec] c.n.e.c.l.HttpRequestLoggingFilter - Request started method=POST path=/api/orders
2026-10-01 16:40:05.710 INFO  [correlationId=092c7750-ed1e-4696-ad78-aa9eea39bfec] c.n.e.c.l.HttpRequestLoggingFilter - Request completed method=POST path=/api/orders status=401 durationMs=1
2026-10-01 16:40:05.793 INFO  [correlationId=64f62aa7-4e23-47cc-80bb-15930128b725] c.n.e.c.l.HttpRequestLoggingFilter - Request started method=POST path=/api/auth/login
2026-10-01 16:40:05.849 INFO  [correlationId=64f62aa7-4e23-47cc-80bb-15930128b725] c.n.e.auth.service.AuthServiceImpl - User logged in userId=1
2026-10-01 16:40:05.850 INFO  [correlationId=64f62aa7-4e23-47cc-80bb-15930128b725] c.n.e.c.l.HttpRequestLoggingFilter - Request completed method=POST path=/api/auth/login status=200 durationMs=57
2026-10-01 16:40:05.851 INFO  [correlationId=1de2fe22-c2c7-4c6b-92e2-4984bb46c40b] c.n.e.c.l.HttpRequestLoggingFilter - Request started method=GET path=/api/orders/1
2026-10-01 16:40:05.860 DEBUG [correlationId=1de2fe22-c2c7-4c6b-92e2-4984bb46c40b] c.n.e.order.service.OrderServiceImpl - Fetching order orderId=1 userId=1
2026-10-01 16:40:05.864 DEBUG [correlationId=1de2fe22-c2c7-4c6b-92e2-4984bb46c40b] c.n.e.o.service.OrderLookupService - Fetched order orderId=1 userId=1
2026-10-01 16:40:05.868 INFO  [correlationId=1de2fe22-c2c7-4c6b-92e2-4984bb46c40b] c.n.e.c.l.HttpRequestLoggingFilter - Request completed method=GET path=/api/orders/1 status=200 durationMs=16
2026-10-01 16:40:05.947 INFO  [correlationId=5685888d-7291-470b-a568-f90a6345759f] c.n.e.c.l.HttpRequestLoggingFilter - Request started method=POST path=/api/auth/login
2026-10-01 16:40:06.002 INFO  [correlationId=5685888d-7291-470b-a568-f90a6345759f] c.n.e.auth.service.AuthServiceImpl - User logged in userId=1
2026-10-01 16:40:06.002 INFO  [correlationId=5685888d-7291-470b-a568-f90a6345759f] c.n.e.c.l.HttpRequestLoggingFilter - Request completed method=POST path=/api/auth/login status=200 durationMs=56
2026-10-01 16:40:06.005 INFO  [correlationId=7eef83a0-3691-4be7-82ed-cd5547364de3] c.n.e.c.l.HttpRequestLoggingFilter - Request started method=POST path=/api/orders
2026-10-01 16:40:06.015 INFO  [correlationId=7eef83a0-3691-4be7-82ed-cd5547364de3] c.n.e.order.service.OrderServiceImpl - Creating order userId=1 itemCount=1
2026-10-01 16:40:06.017 DEBUG [correlationId=7eef83a0-3691-4be7-82ed-cd5547364de3] c.n.e.user.service.UserLookupService - Fetched user userId=1
2026-10-01 16:40:06.019 DEBUG [correlationId=7eef83a0-3691-4be7-82ed-cd5547364de3] c.n.e.p.service.ProductLookupService - Fetched product productId=1
2026-10-01 16:40:06.019 DEBUG [correlationId=7eef83a0-3691-4be7-82ed-cd5547364de3] c.n.e.order.service.OrderServiceImpl - Creating order item productId=1 quantity=10
2026-10-01 16:40:06.025 INFO  [correlationId=7eef83a0-3691-4be7-82ed-cd5547364de3] c.n.e.order.service.OrderServiceImpl - Order created orderId=1 userId=1 itemCount=1
2026-10-01 16:40:06.029 INFO  [correlationId=7eef83a0-3691-4be7-82ed-cd5547364de3] c.n.e.c.l.HttpRequestLoggingFilter - Request completed method=POST path=/api/orders status=201 durationMs=24
2026-10-01 16:40:06.049 INFO  [correlationId=3f488741-3d2f-40b5-ba60-4c8edc85c173] c.n.e.c.l.HttpRequestLoggingFilter - Request started method=GET path=/api/orders
2026-10-01 16:40:06.050 INFO  [correlationId=3f488741-3d2f-40b5-ba60-4c8edc85c173] c.n.e.c.l.HttpRequestLoggingFilter - Request completed method=GET path=/api/orders status=401 durationMs=1
2026-10-01 16:40:06.072 INFO  [correlationId=0f8f94d8-66da-4e54-8e93-518148fd984e] c.n.e.c.l.HttpRequestLoggingFilter - Request started method=PATCH path=/api/orders/1/cancel
2026-10-01 16:40:06.072 INFO  [correlationId=0f8f94d8-66da-4e54-8e93-518148fd984e] c.n.e.c.l.HttpRequestLoggingFilter - Request completed method=PATCH path=/api/orders/1/cancel status=401 durationMs=0
2026-10-01 16:40:06.076 INFO  [correlationId=] o.s.t.c.s.AnnotationConfigContextLoaderUtils - Could not detect default configuration classes for test class [com.namnguyen.ecommerce_platform.integration.security.PaymentSecurityIntegrationTest]: PaymentSecurityIntegrationTest does not declare any static, non-private, non-final, nested classes annotated with @Configuration.
2026-10-01 16:40:06.083 INFO  [correlationId=] o.s.b.t.c.SpringBootTestContextBootstrapper - Found @SpringBootConfiguration com.namnguyen.ecommerce_platform.EcommercePlatformApplication for test class com.namnguyen.ecommerce_platform.integration.security.PaymentSecurityIntegrationTest
2026-10-01 16:40:06.084 INFO  [correlationId=] o.s.t.c.s.AnnotationConfigContextLoaderUtils - Could not detect default configuration classes for test class [com.namnguyen.ecommerce_platform.integration.security.PaymentSecurityIntegrationTest]: PaymentSecurityIntegrationTest does not declare any static, non-private, non-final, nested classes annotated with @Configuration.
2026-10-01 16:40:06.084 INFO  [correlationId=] o.s.t.c.s.AnnotationConfigContextLoaderUtils - Could not detect default configuration classes for test class [com.namnguyen.ecommerce_platform.integration.BaseSecurityIntegrationTest]: BaseSecurityIntegrationTest does not declare any static, non-private, non-final, nested classes annotated with @Configuration.
2026-10-01 16:40:06.092 INFO  [correlationId=] o.s.b.t.c.SpringBootTestContextBootstrapper - Found @SpringBootConfiguration com.namnguyen.ecommerce_platform.EcommercePlatformApplication for test class com.namnguyen.ecommerce_platform.integration.security.PaymentSecurityIntegrationTest
2026-10-01 16:40:06.092 WARN  [correlationId=] o.s.b.t.c.SpringBootTestContextBootstrapper - For test class [com.namnguyen.ecommerce_platform.integration.security.PaymentSecurityIntegrationTest], the following 'default' context configuration classes were detected but are currently ignored: com.namnguyen.ecommerce_platform.integration.AbstractIntegrationTestSupport$IntegrationTestConfig. In Spring Framework 7.1, these classes will no longer be ignored. Please update your test configuration accordingly. For details, see: https://docs.spring.io/spring-framework/reference/testing/testcontext-framework/ctx-management/default-config.html
2026-10-01 16:40:06.187 INFO  [correlationId=1ef53eb1-4b05-4f08-9307-2c355db42de1] c.n.e.c.l.HttpRequestLoggingFilter - Request started method=POST path=/api/auth/login
2026-10-01 16:40:06.261 INFO  [correlationId=1ef53eb1-4b05-4f08-9307-2c355db42de1] c.n.e.auth.service.AuthServiceImpl - User logged in userId=1
2026-10-01 16:40:06.263 INFO  [correlationId=1ef53eb1-4b05-4f08-9307-2c355db42de1] c.n.e.c.l.HttpRequestLoggingFilter - Request completed method=POST path=/api/auth/login status=200 durationMs=76
2026-10-01 16:40:06.267 INFO  [correlationId=963cc5c3-eec2-4141-bb98-78998b225ebe] c.n.e.c.l.HttpRequestLoggingFilter - Request started method=PATCH path=/api/orders/1/payments
2026-10-01 16:40:06.280 INFO  [correlationId=963cc5c3-eec2-4141-bb98-78998b225ebe] c.n.e.p.service.PaymentServiceImpl - Updating payment orderId=1 userId=1
2026-10-01 16:40:06.285 DEBUG [correlationId=963cc5c3-eec2-4141-bb98-78998b225ebe] c.n.e.o.service.OrderLookupService - Fetched order orderId=1 userId=1
2026-10-01 16:40:06.290 INFO  [correlationId=963cc5c3-eec2-4141-bb98-78998b225ebe] c.n.e.p.service.PaymentServiceImpl - Payment updated paymentId=1
2026-10-01 16:40:06.297 INFO  [correlationId=963cc5c3-eec2-4141-bb98-78998b225ebe] c.n.e.c.l.HttpRequestLoggingFilter - Request completed method=PATCH path=/api/orders/1/payments status=200 durationMs=30
2026-10-01 16:40:06.397 INFO  [correlationId=ac42bb12-69f1-4c72-8df5-50c4c322c139] c.n.e.c.l.HttpRequestLoggingFilter - Request started method=POST path=/api/auth/login
2026-10-01 16:40:06.460 INFO  [correlationId=ac42bb12-69f1-4c72-8df5-50c4c322c139] c.n.e.auth.service.AuthServiceImpl - User logged in userId=1
2026-10-01 16:40:06.460 INFO  [correlationId=ac42bb12-69f1-4c72-8df5-50c4c322c139] c.n.e.c.l.HttpRequestLoggingFilter - Request completed method=POST path=/api/auth/login status=200 durationMs=63
2026-10-01 16:40:06.461 INFO  [correlationId=ef0b02b2-71e3-4e24-b186-764658567e97] c.n.e.c.l.HttpRequestLoggingFilter - Request started method=POST path=/api/orders/1/payments/confirm
2026-10-01 16:40:06.471 INFO  [correlationId=ef0b02b2-71e3-4e24-b186-764658567e97] c.n.e.p.service.PaymentServiceImpl - Confirming payment orderId=1 userId=1 status=SUCCESS
2026-10-01 16:40:06.476 DEBUG [correlationId=ef0b02b2-71e3-4e24-b186-764658567e97] c.n.e.o.service.OrderLookupService - Fetched order orderId=1 userId=1
2026-10-01 16:40:06.479 INFO  [correlationId=ef0b02b2-71e3-4e24-b186-764658567e97] c.n.e.p.service.PaymentServiceImpl - Payment status updated paymentId=1 status=SUCCESS
2026-10-01 16:40:06.486 INFO  [correlationId=ef0b02b2-71e3-4e24-b186-764658567e97] c.n.e.c.l.HttpRequestLoggingFilter - Request completed method=POST path=/api/orders/1/payments/confirm status=200 durationMs=24
2026-10-01 16:40:06.577 INFO  [correlationId=13a691da-1b0d-4fc7-8059-d2a7ab4b54f3] c.n.e.c.l.HttpRequestLoggingFilter - Request started method=POST path=/api/auth/login
2026-10-01 16:40:06.636 INFO  [correlationId=13a691da-1b0d-4fc7-8059-d2a7ab4b54f3] c.n.e.auth.service.AuthServiceImpl - User logged in userId=1
2026-10-01 16:40:06.636 INFO  [correlationId=13a691da-1b0d-4fc7-8059-d2a7ab4b54f3] c.n.e.c.l.HttpRequestLoggingFilter - Request completed method=POST path=/api/auth/login status=200 durationMs=59
2026-10-01 16:40:06.637 INFO  [correlationId=daeaa1af-1759-454f-ba2b-39206ff3a0b7] c.n.e.c.l.HttpRequestLoggingFilter - Request started method=GET path=/api/orders/1/payments
2026-10-01 16:40:06.645 DEBUG [correlationId=daeaa1af-1759-454f-ba2b-39206ff3a0b7] c.n.e.p.service.PaymentServiceImpl - Fetching payment orderId=1 userId=1
2026-10-01 16:40:06.649 DEBUG [correlationId=daeaa1af-1759-454f-ba2b-39206ff3a0b7] c.n.e.o.service.OrderLookupService - Fetched order orderId=1 userId=1
2026-10-01 16:40:06.653 INFO  [correlationId=daeaa1af-1759-454f-ba2b-39206ff3a0b7] c.n.e.c.l.HttpRequestLoggingFilter - Request completed method=GET path=/api/orders/1/payments status=200 durationMs=15
2026-10-01 16:40:06.677 INFO  [correlationId=be19f988-7faa-48eb-b48a-345a9103a51a] c.n.e.c.l.HttpRequestLoggingFilter - Request started method=POST path=/api/orders/1/payments/confirm
2026-10-01 16:40:06.677 INFO  [correlationId=be19f988-7faa-48eb-b48a-345a9103a51a] c.n.e.c.l.HttpRequestLoggingFilter - Request completed method=POST path=/api/orders/1/payments/confirm status=401 durationMs=0
2026-10-01 16:40:06.700 INFO  [correlationId=d8c1a8f7-7aed-4377-8506-4d261494665e] c.n.e.c.l.HttpRequestLoggingFilter - Request started method=POST path=/api/orders/1/payments
2026-10-01 16:40:06.701 INFO  [correlationId=d8c1a8f7-7aed-4377-8506-4d261494665e] c.n.e.c.l.HttpRequestLoggingFilter - Request completed method=POST path=/api/orders/1/payments status=401 durationMs=1
2026-10-01 16:40:06.784 INFO  [correlationId=ce231609-d5a7-44d7-a5e7-a76b39f8b891] c.n.e.c.l.HttpRequestLoggingFilter - Request started method=POST path=/api/auth/login
2026-10-01 16:40:06.841 INFO  [correlationId=ce231609-d5a7-44d7-a5e7-a76b39f8b891] c.n.e.auth.service.AuthServiceImpl - User logged in userId=1
2026-10-01 16:40:06.842 INFO  [correlationId=ce231609-d5a7-44d7-a5e7-a76b39f8b891] c.n.e.c.l.HttpRequestLoggingFilter - Request completed method=POST path=/api/auth/login status=200 durationMs=58
2026-10-01 16:40:06.843 INFO  [correlationId=87b290d5-9372-4d5d-8bac-cb4424d5f3ff] c.n.e.c.l.HttpRequestLoggingFilter - Request started method=POST path=/api/orders/1/payments
2026-10-01 16:40:06.849 INFO  [correlationId=87b290d5-9372-4d5d-8bac-cb4424d5f3ff] c.n.e.p.service.PaymentServiceImpl - Submitting payment orderId=1 userId=1
2026-10-01 16:40:06.852 DEBUG [correlationId=87b290d5-9372-4d5d-8bac-cb4424d5f3ff] c.n.e.o.service.OrderLookupService - Fetched order orderId=1 userId=1
2026-10-01 16:40:06.861 INFO  [correlationId=87b290d5-9372-4d5d-8bac-cb4424d5f3ff] c.n.e.p.service.PaymentServiceImpl - Payment submitted paymentId=1
2026-10-01 16:40:06.864 INFO  [correlationId=87b290d5-9372-4d5d-8bac-cb4424d5f3ff] c.n.e.c.l.HttpRequestLoggingFilter - Request completed method=POST path=/api/orders/1/payments status=201 durationMs=21
2026-10-01 16:40:06.890 INFO  [correlationId=ddb80b4d-c77f-48ea-a5d7-749e5be383f4] c.n.e.c.l.HttpRequestLoggingFilter - Request started method=GET path=/api/orders/1/payments
2026-10-01 16:40:06.891 INFO  [correlationId=ddb80b4d-c77f-48ea-a5d7-749e5be383f4] c.n.e.c.l.HttpRequestLoggingFilter - Request completed method=GET path=/api/orders/1/payments status=401 durationMs=1
2026-10-01 16:40:06.915 INFO  [correlationId=6df4bde6-5a24-441c-93aa-311d5facdd83] c.n.e.c.l.HttpRequestLoggingFilter - Request started method=PATCH path=/api/orders/1/payments
2026-10-01 16:40:06.917 INFO  [correlationId=6df4bde6-5a24-441c-93aa-311d5facdd83] c.n.e.c.l.HttpRequestLoggingFilter - Request completed method=PATCH path=/api/orders/1/payments status=401 durationMs=1
2026-10-01 16:40:06.922 INFO  [correlationId=] o.s.t.c.s.AnnotationConfigContextLoaderUtils - Could not detect default configuration classes for test class [com.namnguyen.ecommerce_platform.integration.security.ProductSecurityIntegrationTest]: ProductSecurityIntegrationTest does not declare any static, non-private, non-final, nested classes annotated with @Configuration.
2026-10-01 16:40:06.929 INFO  [correlationId=] o.s.b.t.c.SpringBootTestContextBootstrapper - Found @SpringBootConfiguration com.namnguyen.ecommerce_platform.EcommercePlatformApplication for test class com.namnguyen.ecommerce_platform.integration.security.ProductSecurityIntegrationTest
2026-10-01 16:40:06.930 INFO  [correlationId=] o.s.t.c.s.AnnotationConfigContextLoaderUtils - Could not detect default configuration classes for test class [com.namnguyen.ecommerce_platform.integration.security.ProductSecurityIntegrationTest]: ProductSecurityIntegrationTest does not declare any static, non-private, non-final, nested classes annotated with @Configuration.
2026-10-01 16:40:06.930 INFO  [correlationId=] o.s.t.c.s.AnnotationConfigContextLoaderUtils - Could not detect default configuration classes for test class [com.namnguyen.ecommerce_platform.integration.BaseSecurityIntegrationTest]: BaseSecurityIntegrationTest does not declare any static, non-private, non-final, nested classes annotated with @Configuration.
2026-10-01 16:40:06.939 INFO  [correlationId=] o.s.b.t.c.SpringBootTestContextBootstrapper - Found @SpringBootConfiguration com.namnguyen.ecommerce_platform.EcommercePlatformApplication for test class com.namnguyen.ecommerce_platform.integration.security.ProductSecurityIntegrationTest
2026-10-01 16:40:06.940 WARN  [correlationId=] o.s.b.t.c.SpringBootTestContextBootstrapper - For test class [com.namnguyen.ecommerce_platform.integration.security.ProductSecurityIntegrationTest], the following 'default' context configuration classes were detected but are currently ignored: com.namnguyen.ecommerce_platform.integration.AbstractIntegrationTestSupport$IntegrationTestConfig. In Spring Framework 7.1, these classes will no longer be ignored. Please update your test configuration accordingly. For details, see: https://docs.spring.io/spring-framework/reference/testing/testcontext-framework/ctx-management/default-config.html
2026-10-01 16:40:07.023 INFO  [correlationId=abc79f41-f2ae-4c5e-a3a4-753468b20e4b] c.n.e.c.l.HttpRequestLoggingFilter - Request started method=POST path=/api/auth/login
2026-10-01 16:40:07.082 INFO  [correlationId=abc79f41-f2ae-4c5e-a3a4-753468b20e4b] c.n.e.auth.service.AuthServiceImpl - User logged in userId=1
2026-10-01 16:40:07.083 INFO  [correlationId=abc79f41-f2ae-4c5e-a3a4-753468b20e4b] c.n.e.c.l.HttpRequestLoggingFilter - Request completed method=POST path=/api/auth/login status=200 durationMs=59
2026-10-01 16:40:07.090 INFO  [correlationId=14de9b0b-5a3f-474d-8ee3-f4b40e595048] c.n.e.c.l.HttpRequestLoggingFilter - Request started method=PATCH path=/api/products/1
2026-10-01 16:40:07.097 INFO  [correlationId=14de9b0b-5a3f-474d-8ee3-f4b40e595048] c.n.e.c.l.HttpRequestLoggingFilter - Request completed method=PATCH path=/api/products/1 status=403 durationMs=7
2026-10-01 16:40:07.180 INFO  [correlationId=e1c2c5aa-2a3a-4718-82a1-e273cac6779a] c.n.e.c.l.HttpRequestLoggingFilter - Request started method=POST path=/api/auth/login
2026-10-01 16:40:07.236 INFO  [correlationId=e1c2c5aa-2a3a-4718-82a1-e273cac6779a] c.n.e.auth.service.AuthServiceImpl - User logged in userId=1
2026-10-01 16:40:07.237 INFO  [correlationId=e1c2c5aa-2a3a-4718-82a1-e273cac6779a] c.n.e.c.l.HttpRequestLoggingFilter - Request completed method=POST path=/api/auth/login status=200 durationMs=57
2026-10-01 16:40:07.244 INFO  [correlationId=5760383c-2873-49f1-a691-97ded809bfad] c.n.e.c.l.HttpRequestLoggingFilter - Request started method=PUT path=/api/products/1
2026-10-01 16:40:07.250 INFO  [correlationId=5760383c-2873-49f1-a691-97ded809bfad] c.n.e.c.l.HttpRequestLoggingFilter - Request completed method=PUT path=/api/products/1 status=403 durationMs=5
2026-10-01 16:40:07.333 INFO  [correlationId=66c4d4f2-3f17-489f-866d-a3f19b68a55e] c.n.e.c.l.HttpRequestLoggingFilter - Request started method=POST path=/api/auth/login
2026-10-01 16:40:07.392 INFO  [correlationId=66c4d4f2-3f17-489f-866d-a3f19b68a55e] c.n.e.auth.service.AuthServiceImpl - User logged in userId=1
2026-10-01 16:40:07.392 INFO  [correlationId=66c4d4f2-3f17-489f-866d-a3f19b68a55e] c.n.e.c.l.HttpRequestLoggingFilter - Request completed method=POST path=/api/auth/login status=200 durationMs=60
2026-10-01 16:40:07.398 INFO  [correlationId=ab1692d5-d934-411e-b88d-12ef32e4c38f] c.n.e.c.l.HttpRequestLoggingFilter - Request started method=DELETE path=/api/products/1
2026-10-01 16:40:07.407 DEBUG [correlationId=ab1692d5-d934-411e-b88d-12ef32e4c38f] c.n.e.p.service.ProductLookupService - Fetched product productId=1
2026-10-01 16:40:07.407 INFO  [correlationId=ab1692d5-d934-411e-b88d-12ef32e4c38f] c.n.e.p.service.ProductServiceImpl - Product deleted productId=1
2026-10-01 16:40:07.411 INFO  [correlationId=ab1692d5-d934-411e-b88d-12ef32e4c38f] c.n.e.c.l.HttpRequestLoggingFilter - Request completed method=DELETE path=/api/products/1 status=204 durationMs=12
2026-10-01 16:40:07.432 INFO  [correlationId=053ecdbe-97bf-4d3d-b207-5652ad623d92] c.n.e.c.l.HttpRequestLoggingFilter - Request started method=DELETE path=/api/products/1
2026-10-01 16:40:07.434 INFO  [correlationId=053ecdbe-97bf-4d3d-b207-5652ad623d92] c.n.e.c.l.HttpRequestLoggingFilter - Request completed method=DELETE path=/api/products/1 status=401 durationMs=1
2026-10-01 16:40:07.521 INFO  [correlationId=7a49aba9-e2f4-4bd9-bca9-c20eeff9da58] c.n.e.c.l.HttpRequestLoggingFilter - Request started method=POST path=/api/auth/login
2026-10-01 16:40:07.588 INFO  [correlationId=7a49aba9-e2f4-4bd9-bca9-c20eeff9da58] c.n.e.auth.service.AuthServiceImpl - User logged in userId=1
2026-10-01 16:40:07.588 INFO  [correlationId=7a49aba9-e2f4-4bd9-bca9-c20eeff9da58] c.n.e.c.l.HttpRequestLoggingFilter - Request completed method=POST path=/api/auth/login status=200 durationMs=68
2026-10-01 16:40:07.589 INFO  [correlationId=cc704f9a-1af2-4665-9ee4-dd678dca5d84] c.n.e.c.l.HttpRequestLoggingFilter - Request started method=POST path=/api/products
2026-10-01 16:40:07.596 INFO  [correlationId=cc704f9a-1af2-4665-9ee4-dd678dca5d84] c.n.e.p.service.ProductServiceImpl - Creating product name=Test Product
2026-10-01 16:40:07.601 INFO  [correlationId=cc704f9a-1af2-4665-9ee4-dd678dca5d84] c.n.e.p.service.ProductServiceImpl - Product created productId=1 name=Test Product
2026-10-01 16:40:07.603 INFO  [correlationId=cc704f9a-1af2-4665-9ee4-dd678dca5d84] c.n.e.c.l.HttpRequestLoggingFilter - Request completed method=POST path=/api/products status=201 durationMs=13
2026-10-01 16:40:07.625 INFO  [correlationId=4cb95085-efe6-4836-af69-f23e42c61f9f] c.n.e.c.l.HttpRequestLoggingFilter - Request started method=PATCH path=/api/products/1
2026-10-01 16:40:07.627 INFO  [correlationId=4cb95085-efe6-4836-af69-f23e42c61f9f] c.n.e.c.l.HttpRequestLoggingFilter - Request completed method=PATCH path=/api/products/1 status=401 durationMs=1
2026-10-01 16:40:07.707 INFO  [correlationId=4a8bf7c1-3197-4be6-989d-ca1288ed5e26] c.n.e.c.l.HttpRequestLoggingFilter - Request started method=POST path=/api/auth/login
2026-10-01 16:40:07.762 INFO  [correlationId=4a8bf7c1-3197-4be6-989d-ca1288ed5e26] c.n.e.auth.service.AuthServiceImpl - User logged in userId=1
2026-10-01 16:40:07.762 INFO  [correlationId=4a8bf7c1-3197-4be6-989d-ca1288ed5e26] c.n.e.c.l.HttpRequestLoggingFilter - Request completed method=POST path=/api/auth/login status=200 durationMs=56
2026-10-01 16:40:07.769 INFO  [correlationId=6ed73f48-78c9-4d5a-b2d8-9d47656d7068] c.n.e.c.l.HttpRequestLoggingFilter - Request started method=PUT path=/api/products/1
2026-10-01 16:40:07.782 INFO  [correlationId=6ed73f48-78c9-4d5a-b2d8-9d47656d7068] c.n.e.p.service.ProductServiceImpl - Update product productId=1 name=Test Product update
2026-10-01 16:40:07.784 DEBUG [correlationId=6ed73f48-78c9-4d5a-b2d8-9d47656d7068] c.n.e.p.service.ProductLookupService - Fetched product productId=1
2026-10-01 16:40:07.784 INFO  [correlationId=6ed73f48-78c9-4d5a-b2d8-9d47656d7068] c.n.e.p.service.ProductServiceImpl - Product updated productId=1 name=Test Product update
2026-10-01 16:40:07.788 INFO  [correlationId=6ed73f48-78c9-4d5a-b2d8-9d47656d7068] c.n.e.c.l.HttpRequestLoggingFilter - Request completed method=PUT path=/api/products/1 status=200 durationMs=19
2026-10-01 16:40:07.815 INFO  [correlationId=7c49431d-e931-494d-b811-2f2b003fa2b8] c.n.e.c.l.HttpRequestLoggingFilter - Request started method=GET path=/api/products/1
2026-10-01 16:40:07.816 DEBUG [correlationId=7c49431d-e931-494d-b811-2f2b003fa2b8] c.n.e.p.service.ProductServiceImpl - Fetching product productId=1
2026-10-01 16:40:07.818 DEBUG [correlationId=7c49431d-e931-494d-b811-2f2b003fa2b8] c.n.e.p.service.ProductLookupService - Fetched product productId=1
2026-10-01 16:40:07.819 INFO  [correlationId=7c49431d-e931-494d-b811-2f2b003fa2b8] c.n.e.c.l.HttpRequestLoggingFilter - Request completed method=GET path=/api/products/1 status=200 durationMs=4
2026-10-01 16:40:07.843 INFO  [correlationId=692020ac-e48f-4c91-9ddd-a7a62b07ec20] c.n.e.c.l.HttpRequestLoggingFilter - Request started method=GET path=/api/products
2026-10-01 16:40:07.845 DEBUG [correlationId=692020ac-e48f-4c91-9ddd-a7a62b07ec20] c.n.e.p.service.ProductServiceImpl - Fetching products status=null page=0 size=10 sort=id: ASC
2026-10-01 16:40:07.850 INFO  [correlationId=692020ac-e48f-4c91-9ddd-a7a62b07ec20] c.n.e.c.l.HttpRequestLoggingFilter - Request completed method=GET path=/api/products status=200 durationMs=7
2026-10-01 16:40:07.929 INFO  [correlationId=09a1e9f8-3b3c-4df2-924a-375fd16b65f7] c.n.e.c.l.HttpRequestLoggingFilter - Request started method=POST path=/api/auth/login
2026-10-01 16:40:07.984 INFO  [correlationId=09a1e9f8-3b3c-4df2-924a-375fd16b65f7] c.n.e.auth.service.AuthServiceImpl - User logged in userId=1
2026-10-01 16:40:07.985 INFO  [correlationId=09a1e9f8-3b3c-4df2-924a-375fd16b65f7] c.n.e.c.l.HttpRequestLoggingFilter - Request completed method=POST path=/api/auth/login status=200 durationMs=56
2026-10-01 16:40:07.989 INFO  [correlationId=35c10c6c-f0b5-4719-acd4-710a1d22bf95] c.n.e.c.l.HttpRequestLoggingFilter - Request started method=DELETE path=/api/products/1
2026-10-01 16:40:07.996 INFO  [correlationId=35c10c6c-f0b5-4719-acd4-710a1d22bf95] c.n.e.c.l.HttpRequestLoggingFilter - Request completed method=DELETE path=/api/products/1 status=403 durationMs=6
2026-10-01 16:40:08.017 INFO  [correlationId=251e5f6a-e5fc-4c7e-a4b2-327e4724da17] c.n.e.c.l.HttpRequestLoggingFilter - Request started method=PUT path=/api/products/1
2026-10-01 16:40:08.019 INFO  [correlationId=251e5f6a-e5fc-4c7e-a4b2-327e4724da17] c.n.e.c.l.HttpRequestLoggingFilter - Request completed method=PUT path=/api/products/1 status=401 durationMs=1
2026-10-01 16:40:08.046 INFO  [correlationId=6b11546c-8d17-454b-b13d-71793a153312] c.n.e.c.l.HttpRequestLoggingFilter - Request started method=POST path=/api/products
2026-10-01 16:40:08.047 INFO  [correlationId=6b11546c-8d17-454b-b13d-71793a153312] c.n.e.c.l.HttpRequestLoggingFilter - Request completed method=POST path=/api/products status=401 durationMs=1
2026-10-01 16:40:08.125 INFO  [correlationId=ea1e1860-0457-4d5e-9548-5524af9d3128] c.n.e.c.l.HttpRequestLoggingFilter - Request started method=POST path=/api/auth/login
2026-10-01 16:40:08.181 INFO  [correlationId=ea1e1860-0457-4d5e-9548-5524af9d3128] c.n.e.auth.service.AuthServiceImpl - User logged in userId=1
2026-10-01 16:40:08.182 INFO  [correlationId=ea1e1860-0457-4d5e-9548-5524af9d3128] c.n.e.c.l.HttpRequestLoggingFilter - Request completed method=POST path=/api/auth/login status=200 durationMs=56
2026-10-01 16:40:08.182 INFO  [correlationId=d662e933-1e27-4057-bebb-c6a8eb6da508] c.n.e.c.l.HttpRequestLoggingFilter - Request started method=POST path=/api/products
2026-10-01 16:40:08.189 INFO  [correlationId=d662e933-1e27-4057-bebb-c6a8eb6da508] c.n.e.c.l.HttpRequestLoggingFilter - Request completed method=POST path=/api/products status=403 durationMs=6
2026-10-01 16:40:08.266 INFO  [correlationId=2aa869b0-d4fc-4107-9810-33ac9ffc899d] c.n.e.c.l.HttpRequestLoggingFilter - Request started method=POST path=/api/auth/login
2026-10-01 16:40:08.320 INFO  [correlationId=2aa869b0-d4fc-4107-9810-33ac9ffc899d] c.n.e.auth.service.AuthServiceImpl - User logged in userId=1
2026-10-01 16:40:08.321 INFO  [correlationId=2aa869b0-d4fc-4107-9810-33ac9ffc899d] c.n.e.c.l.HttpRequestLoggingFilter - Request completed method=POST path=/api/auth/login status=200 durationMs=55
2026-10-01 16:40:08.327 INFO  [correlationId=62154a3a-9cda-4295-9c9b-c6c9b41cc966] c.n.e.c.l.HttpRequestLoggingFilter - Request started method=PATCH path=/api/products/1
2026-10-01 16:40:08.336 INFO  [correlationId=62154a3a-9cda-4295-9c9b-c6c9b41cc966] c.n.e.p.service.ProductServiceImpl - Patching product productId=1
2026-10-01 16:40:08.338 DEBUG [correlationId=62154a3a-9cda-4295-9c9b-c6c9b41cc966] c.n.e.p.service.ProductLookupService - Fetched product productId=1
2026-10-01 16:40:08.338 INFO  [correlationId=62154a3a-9cda-4295-9c9b-c6c9b41cc966] c.n.e.p.service.ProductServiceImpl - Product patched productId=1 name=Test Product update
2026-10-01 16:40:08.341 INFO  [correlationId=62154a3a-9cda-4295-9c9b-c6c9b41cc966] c.n.e.c.l.HttpRequestLoggingFilter - Request completed method=PATCH path=/api/products/1 status=200 durationMs=13
2026-10-01 16:40:08.345 INFO  [correlationId=] o.s.t.c.s.AnnotationConfigContextLoaderUtils - Could not detect default configuration classes for test class [com.namnguyen.ecommerce_platform.integration.security.UserSecurityIntegrationTest]: UserSecurityIntegrationTest does not declare any static, non-private, non-final, nested classes annotated with @Configuration.
2026-10-01 16:40:08.352 INFO  [correlationId=] o.s.b.t.c.SpringBootTestContextBootstrapper - Found @SpringBootConfiguration com.namnguyen.ecommerce_platform.EcommercePlatformApplication for test class com.namnguyen.ecommerce_platform.integration.security.UserSecurityIntegrationTest
2026-10-01 16:40:08.353 INFO  [correlationId=] o.s.t.c.s.AnnotationConfigContextLoaderUtils - Could not detect default configuration classes for test class [com.namnguyen.ecommerce_platform.integration.security.UserSecurityIntegrationTest]: UserSecurityIntegrationTest does not declare any static, non-private, non-final, nested classes annotated with @Configuration.
2026-10-01 16:40:08.354 INFO  [correlationId=] o.s.t.c.s.AnnotationConfigContextLoaderUtils - Could not detect default configuration classes for test class [com.namnguyen.ecommerce_platform.integration.BaseSecurityIntegrationTest]: BaseSecurityIntegrationTest does not declare any static, non-private, non-final, nested classes annotated with @Configuration.
2026-10-01 16:40:08.363 INFO  [correlationId=] o.s.b.t.c.SpringBootTestContextBootstrapper - Found @SpringBootConfiguration com.namnguyen.ecommerce_platform.EcommercePlatformApplication for test class com.namnguyen.ecommerce_platform.integration.security.UserSecurityIntegrationTest
2026-10-01 16:40:08.363 WARN  [correlationId=] o.s.b.t.c.SpringBootTestContextBootstrapper - For test class [com.namnguyen.ecommerce_platform.integration.security.UserSecurityIntegrationTest], the following 'default' context configuration classes were detected but are currently ignored: com.namnguyen.ecommerce_platform.integration.AbstractIntegrationTestSupport$IntegrationTestConfig. In Spring Framework 7.1, these classes will no longer be ignored. Please update your test configuration accordingly. For details, see: https://docs.spring.io/spring-framework/reference/testing/testcontext-framework/ctx-management/default-config.html
2026-10-01 16:40:08.444 INFO  [correlationId=123fdd77-2c36-49a0-9409-fa8f0e93c63c] c.n.e.c.l.HttpRequestLoggingFilter - Request started method=POST path=/api/auth/login
2026-10-01 16:40:08.500 INFO  [correlationId=123fdd77-2c36-49a0-9409-fa8f0e93c63c] c.n.e.auth.service.AuthServiceImpl - User logged in userId=1
2026-10-01 16:40:08.501 INFO  [correlationId=123fdd77-2c36-49a0-9409-fa8f0e93c63c] c.n.e.c.l.HttpRequestLoggingFilter - Request completed method=POST path=/api/auth/login status=200 durationMs=57
2026-10-01 16:40:08.557 INFO  [correlationId=b06d22df-877f-4906-8b3d-f2d101f20e21] c.n.e.c.l.HttpRequestLoggingFilter - Request started method=PUT path=/api/users/2
2026-10-01 16:40:08.574 INFO  [correlationId=b06d22df-877f-4906-8b3d-f2d101f20e21] c.n.e.user.service.UserServiceImpl - Updating user userId=2
2026-10-01 16:40:08.576 DEBUG [correlationId=b06d22df-877f-4906-8b3d-f2d101f20e21] c.n.e.user.service.UserLookupService - Fetched user userId=2
2026-10-01 16:40:08.631 INFO  [correlationId=b06d22df-877f-4906-8b3d-f2d101f20e21] c.n.e.user.service.UserServiceImpl - User updated userId=2
2026-10-01 16:40:08.637 INFO  [correlationId=b06d22df-877f-4906-8b3d-f2d101f20e21] c.n.e.c.l.HttpRequestLoggingFilter - Request completed method=PUT path=/api/users/2 status=200 durationMs=79
2026-10-01 16:40:08.714 INFO  [correlationId=02ba3dce-70dc-47ef-9d69-9f1c16029be9] c.n.e.c.l.HttpRequestLoggingFilter - Request started method=POST path=/api/auth/login
2026-10-01 16:40:08.770 INFO  [correlationId=02ba3dce-70dc-47ef-9d69-9f1c16029be9] c.n.e.auth.service.AuthServiceImpl - User logged in userId=1
2026-10-01 16:40:08.771 INFO  [correlationId=02ba3dce-70dc-47ef-9d69-9f1c16029be9] c.n.e.c.l.HttpRequestLoggingFilter - Request completed method=POST path=/api/auth/login status=200 durationMs=57
2026-10-01 16:40:08.830 INFO  [correlationId=a4a77e64-7e84-49af-883b-4f8bc82fb164] c.n.e.c.l.HttpRequestLoggingFilter - Request started method=PATCH path=/api/users/2
2026-10-01 16:40:08.841 WARN  [correlationId=a4a77e64-7e84-49af-883b-4f8bc82fb164] c.n.e.c.e.GlobalExceptionHandler - Request failed status=403 method=PATCH path=/api/users/2 exception=AuthorizationDeniedException
2026-10-01 16:40:08.844 INFO  [correlationId=a4a77e64-7e84-49af-883b-4f8bc82fb164] c.n.e.c.l.HttpRequestLoggingFilter - Request completed method=PATCH path=/api/users/2 status=403 durationMs=13
2026-10-01 16:40:08.866 INFO  [correlationId=6ad17e8a-2d10-4e30-a50a-d79185ba2d3e] c.n.e.c.l.HttpRequestLoggingFilter - Request started method=GET path=/api/users
2026-10-01 16:40:08.867 INFO  [correlationId=6ad17e8a-2d10-4e30-a50a-d79185ba2d3e] c.n.e.c.l.HttpRequestLoggingFilter - Request completed method=GET path=/api/users status=401 durationMs=1
2026-10-01 16:40:08.889 INFO  [correlationId=51c19100-f3db-4bc1-9979-521e2fdd2e95] c.n.e.c.l.HttpRequestLoggingFilter - Request started method=PATCH path=/api/users/999
2026-10-01 16:40:08.890 INFO  [correlationId=51c19100-f3db-4bc1-9979-521e2fdd2e95] c.n.e.c.l.HttpRequestLoggingFilter - Request completed method=PATCH path=/api/users/999 status=401 durationMs=0
2026-10-01 16:40:08.970 INFO  [correlationId=080c83f1-bb5d-441b-a1d6-c1d332f8765e] c.n.e.c.l.HttpRequestLoggingFilter - Request started method=POST path=/api/auth/login
2026-10-01 16:40:09.026 INFO  [correlationId=080c83f1-bb5d-441b-a1d6-c1d332f8765e] c.n.e.auth.service.AuthServiceImpl - User logged in userId=1
2026-10-01 16:40:09.027 INFO  [correlationId=080c83f1-bb5d-441b-a1d6-c1d332f8765e] c.n.e.c.l.HttpRequestLoggingFilter - Request completed method=POST path=/api/auth/login status=200 durationMs=57
2026-10-01 16:40:09.028 INFO  [correlationId=d8780520-dd3e-41bc-a74b-b30651df49e5] c.n.e.c.l.HttpRequestLoggingFilter - Request started method=GET path=/api/users
2026-10-01 16:40:09.036 WARN  [correlationId=d8780520-dd3e-41bc-a74b-b30651df49e5] c.n.e.c.e.GlobalExceptionHandler - Request failed status=403 method=GET path=/api/users exception=AuthorizationDeniedException
2026-10-01 16:40:09.036 INFO  [correlationId=d8780520-dd3e-41bc-a74b-b30651df49e5] c.n.e.c.l.HttpRequestLoggingFilter - Request completed method=GET path=/api/users status=403 durationMs=7
2026-10-01 16:40:09.113 INFO  [correlationId=b4bcba42-6e97-4875-8de8-8a2dbba88083] c.n.e.c.l.HttpRequestLoggingFilter - Request started method=POST path=/api/auth/login
2026-10-01 16:40:09.170 INFO  [correlationId=b4bcba42-6e97-4875-8de8-8a2dbba88083] c.n.e.auth.service.AuthServiceImpl - User logged in userId=1
2026-10-01 16:40:09.171 INFO  [correlationId=b4bcba42-6e97-4875-8de8-8a2dbba88083] c.n.e.c.l.HttpRequestLoggingFilter - Request completed method=POST path=/api/auth/login status=200 durationMs=58
2026-10-01 16:40:09.227 INFO  [correlationId=1880227f-e497-43a5-8135-b16506b26f69] c.n.e.c.l.HttpRequestLoggingFilter - Request started method=PATCH path=/api/users/2
2026-10-01 16:40:09.232 INFO  [correlationId=1880227f-e497-43a5-8135-b16506b26f69] c.n.e.user.service.UserServiceImpl - Patching user userId=2
2026-10-01 16:40:09.234 DEBUG [correlationId=1880227f-e497-43a5-8135-b16506b26f69] c.n.e.user.service.UserLookupService - Fetched user userId=2
2026-10-01 16:40:09.288 INFO  [correlationId=1880227f-e497-43a5-8135-b16506b26f69] c.n.e.user.service.UserServiceImpl - User patched userId=2
2026-10-01 16:40:09.291 INFO  [correlationId=1880227f-e497-43a5-8135-b16506b26f69] c.n.e.c.l.HttpRequestLoggingFilter - Request completed method=PATCH path=/api/users/2 status=200 durationMs=64
2026-10-01 16:40:09.369 INFO  [correlationId=98de1378-8c13-4e0b-9757-e7928551e762] c.n.e.c.l.HttpRequestLoggingFilter - Request started method=POST path=/api/auth/login
2026-10-01 16:40:09.425 INFO  [correlationId=98de1378-8c13-4e0b-9757-e7928551e762] c.n.e.auth.service.AuthServiceImpl - User logged in userId=1
2026-10-01 16:40:09.426 INFO  [correlationId=98de1378-8c13-4e0b-9757-e7928551e762] c.n.e.c.l.HttpRequestLoggingFilter - Request completed method=POST path=/api/auth/login status=200 durationMs=58
2026-10-01 16:40:09.485 INFO  [correlationId=2fb6ab3b-8cfc-4efc-9d6d-b8077e5bb4f6] c.n.e.c.l.HttpRequestLoggingFilter - Request started method=GET path=/api/users/2
2026-10-01 16:40:09.491 DEBUG [correlationId=2fb6ab3b-8cfc-4efc-9d6d-b8077e5bb4f6] c.n.e.user.service.UserServiceImpl - Fetching user userId=2
2026-10-01 16:40:09.493 DEBUG [correlationId=2fb6ab3b-8cfc-4efc-9d6d-b8077e5bb4f6] c.n.e.user.service.UserLookupService - Fetched user userId=2
2026-10-01 16:40:09.495 INFO  [correlationId=2fb6ab3b-8cfc-4efc-9d6d-b8077e5bb4f6] c.n.e.c.l.HttpRequestLoggingFilter - Request completed method=GET path=/api/users/2 status=200 durationMs=10
2026-10-01 16:40:09.571 INFO  [correlationId=706619ec-c0e0-4e07-b239-712dde461832] c.n.e.c.l.HttpRequestLoggingFilter - Request started method=POST path=/api/auth/login
2026-10-01 16:40:09.627 INFO  [correlationId=706619ec-c0e0-4e07-b239-712dde461832] c.n.e.auth.service.AuthServiceImpl - User logged in userId=1
2026-10-01 16:40:09.628 INFO  [correlationId=706619ec-c0e0-4e07-b239-712dde461832] c.n.e.c.l.HttpRequestLoggingFilter - Request completed method=POST path=/api/auth/login status=200 durationMs=57
2026-10-01 16:40:09.629 INFO  [correlationId=526f8299-cb09-45f8-95ea-951c8db7e3e7] c.n.e.c.l.HttpRequestLoggingFilter - Request started method=GET path=/api/users/1
2026-10-01 16:40:09.635 DEBUG [correlationId=526f8299-cb09-45f8-95ea-951c8db7e3e7] c.n.e.user.service.UserServiceImpl - Fetching user userId=1
2026-10-01 16:40:09.637 DEBUG [correlationId=526f8299-cb09-45f8-95ea-951c8db7e3e7] c.n.e.user.service.UserLookupService - Fetched user userId=1
2026-10-01 16:40:09.639 INFO  [correlationId=526f8299-cb09-45f8-95ea-951c8db7e3e7] c.n.e.c.l.HttpRequestLoggingFilter - Request completed method=GET path=/api/users/1 status=200 durationMs=8
2026-10-01 16:40:09.663 INFO  [correlationId=7da7290b-63b5-4758-b261-38ed05b7f9a2] c.n.e.c.l.HttpRequestLoggingFilter - Request started method=GET path=/api/users/999
2026-10-01 16:40:09.665 INFO  [correlationId=7da7290b-63b5-4758-b261-38ed05b7f9a2] c.n.e.c.l.HttpRequestLoggingFilter - Request completed method=GET path=/api/users/999 status=401 durationMs=1
2026-10-01 16:40:09.745 INFO  [correlationId=97ede697-33c0-42d4-9796-9667630f010e] c.n.e.c.l.HttpRequestLoggingFilter - Request started method=POST path=/api/auth/login
2026-10-01 16:40:09.805 INFO  [correlationId=97ede697-33c0-42d4-9796-9667630f010e] c.n.e.auth.service.AuthServiceImpl - User logged in userId=1
2026-10-01 16:40:09.806 INFO  [correlationId=97ede697-33c0-42d4-9796-9667630f010e] c.n.e.c.l.HttpRequestLoggingFilter - Request completed method=POST path=/api/auth/login status=200 durationMs=61
2026-10-01 16:40:09.863 INFO  [correlationId=c588d490-19e4-4659-9db3-4cfaef0ad172] c.n.e.c.l.HttpRequestLoggingFilter - Request started method=PUT path=/api/users/2
2026-10-01 16:40:09.868 WARN  [correlationId=c588d490-19e4-4659-9db3-4cfaef0ad172] c.n.e.c.e.GlobalExceptionHandler - Request failed status=403 method=PUT path=/api/users/2 exception=AuthorizationDeniedException
2026-10-01 16:40:09.869 INFO  [correlationId=c588d490-19e4-4659-9db3-4cfaef0ad172] c.n.e.c.l.HttpRequestLoggingFilter - Request completed method=PUT path=/api/users/2 status=403 durationMs=6
2026-10-01 16:40:09.947 INFO  [correlationId=9d6f1254-1b25-4b74-918d-2b1d57e22e6f] c.n.e.c.l.HttpRequestLoggingFilter - Request started method=POST path=/api/auth/login
2026-10-01 16:40:10.006 INFO  [correlationId=9d6f1254-1b25-4b74-918d-2b1d57e22e6f] c.n.e.auth.service.AuthServiceImpl - User logged in userId=1
2026-10-01 16:40:10.006 INFO  [correlationId=9d6f1254-1b25-4b74-918d-2b1d57e22e6f] c.n.e.c.l.HttpRequestLoggingFilter - Request completed method=POST path=/api/auth/login status=200 durationMs=60
2026-10-01 16:40:10.007 INFO  [correlationId=f25de406-fdf7-46b7-855b-db829ed49d03] c.n.e.c.l.HttpRequestLoggingFilter - Request started method=PATCH path=/api/users/1
2026-10-01 16:40:10.016 INFO  [correlationId=f25de406-fdf7-46b7-855b-db829ed49d03] c.n.e.user.service.UserServiceImpl - Patching user userId=1
2026-10-01 16:40:10.019 DEBUG [correlationId=f25de406-fdf7-46b7-855b-db829ed49d03] c.n.e.user.service.UserLookupService - Fetched user userId=1
2026-10-01 16:40:10.081 INFO  [correlationId=f25de406-fdf7-46b7-855b-db829ed49d03] c.n.e.user.service.UserServiceImpl - User patched userId=1
2026-10-01 16:40:10.088 INFO  [correlationId=f25de406-fdf7-46b7-855b-db829ed49d03] c.n.e.c.l.HttpRequestLoggingFilter - Request completed method=PATCH path=/api/users/1 status=200 durationMs=80
2026-10-01 16:40:10.167 INFO  [correlationId=4f266631-ff2e-4a00-8ee5-95a763f836fa] c.n.e.c.l.HttpRequestLoggingFilter - Request started method=POST path=/api/auth/login
2026-10-01 16:40:10.226 INFO  [correlationId=4f266631-ff2e-4a00-8ee5-95a763f836fa] c.n.e.auth.service.AuthServiceImpl - User logged in userId=1
2026-10-01 16:40:10.226 INFO  [correlationId=4f266631-ff2e-4a00-8ee5-95a763f836fa] c.n.e.c.l.HttpRequestLoggingFilter - Request completed method=POST path=/api/auth/login status=200 durationMs=58
2026-10-01 16:40:10.227 INFO  [correlationId=d908e2a7-2b3b-4a13-a3df-f8c2b8b7efa0] c.n.e.c.l.HttpRequestLoggingFilter - Request started method=GET path=/api/users
2026-10-01 16:40:10.242 DEBUG [correlationId=d908e2a7-2b3b-4a13-a3df-f8c2b8b7efa0] c.n.e.user.service.UserServiceImpl - Fetching users page=0 size=10 sort=id: ASC
2026-10-01 16:40:10.254 INFO  [correlationId=d908e2a7-2b3b-4a13-a3df-f8c2b8b7efa0] c.n.e.c.l.HttpRequestLoggingFilter - Request completed method=GET path=/api/users status=200 durationMs=27
2026-10-01 16:40:10.354 INFO  [correlationId=9d1fda69-614f-4818-a21e-03c58631acc2] c.n.e.c.l.HttpRequestLoggingFilter - Request started method=POST path=/api/auth/login
2026-10-01 16:40:10.414 INFO  [correlationId=9d1fda69-614f-4818-a21e-03c58631acc2] c.n.e.auth.service.AuthServiceImpl - User logged in userId=1
2026-10-01 16:40:10.414 INFO  [correlationId=9d1fda69-614f-4818-a21e-03c58631acc2] c.n.e.c.l.HttpRequestLoggingFilter - Request completed method=POST path=/api/auth/login status=200 durationMs=60
2026-10-01 16:40:10.415 INFO  [correlationId=48902166-3bd9-4384-9641-b853c5883425] c.n.e.c.l.HttpRequestLoggingFilter - Request started method=PUT path=/api/users/1
2026-10-01 16:40:10.422 INFO  [correlationId=48902166-3bd9-4384-9641-b853c5883425] c.n.e.user.service.UserServiceImpl - Updating user userId=1
2026-10-01 16:40:10.424 DEBUG [correlationId=48902166-3bd9-4384-9641-b853c5883425] c.n.e.user.service.UserLookupService - Fetched user userId=1
2026-10-01 16:40:10.478 INFO  [correlationId=48902166-3bd9-4384-9641-b853c5883425] c.n.e.user.service.UserServiceImpl - User updated userId=1
2026-10-01 16:40:10.482 INFO  [correlationId=48902166-3bd9-4384-9641-b853c5883425] c.n.e.c.l.HttpRequestLoggingFilter - Request completed method=PUT path=/api/users/1 status=200 durationMs=67
2026-10-01 16:40:10.560 INFO  [correlationId=ee90302d-7793-42d2-82fc-2aa5cd56e7d9] c.n.e.c.l.HttpRequestLoggingFilter - Request started method=POST path=/api/auth/login
2026-10-01 16:40:10.619 INFO  [correlationId=ee90302d-7793-42d2-82fc-2aa5cd56e7d9] c.n.e.auth.service.AuthServiceImpl - User logged in userId=1
2026-10-01 16:40:10.619 INFO  [correlationId=ee90302d-7793-42d2-82fc-2aa5cd56e7d9] c.n.e.c.l.HttpRequestLoggingFilter - Request completed method=POST path=/api/auth/login status=200 durationMs=58
2026-10-01 16:40:10.620 INFO  [correlationId=ace2f3ac-e754-4b5d-bf95-e245d7cf618a] c.n.e.c.l.HttpRequestLoggingFilter - Request started method=DELETE path=/api/users/1
2026-10-01 16:40:10.626 WARN  [correlationId=ace2f3ac-e754-4b5d-bf95-e245d7cf618a] c.n.e.c.e.GlobalExceptionHandler - Request failed status=403 method=DELETE path=/api/users/1 exception=AuthorizationDeniedException
2026-10-01 16:40:10.627 INFO  [correlationId=ace2f3ac-e754-4b5d-bf95-e245d7cf618a] c.n.e.c.l.HttpRequestLoggingFilter - Request completed method=DELETE path=/api/users/1 status=403 durationMs=7
2026-10-01 16:40:10.760 INFO  [correlationId=1bde5bf8-ef45-4798-82db-55e389ce4d05] c.n.e.c.l.HttpRequestLoggingFilter - Request started method=POST path=/api/auth/login
2026-10-01 16:40:10.815 INFO  [correlationId=1bde5bf8-ef45-4798-82db-55e389ce4d05] c.n.e.auth.service.AuthServiceImpl - User logged in userId=2
2026-10-01 16:40:10.816 INFO  [correlationId=1bde5bf8-ef45-4798-82db-55e389ce4d05] c.n.e.c.l.HttpRequestLoggingFilter - Request completed method=POST path=/api/auth/login status=200 durationMs=56
2026-10-01 16:40:10.817 INFO  [correlationId=505546e7-d3d3-4436-9a8e-980c8f7a666d] c.n.e.c.l.HttpRequestLoggingFilter - Request started method=DELETE path=/api/users/1
2026-10-01 16:40:10.826 DEBUG [correlationId=505546e7-d3d3-4436-9a8e-980c8f7a666d] c.n.e.user.service.UserLookupService - Fetched user userId=1
2026-10-01 16:40:10.827 INFO  [correlationId=505546e7-d3d3-4436-9a8e-980c8f7a666d] c.n.e.user.service.UserServiceImpl - User deleted userId=1
2026-10-01 16:40:10.833 INFO  [correlationId=505546e7-d3d3-4436-9a8e-980c8f7a666d] c.n.e.c.l.HttpRequestLoggingFilter - Request completed method=DELETE path=/api/users/1 status=204 durationMs=15
2026-10-01 16:40:10.853 INFO  [correlationId=e7a1f7ed-aa18-463e-8d08-bb82fab317cb] c.n.e.c.l.HttpRequestLoggingFilter - Request started method=DELETE path=/api/users/999
2026-10-01 16:40:10.855 INFO  [correlationId=e7a1f7ed-aa18-463e-8d08-bb82fab317cb] c.n.e.c.l.HttpRequestLoggingFilter - Request completed method=DELETE path=/api/users/999 status=401 durationMs=2
2026-10-01 16:40:10.933 INFO  [correlationId=6a2ce985-f2b5-4250-8347-1e38b442ea13] c.n.e.c.l.HttpRequestLoggingFilter - Request started method=POST path=/api/auth/login
2026-10-01 16:40:10.988 INFO  [correlationId=6a2ce985-f2b5-4250-8347-1e38b442ea13] c.n.e.auth.service.AuthServiceImpl - User logged in userId=1
2026-10-01 16:40:10.989 INFO  [correlationId=6a2ce985-f2b5-4250-8347-1e38b442ea13] c.n.e.c.l.HttpRequestLoggingFilter - Request completed method=POST path=/api/auth/login status=200 durationMs=56
2026-10-01 16:40:11.045 INFO  [correlationId=87e4f74d-c8fb-466f-a6f2-91b381a24105] c.n.e.c.l.HttpRequestLoggingFilter - Request started method=GET path=/api/users/2
2026-10-01 16:40:11.051 WARN  [correlationId=87e4f74d-c8fb-466f-a6f2-91b381a24105] c.n.e.c.e.GlobalExceptionHandler - Request failed status=403 method=GET path=/api/users/2 exception=AuthorizationDeniedException
2026-10-01 16:40:11.051 INFO  [correlationId=87e4f74d-c8fb-466f-a6f2-91b381a24105] c.n.e.c.l.HttpRequestLoggingFilter - Request completed method=GET path=/api/users/2 status=403 durationMs=5
2026-10-01 16:40:11.072 INFO  [correlationId=284bc066-3273-444c-a55e-b63338f9a0ff] c.n.e.c.l.HttpRequestLoggingFilter - Request started method=PUT path=/api/users/999
2026-10-01 16:40:11.074 INFO  [correlationId=284bc066-3273-444c-a55e-b63338f9a0ff] c.n.e.c.l.HttpRequestLoggingFilter - Request completed method=PUT path=/api/users/999 status=401 durationMs=1
2026-10-01 16:40:11.079 INFO  [correlationId=] o.s.t.c.s.AnnotationConfigContextLoaderUtils - Could not detect default configuration classes for test class [com.namnguyen.ecommerce_platform.integration.user.UserIntegrationTest]: UserIntegrationTest does not declare any static, non-private, non-final, nested classes annotated with @Configuration.
2026-10-01 16:40:11.134 INFO  [correlationId=] o.s.b.t.c.SpringBootTestContextBootstrapper - Found @SpringBootConfiguration com.namnguyen.ecommerce_platform.EcommercePlatformApplication for test class com.namnguyen.ecommerce_platform.integration.user.UserIntegrationTest
2026-10-01 16:40:11.136 INFO  [correlationId=] o.s.t.c.s.AnnotationConfigContextLoaderUtils - Could not detect default configuration classes for test class [com.namnguyen.ecommerce_platform.integration.user.UserIntegrationTest]: UserIntegrationTest does not declare any static, non-private, non-final, nested classes annotated with @Configuration.
2026-10-01 16:40:11.136 INFO  [correlationId=] o.s.t.c.s.AnnotationConfigContextLoaderUtils - Could not detect default configuration classes for test class [com.namnguyen.ecommerce_platform.integration.BaseIntegrationTest]: BaseIntegrationTest does not declare any static, non-private, non-final, nested classes annotated with @Configuration.
2026-10-01 16:40:11.144 INFO  [correlationId=] o.s.b.t.c.SpringBootTestContextBootstrapper - Found @SpringBootConfiguration com.namnguyen.ecommerce_platform.EcommercePlatformApplication for test class com.namnguyen.ecommerce_platform.integration.user.UserIntegrationTest
2026-10-01 16:40:11.144 WARN  [correlationId=] o.s.b.t.c.SpringBootTestContextBootstrapper - For test class [com.namnguyen.ecommerce_platform.integration.user.UserIntegrationTest], the following 'default' context configuration classes were detected but are currently ignored: com.namnguyen.ecommerce_platform.integration.AbstractIntegrationTestSupport$IntegrationTestConfig. In Spring Framework 7.1, these classes will no longer be ignored. Please update your test configuration accordingly. For details, see: https://docs.spring.io/spring-framework/reference/testing/testcontext-framework/ctx-management/default-config.html
2026-10-01 16:40:11.361 DEBUG [correlationId=] c.n.e.user.service.UserServiceImpl - Fetching users page=0 size=10 sort=id: ASC
2026-10-01 16:40:11.511 INFO  [correlationId=] c.n.e.user.service.UserServiceImpl - Patching user userId=2
2026-10-01 16:40:11.513 DEBUG [correlationId=] c.n.e.user.service.UserLookupService - Fetched user userId=2
2026-10-01 16:40:11.521 WARN  [correlationId=] c.n.e.c.e.GlobalExceptionHandler - Request failed status=409 method=PATCH path=/api/users/2 exception=DuplicateResourceException
2026-10-01 16:40:11.602 DEBUG [correlationId=] c.n.e.user.service.UserServiceImpl - Fetching user userId=1
2026-10-01 16:40:11.604 DEBUG [correlationId=] c.n.e.user.service.UserLookupService - Fetched user userId=1
2026-10-01 16:40:11.694 INFO  [correlationId=] c.n.e.user.service.UserServiceImpl - Updating user userId=1
2026-10-01 16:40:11.696 DEBUG [correlationId=] c.n.e.user.service.UserLookupService - Fetched user userId=1
2026-10-01 16:40:11.751 INFO  [correlationId=] c.n.e.user.service.UserServiceImpl - User updated userId=1
2026-10-01 16:40:11.893 INFO  [correlationId=] c.n.e.user.service.UserServiceImpl - Updating user userId=999999
2026-10-01 16:40:11.897 WARN  [correlationId=] c.n.e.c.e.GlobalExceptionHandler - Request failed status=404 method=PUT path=/api/users/999999 exception=NoResourceFoundException
2026-10-01 16:40:11.977 INFO  [correlationId=] c.n.e.user.service.UserServiceImpl - Patching user userId=1
2026-10-01 16:40:11.979 DEBUG [correlationId=] c.n.e.user.service.UserLookupService - Fetched user userId=1
2026-10-01 16:40:11.980 INFO  [correlationId=] c.n.e.user.service.UserServiceImpl - User patched userId=1
2026-10-01 16:40:12.121 INFO  [correlationId=] c.n.e.user.service.UserServiceImpl - Updating user userId=1
2026-10-01 16:40:12.124 DEBUG [correlationId=] c.n.e.user.service.UserLookupService - Fetched user userId=1
2026-10-01 16:40:12.129 WARN  [correlationId=] c.n.e.c.e.GlobalExceptionHandler - Request failed status=409 method=PUT path=/api/users/1 exception=DuplicateResourceException
2026-10-01 16:40:12.210 INFO  [correlationId=] c.n.e.user.service.UserServiceImpl - Patching user userId=999999
2026-10-01 16:40:12.213 WARN  [correlationId=] c.n.e.c.e.GlobalExceptionHandler - Request failed status=404 method=PATCH path=/api/users/999999 exception=NoResourceFoundException
2026-10-01 16:40:12.293 DEBUG [correlationId=] c.n.e.user.service.UserServiceImpl - Fetching user userId=999
2026-10-01 16:40:12.296 WARN  [correlationId=] c.n.e.c.e.GlobalExceptionHandler - Request failed status=404 method=GET path=/api/users/999 exception=NoResourceFoundException
2026-10-01 16:40:12.438 DEBUG [correlationId=] c.n.e.user.service.UserLookupService - Fetched user userId=2
2026-10-01 16:40:12.438 INFO  [correlationId=] c.n.e.user.service.UserServiceImpl - User deleted userId=2
2026-10-01 16:40:12.635 DEBUG [correlationId=] c.n.e.user.service.UserServiceImpl - Fetching users page=0 size=10 sort=id: ASC
2026-10-01 16:40:12.778 DEBUG [correlationId=] c.n.e.user.service.UserServiceImpl - Fetching user userId=2
2026-10-01 16:40:12.781 DEBUG [correlationId=] c.n.e.user.service.UserLookupService - Fetched user userId=2
2026-10-01 16:40:12.866 WARN  [correlationId=] c.n.e.c.e.GlobalExceptionHandler - Request failed status=404 method=DELETE path=/api/users/999999 exception=NoResourceFoundException
2026-10-01 16:40:12.893 INFO  [correlationId=] o.s.t.c.s.AnnotationConfigContextLoaderUtils - Could not detect default configuration classes for test class [com.namnguyen.ecommerce_platform.order.controller.OrderControllerTest]: OrderControllerTest does not declare any static, non-private, non-final, nested classes annotated with @Configuration.
2026-10-01 16:40:12.962 INFO  [correlationId=] o.s.b.t.c.SpringBootTestContextBootstrapper - Found @SpringBootConfiguration com.namnguyen.ecommerce_platform.EcommercePlatformApplication for test class com.namnguyen.ecommerce_platform.order.controller.OrderControllerTest
2026-10-01 16:40:12.963 INFO  [correlationId=] o.s.t.c.s.AnnotationConfigContextLoaderUtils - Could not detect default configuration classes for test class [com.namnguyen.ecommerce_platform.order.controller.OrderControllerTest]: OrderControllerTest does not declare any static, non-private, non-final, nested classes annotated with @Configuration.
2026-10-01 16:40:12.981 INFO  [correlationId=] o.s.b.t.c.SpringBootTestContextBootstrapper - Found @SpringBootConfiguration com.namnguyen.ecommerce_platform.EcommercePlatformApplication for test class com.namnguyen.ecommerce_platform.order.controller.OrderControllerTest
2026-10-01 16:40:13.020 INFO  [correlationId=] c.n.e.o.c.OrderControllerTest - Starting OrderControllerTest using Java 24 with PID 29976 (started by Nam Nguyen in C:\Programming\PersonalProject\EcommercePlatformProject)
2026-10-01 16:40:13.020 DEBUG [correlationId=] c.n.e.o.c.OrderControllerTest - Running with Spring Boot v4.1.0, Spring v7.0.8
2026-10-01 16:40:13.020 INFO  [correlationId=] c.n.e.o.c.OrderControllerTest - No active profile set, falling back to 1 default profile: "default"
2026-10-01 16:40:13.406 WARN  [correlationId=] o.s.b.s.a.UserDetailsServiceAutoConfiguration - 

Using generated security password: 067935ae-bcbb-4438-ac26-9e502d8142f1

This generated password is for development use only. Your security configuration must be updated before running your application in production.

2026-10-01 16:40:13.408 INFO  [correlationId=] o.s.b.t.m.w.SpringBootMockServletContext - Initializing Spring TestDispatcherServlet ''
2026-10-01 16:40:13.408 INFO  [correlationId=] o.s.t.w.s.TestDispatcherServlet - Initializing Servlet ''
2026-10-01 16:40:13.409 INFO  [correlationId=] o.s.t.w.s.TestDispatcherServlet - Completed initialization in 1 ms
2026-10-01 16:40:13.418 WARN  [correlationId=] o.s.s.c.a.a.c.InitializeUserDetailsBeanManagerConfigurer$InitializeUserDetailsManagerConfigurer - Found 2 UserDetailsService beans, with names [inMemoryUserDetailsManager, com.namnguyen.ecommerce_platform.security.user.CustomUserDetailsService#0]. Global Authentication Manager will not use a UserDetailsService for username/password login. Consider publishing a single UserDetailsService bean.
2026-10-01 16:40:13.435 INFO  [correlationId=] c.n.e.o.c.OrderControllerTest - Started OrderControllerTest in 0.45 seconds (process running for 44.066)
2026-10-01 16:40:13.532 WARN  [correlationId=] c.n.e.c.e.GlobalExceptionHandler - Request argument validation failed status=400 method=GET path=/api/orders fieldErrorCount=1
2026-10-01 16:40:13.551 WARN  [correlationId=] c.n.e.c.e.GlobalExceptionHandler - Request argument validation failed status=400 method=POST path=/api/orders fieldErrorCount=1
2026-10-01 16:40:13.597 WARN  [correlationId=] c.n.e.c.e.GlobalExceptionHandler - Request argument validation failed status=400 method=POST path=/api/orders fieldErrorCount=1
2026-10-01 16:40:13.612 WARN  [correlationId=] c.n.e.c.e.GlobalExceptionHandler - Request argument validation failed status=400 method=POST path=/api/orders fieldErrorCount=1
2026-10-01 16:40:13.646 WARN  [correlationId=] c.n.e.c.e.GlobalExceptionHandler - Request argument validation failed status=400 method=GET path=/api/orders fieldErrorCount=1
2026-10-01 16:40:13.662 WARN  [correlationId=] c.n.e.c.e.GlobalExceptionHandler - Request failed status=404 method=GET path=/api/orders/2 exception=NoResourceFoundException
2026-10-01 16:40:13.680 WARN  [correlationId=] c.n.e.c.e.GlobalExceptionHandler - Request argument validation failed status=400 method=GET path=/api/orders fieldErrorCount=1
2026-10-01 16:40:13.696 WARN  [correlationId=] c.n.e.c.e.GlobalExceptionHandler - Request argument validation failed status=400 method=GET path=/api/orders fieldErrorCount=1
2026-10-01 16:40:13.709 WARN  [correlationId=] c.n.e.c.e.GlobalExceptionHandler - Request argument validation failed status=400 method=POST path=/api/orders fieldErrorCount=1
2026-10-01 16:40:13.721 WARN  [correlationId=] c.n.e.c.e.GlobalExceptionHandler - Request argument validation failed status=400 method=POST path=/api/orders fieldErrorCount=1
2026-10-01 16:40:13.734 WARN  [correlationId=] c.n.e.c.e.GlobalExceptionHandler - Request failed status=400 method=PATCH path=/api/orders/2/cancel exception=InvalidOrderStateException
2026-10-01 16:40:13.746 WARN  [correlationId=] c.n.e.c.e.GlobalExceptionHandler - Request argument validation failed status=400 method=POST path=/api/orders fieldErrorCount=1
2026-10-01 16:40:13.759 WARN  [correlationId=] c.n.e.c.e.GlobalExceptionHandler - Request argument validation failed status=400 method=POST path=/api/orders fieldErrorCount=1
2026-10-01 16:40:13.772 WARN  [correlationId=] c.n.e.c.e.GlobalExceptionHandler - Request failed status=404 method=POST path=/api/orders exception=NoResourceFoundException
2026-10-01 16:40:13.786 WARN  [correlationId=] c.n.e.c.e.GlobalExceptionHandler - Request argument validation failed status=400 method=GET path=/api/orders fieldErrorCount=1
2026-10-01 16:40:13.800 WARN  [correlationId=] c.n.e.c.e.GlobalExceptionHandler - Request failed status=400 method=POST path=/api/orders/checkout exception=InvalidCartStateException
2026-10-01 16:40:13.832 WARN  [correlationId=] c.n.e.c.e.GlobalExceptionHandler - Request failed status=400 method=PATCH path=/api/orders/test/cancel exception=MethodArgumentTypeMismatchException
2026-10-01 16:40:13.845 WARN  [correlationId=] c.n.e.c.e.GlobalExceptionHandler - Request failed status=400 method=GET path=/api/orders/test exception=MethodArgumentTypeMismatchException
2026-10-01 16:40:13.857 WARN  [correlationId=] c.n.e.c.e.GlobalExceptionHandler - Request failed status=404 method=PATCH path=/api/orders/2/cancel exception=NoResourceFoundException
2026-10-01 16:40:13.868 WARN  [correlationId=] c.n.e.c.e.GlobalExceptionHandler - Request failed status=400 method=PATCH path=/api/orders/2/cancel exception=InvalidOrderStateException
2026-10-01 16:40:14.097 INFO  [correlationId=] c.n.e.order.service.OrderServiceImpl - Checking out user cart userId=1
2026-10-01 16:40:14.097 DEBUG [correlationId=] c.n.e.order.service.OrderServiceImpl - Creating order item productId=3 quantity=2
2026-10-01 16:40:14.097 INFO  [correlationId=] c.n.e.order.service.OrderServiceImpl - Cart checked out userId=1 orderId=5
2026-10-01 16:40:14.100 DEBUG [correlationId=] c.n.e.order.service.OrderServiceImpl - Fetching order orderId=2 userId=1
2026-10-01 16:40:14.104 DEBUG [correlationId=] c.n.e.order.service.OrderServiceImpl - Fetching order orderId=2 userId=1
2026-10-01 16:40:14.107 INFO  [correlationId=] c.n.e.order.service.OrderServiceImpl - Creating order userId=1 itemCount=1
2026-10-01 16:40:14.107 DEBUG [correlationId=] c.n.e.order.service.OrderServiceImpl - Creating order item productId=3 quantity=11
2026-10-01 16:40:14.110 INFO  [correlationId=] c.n.e.order.service.OrderServiceImpl - Cancelling order orderId=2 userId=1
2026-10-01 16:40:14.114 INFO  [correlationId=] c.n.e.order.service.OrderServiceImpl - Checking out user cart userId=1
2026-10-01 16:40:14.114 DEBUG [correlationId=] c.n.e.order.service.OrderServiceImpl - Creating order item productId=3 quantity=11
2026-10-01 16:40:14.120 INFO  [correlationId=] c.n.e.order.service.OrderServiceImpl - Cancelling order orderId=2 userId=1
2026-10-01 16:40:14.120 INFO  [correlationId=] c.n.e.order.service.OrderServiceImpl - Order cancelled orderId=2
2026-10-01 16:40:14.124 DEBUG [correlationId=] c.n.e.order.service.OrderServiceImpl - Fetching orders userId=1 page=0 size=2 sort=UNSORTED
2026-10-01 16:40:14.124 DEBUG [correlationId=] c.n.e.order.service.OrderServiceImpl - Fetched orders page=0 returned=0 totalElements=0
2026-10-01 16:40:14.130 INFO  [correlationId=] c.n.e.order.service.OrderServiceImpl - Cancelling order orderId=2 userId=1
2026-10-01 16:40:14.136 INFO  [correlationId=] c.n.e.order.service.OrderServiceImpl - Cancelling order orderId=2 userId=1
2026-10-01 16:40:14.139 INFO  [correlationId=] c.n.e.order.service.OrderServiceImpl - Checking out user cart userId=1
2026-10-01 16:40:14.143 INFO  [correlationId=] c.n.e.order.service.OrderServiceImpl - Cancelling order orderId=2 userId=1
2026-10-01 16:40:14.143 INFO  [correlationId=] c.n.e.order.service.OrderServiceImpl - Order cancelled orderId=2
2026-10-01 16:40:14.149 INFO  [correlationId=] c.n.e.order.service.OrderServiceImpl - Creating order userId=1 itemCount=1
2026-10-01 16:40:14.149 DEBUG [correlationId=] c.n.e.order.service.OrderServiceImpl - Creating order item productId=3 quantity=10
2026-10-01 16:40:14.150 INFO  [correlationId=] c.n.e.order.service.OrderServiceImpl - Order created orderId=4 userId=1 itemCount=1
2026-10-01 16:40:14.152 DEBUG [correlationId=] c.n.e.order.service.OrderServiceImpl - Fetching orders userId=1 page=0 size=2 sort=UNSORTED
2026-10-01 16:40:14.152 DEBUG [correlationId=] c.n.e.order.service.OrderServiceImpl - Fetched orders page=0 returned=2 totalElements=2
2026-10-01 16:40:14.157 INFO  [correlationId=] c.n.e.order.service.OrderServiceImpl - Creating order userId=1 itemCount=1
2026-10-01 16:40:14.162 INFO  [correlationId=] c.n.e.order.service.OrderServiceImpl - Creating order userId=1 itemCount=2
2026-10-01 16:40:14.162 DEBUG [correlationId=] c.n.e.order.service.OrderServiceImpl - Creating order item productId=3 quantity=2
2026-10-01 16:40:14.162 DEBUG [correlationId=] c.n.e.order.service.OrderServiceImpl - Creating order item productId=4 quantity=3
2026-10-01 16:40:14.162 INFO  [correlationId=] c.n.e.order.service.OrderServiceImpl - Order created orderId=2 userId=1 itemCount=2
2026-10-01 16:40:14.170 INFO  [correlationId=] c.n.e.order.service.OrderServiceImpl - Checking out user cart userId=1
2026-10-01 16:40:14.176 INFO  [correlationId=] c.n.e.order.service.OrderServiceImpl - Checking out user cart userId=1
2026-10-01 16:40:14.181 INFO  [correlationId=] c.n.e.order.service.OrderServiceImpl - Checking out user cart userId=1
2026-10-01 16:40:14.181 DEBUG [correlationId=] c.n.e.order.service.OrderServiceImpl - Creating order item productId=3 quantity=10
2026-10-01 16:40:14.181 INFO  [correlationId=] c.n.e.order.service.OrderServiceImpl - Cart checked out userId=1 orderId=5
2026-10-01 16:40:14.185 INFO  [correlationId=] c.n.e.order.service.OrderServiceImpl - Creating order userId=999 itemCount=1
2026-10-01 16:40:14.193 INFO  [correlationId=] o.s.t.c.s.AnnotationConfigContextLoaderUtils - Could not detect default configuration classes for test class [com.namnguyen.ecommerce_platform.payment.controller.PaymentControllerTest]: PaymentControllerTest does not declare any static, non-private, non-final, nested classes annotated with @Configuration.
2026-10-01 16:40:14.259 INFO  [correlationId=] o.s.b.t.c.SpringBootTestContextBootstrapper - Found @SpringBootConfiguration com.namnguyen.ecommerce_platform.EcommercePlatformApplication for test class com.namnguyen.ecommerce_platform.payment.controller.PaymentControllerTest
2026-10-01 16:40:14.261 INFO  [correlationId=] o.s.t.c.s.AnnotationConfigContextLoaderUtils - Could not detect default configuration classes for test class [com.namnguyen.ecommerce_platform.payment.controller.PaymentControllerTest]: PaymentControllerTest does not declare any static, non-private, non-final, nested classes annotated with @Configuration.
2026-10-01 16:40:14.276 INFO  [correlationId=] o.s.b.t.c.SpringBootTestContextBootstrapper - Found @SpringBootConfiguration com.namnguyen.ecommerce_platform.EcommercePlatformApplication for test class com.namnguyen.ecommerce_platform.payment.controller.PaymentControllerTest
2026-10-01 16:40:14.314 INFO  [correlationId=] c.n.e.p.c.PaymentControllerTest - Starting PaymentControllerTest using Java 24 with PID 29976 (started by Nam Nguyen in C:\Programming\PersonalProject\EcommercePlatformProject)
2026-10-01 16:40:14.314 DEBUG [correlationId=] c.n.e.p.c.PaymentControllerTest - Running with Spring Boot v4.1.0, Spring v7.0.8
2026-10-01 16:40:14.315 INFO  [correlationId=] c.n.e.p.c.PaymentControllerTest - No active profile set, falling back to 1 default profile: "default"
2026-10-01 16:40:14.792 WARN  [correlationId=] o.s.b.s.a.UserDetailsServiceAutoConfiguration - 

Using generated security password: a56bb033-4e8d-44fd-a4d4-26b6d3937705

This generated password is for development use only. Your security configuration must be updated before running your application in production.

2026-10-01 16:40:14.806 INFO  [correlationId=] o.s.b.t.m.w.SpringBootMockServletContext - Initializing Spring TestDispatcherServlet ''
2026-10-01 16:40:14.806 INFO  [correlationId=] o.s.t.w.s.TestDispatcherServlet - Initializing Servlet ''
2026-10-01 16:40:14.808 INFO  [correlationId=] o.s.t.w.s.TestDispatcherServlet - Completed initialization in 1 ms
2026-10-01 16:40:14.820 WARN  [correlationId=] o.s.s.c.a.a.c.InitializeUserDetailsBeanManagerConfigurer$InitializeUserDetailsManagerConfigurer - Found 2 UserDetailsService beans, with names [inMemoryUserDetailsManager, com.namnguyen.ecommerce_platform.security.user.CustomUserDetailsService#0]. Global Authentication Manager will not use a UserDetailsService for username/password login. Consider publishing a single UserDetailsService bean.
2026-10-01 16:40:14.845 INFO  [correlationId=] c.n.e.p.c.PaymentControllerTest - Started PaymentControllerTest in 0.564 seconds (process running for 45.476)
2026-10-01 16:40:14.887 WARN  [correlationId=] c.n.e.c.e.GlobalExceptionHandler - Request failed status=404 method=GET path=/api/orders/2/payments exception=NoResourceFoundException
2026-10-01 16:40:14.915 WARN  [correlationId=] c.n.e.c.e.GlobalExceptionHandler - Request failed status=400 method=POST path=/api/orders/2/payments/confirm exception=MissingServletRequestParameterException
2026-10-01 16:40:14.938 WARN  [correlationId=] c.n.e.c.e.GlobalExceptionHandler - Request argument validation failed status=400 method=POST path=/api/orders/2/payments fieldErrorCount=1
2026-10-01 16:40:14.954 WARN  [correlationId=] c.n.e.c.e.GlobalExceptionHandler - Request failed status=400 method=POST path=/api/orders/2/payments/confirm exception=InvalidPaymentStateException
2026-10-01 16:40:14.968 WARN  [correlationId=] c.n.e.c.e.GlobalExceptionHandler - Request failed status=400 method=PATCH path=/api/orders/2/payments exception=HttpMessageNotReadableException
2026-10-01 16:40:14.981 WARN  [correlationId=] c.n.e.c.e.GlobalExceptionHandler - Request failed status=400 method=POST path=/api/orders/test/payments exception=MethodArgumentTypeMismatchException
2026-10-01 16:40:14.998 WARN  [correlationId=] c.n.e.c.e.GlobalExceptionHandler - Request failed status=404 method=PATCH path=/api/orders/2/payments exception=NoResourceFoundException
2026-10-01 16:40:15.011 WARN  [correlationId=] c.n.e.c.e.GlobalExceptionHandler - Request failed status=400 method=PATCH path=/api/orders/2/payments exception=InvalidPaymentStateException
2026-10-01 16:40:15.045 WARN  [correlationId=] c.n.e.c.e.GlobalExceptionHandler - Request failed status=400 method=GET path=/api/orders/test/payments exception=MethodArgumentTypeMismatchException
2026-10-01 16:40:15.060 WARN  [correlationId=] c.n.e.c.e.GlobalExceptionHandler - Request failed status=404 method=POST path=/api/orders/2/payments/confirm exception=NoResourceFoundException
2026-10-01 16:40:15.088 WARN  [correlationId=] c.n.e.c.e.GlobalExceptionHandler - Request failed status=400 method=POST path=/api/orders/2/payments/confirm exception=MethodArgumentTypeMismatchException
2026-10-01 16:40:15.107 WARN  [correlationId=] c.n.e.c.e.GlobalExceptionHandler - Request failed status=400 method=POST path=/api/orders/2/payments exception=InvalidOrderStateException
2026-10-01 16:40:15.125 WARN  [correlationId=] c.n.e.c.e.GlobalExceptionHandler - Request failed status=404 method=PATCH path=/api/orders/2/payments exception=NoResourceFoundException
2026-10-01 16:40:15.138 WARN  [correlationId=] c.n.e.c.e.GlobalExceptionHandler - Request failed status=400 method=POST path=/api/orders/2/payments/confirm exception=InvalidOrderStateException
2026-10-01 16:40:15.151 WARN  [correlationId=] c.n.e.c.e.GlobalExceptionHandler - Request argument validation failed status=400 method=PATCH path=/api/orders/2/payments fieldErrorCount=1
2026-10-01 16:40:15.167 WARN  [correlationId=] c.n.e.c.e.GlobalExceptionHandler - Request failed status=404 method=POST path=/api/orders/2/payments exception=NoResourceFoundException
2026-10-01 16:40:15.182 WARN  [correlationId=] c.n.e.c.e.GlobalExceptionHandler - Request failed status=409 method=POST path=/api/orders/2/payments exception=DuplicateResourceException
2026-10-01 16:40:15.198 WARN  [correlationId=] c.n.e.c.e.GlobalExceptionHandler - Request failed status=400 method=POST path=/api/orders/2/payments/confirm exception=InvalidPaymentStateException
2026-10-01 16:40:15.229 WARN  [correlationId=] c.n.e.c.e.GlobalExceptionHandler - Request failed status=400 method=PATCH path=/api/orders/test/payments exception=MethodArgumentTypeMismatchException
2026-10-01 16:40:15.241 WARN  [correlationId=] c.n.e.c.e.GlobalExceptionHandler - Request failed status=400 method=POST path=/api/orders/2/payments exception=HttpMessageNotReadableException
2026-10-01 16:40:15.264 WARN  [correlationId=] c.n.e.c.e.GlobalExceptionHandler - Request failed status=404 method=GET path=/api/orders/2/payments exception=NoResourceFoundException
2026-10-01 16:40:15.275 WARN  [correlationId=] c.n.e.c.e.GlobalExceptionHandler - Request failed status=404 method=POST path=/api/orders/2/payments/confirm exception=NoResourceFoundException
2026-10-01 16:40:15.296 WARN  [correlationId=] c.n.e.c.e.GlobalExceptionHandler - Request failed status=400 method=POST path=/api/orders/test/payments/confirm exception=MethodArgumentTypeMismatchException
2026-10-01 16:40:15.489 DEBUG [correlationId=] c.n.e.p.service.PaymentServiceImpl - Fetching payment orderId=3 userId=2
2026-10-01 16:40:15.492 INFO  [correlationId=] c.n.e.p.service.PaymentServiceImpl - Submitting payment orderId=1 userId=2
2026-10-01 16:40:15.496 INFO  [correlationId=] c.n.e.p.service.PaymentServiceImpl - Submitting payment orderId=1 userId=2
2026-10-01 16:40:15.498 INFO  [correlationId=] c.n.e.p.service.PaymentServiceImpl - Updating payment orderId=3 userId=2
2026-10-01 16:40:15.500 INFO  [correlationId=] c.n.e.p.service.PaymentServiceImpl - Confirming payment orderId=3 userId=2 status=SUCCESS
2026-10-01 16:40:15.500 INFO  [correlationId=] c.n.e.p.service.PaymentServiceImpl - Payment status updated paymentId=1 status=SUCCESS
2026-10-01 16:40:15.502 INFO  [correlationId=] c.n.e.p.service.PaymentServiceImpl - Updating payment orderId=3 userId=2
2026-10-01 16:40:15.502 INFO  [correlationId=] c.n.e.p.service.PaymentServiceImpl - Payment updated paymentId=1
2026-10-01 16:40:15.505 INFO  [correlationId=] c.n.e.p.service.PaymentServiceImpl - Confirming payment orderId=3 userId=2 status=PENDING
2026-10-01 16:40:15.508 INFO  [correlationId=] c.n.e.p.service.PaymentServiceImpl - Submitting payment orderId=1 userId=2
2026-10-01 16:40:15.508 INFO  [correlationId=] c.n.e.p.service.PaymentServiceImpl - Payment submitted paymentId=3
2026-10-01 16:40:15.510 INFO  [correlationId=] c.n.e.p.service.PaymentServiceImpl - Updating payment orderId=3 userId=2
2026-10-01 16:40:15.513 INFO  [correlationId=] c.n.e.p.service.PaymentServiceImpl - Confirming payment orderId=3 userId=2 status=SUCCESS
2026-10-01 16:40:15.516 INFO  [correlationId=] c.n.e.p.service.PaymentServiceImpl - Confirming payment orderId=3 userId=2 status=FAILED
2026-10-01 16:40:15.520 INFO  [correlationId=] c.n.e.p.service.PaymentServiceImpl - Confirming payment orderId=3 userId=2 status=FAILED
2026-10-01 16:40:15.522 DEBUG [correlationId=] c.n.e.p.service.PaymentServiceImpl - Fetching payment orderId=3 userId=2
2026-10-01 16:40:15.526 INFO  [correlationId=] c.n.e.p.service.PaymentServiceImpl - Submitting payment orderId=1 userId=2
2026-10-01 16:40:15.528 DEBUG [correlationId=] c.n.e.p.service.PaymentServiceImpl - Fetching payment orderId=3 userId=2
2026-10-01 16:40:15.531 INFO  [correlationId=] c.n.e.p.service.PaymentServiceImpl - Confirming payment orderId=3 userId=2 status=SUCCESS
2026-10-01 16:40:15.535 INFO  [correlationId=] c.n.e.p.service.PaymentServiceImpl - Updating payment orderId=3 userId=2
2026-10-01 16:40:15.537 INFO  [correlationId=] c.n.e.p.service.PaymentServiceImpl - Confirming payment orderId=3 userId=2 status=FAILED
2026-10-01 16:40:15.537 INFO  [correlationId=] c.n.e.p.service.PaymentServiceImpl - Payment status updated paymentId=1 status=FAILED
2026-10-01 16:40:15.542 INFO  [correlationId=] o.s.t.c.s.AnnotationConfigContextLoaderUtils - Could not detect default configuration classes for test class [com.namnguyen.ecommerce_platform.product.controller.ProductControllerTest]: ProductControllerTest does not declare any static, non-private, non-final, nested classes annotated with @Configuration.
2026-10-01 16:40:15.613 INFO  [correlationId=] o.s.b.t.c.SpringBootTestContextBootstrapper - Found @SpringBootConfiguration com.namnguyen.ecommerce_platform.EcommercePlatformApplication for test class com.namnguyen.ecommerce_platform.product.controller.ProductControllerTest
2026-10-01 16:40:15.614 INFO  [correlationId=] o.s.t.c.s.AnnotationConfigContextLoaderUtils - Could not detect default configuration classes for test class [com.namnguyen.ecommerce_platform.product.controller.ProductControllerTest]: ProductControllerTest does not declare any static, non-private, non-final, nested classes annotated with @Configuration.
2026-10-01 16:40:15.625 INFO  [correlationId=] o.s.b.t.c.SpringBootTestContextBootstrapper - Found @SpringBootConfiguration com.namnguyen.ecommerce_platform.EcommercePlatformApplication for test class com.namnguyen.ecommerce_platform.product.controller.ProductControllerTest
2026-10-01 16:40:15.652 INFO  [correlationId=] c.n.e.p.c.ProductControllerTest - Starting ProductControllerTest using Java 24 with PID 29976 (started by Nam Nguyen in C:\Programming\PersonalProject\EcommercePlatformProject)
2026-10-01 16:40:15.652 DEBUG [correlationId=] c.n.e.p.c.ProductControllerTest - Running with Spring Boot v4.1.0, Spring v7.0.8
2026-10-01 16:40:15.652 INFO  [correlationId=] c.n.e.p.c.ProductControllerTest - No active profile set, falling back to 1 default profile: "default"
2026-10-01 16:40:16.039 WARN  [correlationId=] o.s.b.s.a.UserDetailsServiceAutoConfiguration - 

Using generated security password: e68259b1-5d39-403f-96f1-26adc4009fcd

This generated password is for development use only. Your security configuration must be updated before running your application in production.

2026-10-01 16:40:16.040 INFO  [correlationId=] o.s.b.t.m.w.SpringBootMockServletContext - Initializing Spring TestDispatcherServlet ''
2026-10-01 16:40:16.040 INFO  [correlationId=] o.s.t.w.s.TestDispatcherServlet - Initializing Servlet ''
2026-10-01 16:40:16.041 INFO  [correlationId=] o.s.t.w.s.TestDispatcherServlet - Completed initialization in 1 ms
2026-10-01 16:40:16.049 WARN  [correlationId=] o.s.s.c.a.a.c.InitializeUserDetailsBeanManagerConfigurer$InitializeUserDetailsManagerConfigurer - Found 2 UserDetailsService beans, with names [inMemoryUserDetailsManager, com.namnguyen.ecommerce_platform.security.user.CustomUserDetailsService#0]. Global Authentication Manager will not use a UserDetailsService for username/password login. Consider publishing a single UserDetailsService bean.
2026-10-01 16:40:16.064 INFO  [correlationId=] c.n.e.p.c.ProductControllerTest - Started ProductControllerTest in 0.436 seconds (process running for 46.694)
2026-10-01 16:40:16.081 WARN  [correlationId=] c.n.e.c.e.GlobalExceptionHandler - Request argument validation failed status=400 method=POST path=/api/products fieldErrorCount=1
2026-10-01 16:40:16.102 WARN  [correlationId=] c.n.e.c.e.GlobalExceptionHandler - Request argument validation failed status=400 method=PATCH path=/api/products/1 fieldErrorCount=1
2026-10-01 16:40:16.119 WARN  [correlationId=] c.n.e.c.e.GlobalExceptionHandler - Request argument validation failed status=400 method=PATCH path=/api/products/1 fieldErrorCount=1
2026-10-01 16:40:16.134 WARN  [correlationId=] c.n.e.c.e.GlobalExceptionHandler - Request failed status=400 method=DELETE path=/api/products/test exception=MethodArgumentTypeMismatchException
2026-10-01 16:40:16.148 WARN  [correlationId=] c.n.e.c.e.GlobalExceptionHandler - Request argument validation failed status=400 method=POST path=/api/products fieldErrorCount=1
2026-10-01 16:40:16.160 WARN  [correlationId=] c.n.e.c.e.GlobalExceptionHandler - Request failed status=404 method=DELETE path=/api/products/1 exception=NoResourceFoundException
2026-10-01 16:40:16.181 WARN  [correlationId=] c.n.e.c.e.GlobalExceptionHandler - Request argument validation failed status=400 method=PUT path=/api/products/1 fieldErrorCount=1
2026-10-01 16:40:16.199 WARN  [correlationId=] c.n.e.c.e.GlobalExceptionHandler - Request argument validation failed status=400 method=PUT path=/api/products/1 fieldErrorCount=1
2026-10-01 16:40:16.216 WARN  [correlationId=] c.n.e.c.e.GlobalExceptionHandler - Request argument validation failed status=400 method=GET path=/api/products fieldErrorCount=1
2026-10-01 16:40:16.230 WARN  [correlationId=] c.n.e.c.e.GlobalExceptionHandler - Request argument validation failed status=400 method=POST path=/api/products fieldErrorCount=1
2026-10-01 16:40:16.242 WARN  [correlationId=] c.n.e.c.e.GlobalExceptionHandler - Request argument validation failed status=400 method=POST path=/api/products fieldErrorCount=1
2026-10-01 16:40:16.255 WARN  [correlationId=] c.n.e.c.e.GlobalExceptionHandler - Request failed status=404 method=GET path=/api/products/1 exception=NoResourceFoundException
2026-10-01 16:40:16.292 WARN  [correlationId=] c.n.e.c.e.GlobalExceptionHandler - Request argument validation failed status=400 method=PUT path=/api/products/1 fieldErrorCount=1
2026-10-01 16:40:16.334 WARN  [correlationId=] c.n.e.c.e.GlobalExceptionHandler - Request argument validation failed status=400 method=POST path=/api/products fieldErrorCount=1
2026-10-01 16:40:16.345 WARN  [correlationId=] c.n.e.c.e.GlobalExceptionHandler - Request argument validation failed status=400 method=PATCH path=/api/products/1 fieldErrorCount=1
2026-10-01 16:40:16.355 WARN  [correlationId=] c.n.e.c.e.GlobalExceptionHandler - Request argument validation failed status=400 method=PUT path=/api/products/1 fieldErrorCount=1
2026-10-01 16:40:16.367 WARN  [correlationId=] c.n.e.c.e.GlobalExceptionHandler - Request argument validation failed status=400 method=PUT path=/api/products/1 fieldErrorCount=1
2026-10-01 16:40:16.378 WARN  [correlationId=] c.n.e.c.e.GlobalExceptionHandler - Request argument validation failed status=400 method=POST path=/api/products fieldErrorCount=1
2026-10-01 16:40:16.389 WARN  [correlationId=] c.n.e.c.e.GlobalExceptionHandler - Request argument validation failed status=400 method=POST path=/api/products fieldErrorCount=1
2026-10-01 16:40:16.401 WARN  [correlationId=] c.n.e.c.e.GlobalExceptionHandler - Request argument validation failed status=400 method=PATCH path=/api/products/1 fieldErrorCount=1
2026-10-01 16:40:16.412 WARN  [correlationId=] c.n.e.c.e.GlobalExceptionHandler - Request argument validation failed status=400 method=POST path=/api/products fieldErrorCount=1
2026-10-01 16:40:16.423 WARN  [correlationId=] c.n.e.c.e.GlobalExceptionHandler - Request argument validation failed status=400 method=PUT path=/api/products/1 fieldErrorCount=1
2026-10-01 16:40:16.455 WARN  [correlationId=] c.n.e.c.e.GlobalExceptionHandler - Request failed status=400 method=GET path=/api/products/test exception=MethodArgumentTypeMismatchException
2026-10-01 16:40:16.469 WARN  [correlationId=] c.n.e.c.e.GlobalExceptionHandler - Request failed status=400 method=PUT path=/api/products/test exception=MethodArgumentTypeMismatchException
2026-10-01 16:40:16.482 WARN  [correlationId=] c.n.e.c.e.GlobalExceptionHandler - Request argument validation failed status=400 method=PATCH path=/api/products/1 fieldErrorCount=1
2026-10-01 16:40:16.496 WARN  [correlationId=] c.n.e.c.e.GlobalExceptionHandler - Request argument validation failed status=400 method=PUT path=/api/products/1 fieldErrorCount=2
2026-10-01 16:40:16.527 WARN  [correlationId=] c.n.e.c.e.GlobalExceptionHandler - Request argument validation failed status=400 method=POST path=/api/products fieldErrorCount=2
2026-10-01 16:40:16.548 WARN  [correlationId=] c.n.e.c.e.GlobalExceptionHandler - Request argument validation failed status=400 method=GET path=/api/products fieldErrorCount=1
2026-10-01 16:40:16.559 WARN  [correlationId=] c.n.e.c.e.GlobalExceptionHandler - Request argument validation failed status=400 method=GET path=/api/products fieldErrorCount=1
2026-10-01 16:40:16.569 WARN  [correlationId=] c.n.e.c.e.GlobalExceptionHandler - Request failed status=404 method=PATCH path=/api/products/1 exception=NoResourceFoundException
2026-10-01 16:40:16.579 WARN  [correlationId=] c.n.e.c.e.GlobalExceptionHandler - Request argument validation failed status=400 method=PATCH path=/api/products/1 fieldErrorCount=2
2026-10-01 16:40:16.590 WARN  [correlationId=] c.n.e.c.e.GlobalExceptionHandler - Request argument validation failed status=400 method=PUT path=/api/products/1 fieldErrorCount=1
2026-10-01 16:40:16.603 WARN  [correlationId=] c.n.e.c.e.GlobalExceptionHandler - Request argument validation failed status=400 method=POST path=/api/products fieldErrorCount=1
2026-10-01 16:40:16.625 WARN  [correlationId=] c.n.e.c.e.GlobalExceptionHandler - Request argument validation failed status=400 method=PUT path=/api/products/1 fieldErrorCount=1
2026-10-01 16:40:16.638 WARN  [correlationId=] c.n.e.c.e.GlobalExceptionHandler - Request failed status=400 method=PATCH path=/api/products/test exception=MethodArgumentTypeMismatchException
2026-10-01 16:40:16.648 WARN  [correlationId=] c.n.e.c.e.GlobalExceptionHandler - Request argument validation failed status=400 method=PUT path=/api/products/1 fieldErrorCount=1
2026-10-01 16:40:16.670 WARN  [correlationId=] c.n.e.c.e.GlobalExceptionHandler - Request argument validation failed status=400 method=POST path=/api/products fieldErrorCount=1
2026-10-01 16:40:16.696 WARN  [correlationId=] c.n.e.c.e.GlobalExceptionHandler - Request argument validation failed status=400 method=PUT path=/api/products/1 fieldErrorCount=1
2026-10-01 16:40:16.710 WARN  [correlationId=] c.n.e.c.e.GlobalExceptionHandler - Request argument validation failed status=400 method=PATCH path=/api/products/1 fieldErrorCount=1
2026-10-01 16:40:16.722 WARN  [correlationId=] c.n.e.c.e.GlobalExceptionHandler - Request failed status=404 method=PUT path=/api/products/1 exception=NoResourceFoundException
2026-10-01 16:40:16.840 DEBUG [correlationId=] c.n.e.p.service.ProductServiceImpl - Fetching product productId=999
2026-10-01 16:40:16.842 INFO  [correlationId=] c.n.e.p.service.ProductServiceImpl - Creating product name=Test Product
2026-10-01 16:40:16.843 INFO  [correlationId=] c.n.e.p.service.ProductServiceImpl - Product created productId=1 name=Test Product
2026-10-01 16:40:16.844 DEBUG [correlationId=] c.n.e.p.service.ProductServiceImpl - Fetching product productId=1
2026-10-01 16:40:16.845 INFO  [correlationId=] c.n.e.p.service.ProductServiceImpl - Update product productId=1 name=Test Product update
2026-10-01 16:40:16.845 INFO  [correlationId=] c.n.e.p.service.ProductServiceImpl - Product updated productId=1 name=Test Product update
2026-10-01 16:40:16.847 INFO  [correlationId=] c.n.e.p.service.ProductServiceImpl - Patching product productId=1
2026-10-01 16:40:16.847 INFO  [correlationId=] c.n.e.p.service.ProductServiceImpl - Product patched productId=1 name=Test Product
2026-10-01 16:40:16.848 DEBUG [correlationId=] c.n.e.p.service.ProductServiceImpl - Fetching products status=null page=1 size=2 sort=UNSORTED
2026-10-01 16:40:16.851 INFO  [correlationId=] c.n.e.p.service.ProductServiceImpl - Update product productId=999 name=Test Product update
2026-10-01 16:40:16.854 INFO  [correlationId=] c.n.e.p.service.ProductServiceImpl - Creating product name=Test Product
2026-10-01 16:40:16.854 INFO  [correlationId=] c.n.e.p.service.ProductServiceImpl - Product created productId=1 name=Test Product
2026-10-01 16:40:16.856 INFO  [correlationId=] c.n.e.p.service.ProductServiceImpl - Patching product productId=1
2026-10-01 16:40:16.857 INFO  [correlationId=] c.n.e.p.service.ProductServiceImpl - Product patched productId=1 name=Test Product
2026-10-01 16:40:16.859 DEBUG [correlationId=] c.n.e.p.service.ProductServiceImpl - Fetching products status=null page=0 size=10 sort=UNSORTED
2026-10-01 16:40:16.861 INFO  [correlationId=] c.n.e.p.service.ProductServiceImpl - Product deleted productId=1
2026-10-01 16:40:16.864 INFO  [correlationId=] c.n.e.p.service.ProductServiceImpl - Patching product productId=999
2026-10-01 16:40:16.865 INFO  [correlationId=] c.n.e.p.service.ProductServiceImpl - Update product productId=1 name=Test Product update
2026-10-01 16:40:16.865 INFO  [correlationId=] c.n.e.p.service.ProductServiceImpl - Product updated productId=1 name=Test Product update
2026-10-01 16:40:16.867 INFO  [correlationId=] c.n.e.p.service.ProductServiceImpl - Patching product productId=1
2026-10-01 16:40:16.867 INFO  [correlationId=] c.n.e.p.service.ProductServiceImpl - Product patched productId=1 name=Test Product
2026-10-01 16:40:16.872 INFO  [correlationId=] o.s.t.c.s.AnnotationConfigContextLoaderUtils - Could not detect default configuration classes for test class [com.namnguyen.ecommerce_platform.user.controller.UserControllerTest]: UserControllerTest does not declare any static, non-private, non-final, nested classes annotated with @Configuration.
2026-10-01 16:40:16.941 INFO  [correlationId=] o.s.b.t.c.SpringBootTestContextBootstrapper - Found @SpringBootConfiguration com.namnguyen.ecommerce_platform.EcommercePlatformApplication for test class com.namnguyen.ecommerce_platform.user.controller.UserControllerTest
2026-10-01 16:40:16.943 INFO  [correlationId=] o.s.t.c.s.AnnotationConfigContextLoaderUtils - Could not detect default configuration classes for test class [com.namnguyen.ecommerce_platform.user.controller.UserControllerTest]: UserControllerTest does not declare any static, non-private, non-final, nested classes annotated with @Configuration.
2026-10-01 16:40:16.958 INFO  [correlationId=] o.s.b.t.c.SpringBootTestContextBootstrapper - Found @SpringBootConfiguration com.namnguyen.ecommerce_platform.EcommercePlatformApplication for test class com.namnguyen.ecommerce_platform.user.controller.UserControllerTest
2026-10-01 16:40:16.989 INFO  [correlationId=] c.n.e.u.c.UserControllerTest - Starting UserControllerTest using Java 24 with PID 29976 (started by Nam Nguyen in C:\Programming\PersonalProject\EcommercePlatformProject)
2026-10-01 16:40:16.989 DEBUG [correlationId=] c.n.e.u.c.UserControllerTest - Running with Spring Boot v4.1.0, Spring v7.0.8
2026-10-01 16:40:16.989 INFO  [correlationId=] c.n.e.u.c.UserControllerTest - No active profile set, falling back to 1 default profile: "default"
2026-10-01 16:40:17.236 WARN  [correlationId=] o.s.b.s.a.UserDetailsServiceAutoConfiguration - 

Using generated security password: cca82d85-dc39-4385-9060-42430d3f1764

This generated password is for development use only. Your security configuration must be updated before running your application in production.

2026-10-01 16:40:17.238 INFO  [correlationId=] o.s.b.t.m.w.SpringBootMockServletContext - Initializing Spring TestDispatcherServlet ''
2026-10-01 16:40:17.238 INFO  [correlationId=] o.s.t.w.s.TestDispatcherServlet - Initializing Servlet ''
2026-10-01 16:40:17.239 INFO  [correlationId=] o.s.t.w.s.TestDispatcherServlet - Completed initialization in 1 ms
2026-10-01 16:40:17.246 WARN  [correlationId=] o.s.s.c.a.a.c.InitializeUserDetailsBeanManagerConfigurer$InitializeUserDetailsManagerConfigurer - Found 2 UserDetailsService beans, with names [inMemoryUserDetailsManager, com.namnguyen.ecommerce_platform.security.user.CustomUserDetailsService#0]. Global Authentication Manager will not use a UserDetailsService for username/password login. Consider publishing a single UserDetailsService bean.
2026-10-01 16:40:17.263 INFO  [correlationId=] c.n.e.u.c.UserControllerTest - Started UserControllerTest in 0.302 seconds (process running for 47.893)
2026-10-01 16:40:17.277 WARN  [correlationId=] c.n.e.c.e.GlobalExceptionHandler - Request argument validation failed status=400 method=PUT path=/api/users/1 fieldErrorCount=1
2026-10-01 16:40:17.289 WARN  [correlationId=] c.n.e.c.e.GlobalExceptionHandler - Request argument validation failed status=400 method=PUT path=/api/users/1 fieldErrorCount=1
2026-10-01 16:40:17.300 WARN  [correlationId=] c.n.e.c.e.GlobalExceptionHandler - Request failed status=409 method=PUT path=/api/users/1 exception=DuplicateResourceException
2026-10-01 16:40:17.347 WARN  [correlationId=] c.n.e.c.e.GlobalExceptionHandler - Request argument validation failed status=400 method=PUT path=/api/users/1 fieldErrorCount=1
2026-10-01 16:40:17.372 WARN  [correlationId=] c.n.e.c.e.GlobalExceptionHandler - Request argument validation failed status=400 method=PUT path=/api/users/1 fieldErrorCount=1
2026-10-01 16:40:17.393 WARN  [correlationId=] c.n.e.c.e.GlobalExceptionHandler - Request argument validation failed status=400 method=PUT path=/api/users/1 fieldErrorCount=2
2026-10-01 16:40:17.406 WARN  [correlationId=] c.n.e.c.e.GlobalExceptionHandler - Request argument validation failed status=400 method=PATCH path=/api/users/1 fieldErrorCount=1
2026-10-01 16:40:17.418 WARN  [correlationId=] c.n.e.c.e.GlobalExceptionHandler - Request argument validation failed status=400 method=PATCH path=/api/users/1 fieldErrorCount=1
2026-10-01 16:40:17.443 WARN  [correlationId=] c.n.e.c.e.GlobalExceptionHandler - Request failed status=400 method=DELETE path=/api/users/test exception=MethodArgumentTypeMismatchException
2026-10-01 16:40:17.469 WARN  [correlationId=] c.n.e.c.e.GlobalExceptionHandler - Request failed status=404 method=DELETE path=/api/users/1 exception=NoResourceFoundException
2026-10-01 16:40:17.482 WARN  [correlationId=] c.n.e.c.e.GlobalExceptionHandler - Request argument validation failed status=400 method=PUT path=/api/users/1 fieldErrorCount=1
2026-10-01 16:40:17.494 WARN  [correlationId=] c.n.e.c.e.GlobalExceptionHandler - Request argument validation failed status=400 method=PUT path=/api/users/1 fieldErrorCount=1
2026-10-01 16:40:17.522 WARN  [correlationId=] c.n.e.c.e.GlobalExceptionHandler - Request failed status=400 method=GET path=/api/users/test exception=MethodArgumentTypeMismatchException
2026-10-01 16:40:17.534 WARN  [correlationId=] c.n.e.c.e.GlobalExceptionHandler - Request argument validation failed status=400 method=PATCH path=/api/users/1 fieldErrorCount=1
2026-10-01 16:40:17.545 WARN  [correlationId=] c.n.e.c.e.GlobalExceptionHandler - Request argument validation failed status=400 method=PUT path=/api/users/1 fieldErrorCount=1
2026-10-01 16:40:17.560 WARN  [correlationId=] c.n.e.c.e.GlobalExceptionHandler - Request argument validation failed status=400 method=PATCH path=/api/users/1 fieldErrorCount=1
2026-10-01 16:40:17.598 WARN  [correlationId=] c.n.e.c.e.GlobalExceptionHandler - Request argument validation failed status=400 method=PATCH path=/api/users/1 fieldErrorCount=2
2026-10-01 16:40:17.610 WARN  [correlationId=] c.n.e.c.e.GlobalExceptionHandler - Request argument validation failed status=400 method=PATCH path=/api/users/1 fieldErrorCount=1
2026-10-01 16:40:17.619 WARN  [correlationId=] c.n.e.c.e.GlobalExceptionHandler - Request argument validation failed status=400 method=PUT path=/api/users/1 fieldErrorCount=1
2026-10-01 16:40:17.630 WARN  [correlationId=] c.n.e.c.e.GlobalExceptionHandler - Request argument validation failed status=400 method=PATCH path=/api/users/1 fieldErrorCount=1
2026-10-01 16:40:17.642 WARN  [correlationId=] c.n.e.c.e.GlobalExceptionHandler - Request argument validation failed status=400 method=PUT path=/api/users/1 fieldErrorCount=1
2026-10-01 16:40:17.657 WARN  [correlationId=] c.n.e.c.e.GlobalExceptionHandler - Request failed status=404 method=PUT path=/api/users/1 exception=NoResourceFoundException
2026-10-01 16:40:17.674 WARN  [correlationId=] c.n.e.c.e.GlobalExceptionHandler - Request argument validation failed status=400 method=PATCH path=/api/users/1 fieldErrorCount=1
2026-10-01 16:40:17.689 WARN  [correlationId=] c.n.e.c.e.GlobalExceptionHandler - Request argument validation failed status=400 method=PUT path=/api/users/1 fieldErrorCount=1
2026-10-01 16:40:17.731 WARN  [correlationId=] c.n.e.c.e.GlobalExceptionHandler - Request argument validation failed status=400 method=PUT path=/api/users/1 fieldErrorCount=1
2026-10-01 16:40:17.745 WARN  [correlationId=] c.n.e.c.e.GlobalExceptionHandler - Request failed status=409 method=PUT path=/api/users/1 exception=DuplicateResourceException
2026-10-01 16:40:17.760 WARN  [correlationId=] c.n.e.c.e.GlobalExceptionHandler - Request argument validation failed status=400 method=GET path=/api/users fieldErrorCount=1
2026-10-01 16:40:17.772 WARN  [correlationId=] c.n.e.c.e.GlobalExceptionHandler - Request failed status=404 method=GET path=/api/users/1 exception=NoResourceFoundException
2026-10-01 16:40:17.781 WARN  [correlationId=] c.n.e.c.e.GlobalExceptionHandler - Request failed status=400 method=PUT path=/api/users/test exception=MethodArgumentTypeMismatchException
2026-10-01 16:40:17.793 WARN  [correlationId=] c.n.e.c.e.GlobalExceptionHandler - Request argument validation failed status=400 method=PUT path=/api/users/1 fieldErrorCount=2
2026-10-01 16:40:17.804 WARN  [correlationId=] c.n.e.c.e.GlobalExceptionHandler - Request argument validation failed status=400 method=PUT path=/api/users/1 fieldErrorCount=1
2026-10-01 16:40:17.815 WARN  [correlationId=] c.n.e.c.e.GlobalExceptionHandler - Request argument validation failed status=400 method=PUT path=/api/users/1 fieldErrorCount=1
2026-10-01 16:40:17.827 WARN  [correlationId=] c.n.e.c.e.GlobalExceptionHandler - Request argument validation failed status=400 method=PATCH path=/api/users/1 fieldErrorCount=1
2026-10-01 16:40:17.839 WARN  [correlationId=] c.n.e.c.e.GlobalExceptionHandler - Request failed status=404 method=PATCH path=/api/users/1 exception=NoResourceFoundException
2026-10-01 16:40:17.852 WARN  [correlationId=] c.n.e.c.e.GlobalExceptionHandler - Request argument validation failed status=400 method=PATCH path=/api/users/1 fieldErrorCount=1
2026-10-01 16:40:17.866 WARN  [correlationId=] c.n.e.c.e.GlobalExceptionHandler - Request failed status=400 method=PATCH path=/api/users/test exception=MethodArgumentTypeMismatchException
2026-10-01 16:40:17.898 WARN  [correlationId=] c.n.e.c.e.GlobalExceptionHandler - Request argument validation failed status=400 method=PUT path=/api/users/1 fieldErrorCount=1
2026-10-01 16:40:17.912 WARN  [correlationId=] c.n.e.c.e.GlobalExceptionHandler - Request argument validation failed status=400 method=PATCH path=/api/users/1 fieldErrorCount=1
2026-10-01 16:40:18.169 INFO  [correlationId=] c.n.e.user.service.UserServiceImpl - Patching user userId=1
2026-10-01 16:40:18.169 INFO  [correlationId=] c.n.e.user.service.UserServiceImpl - User patched userId=1
2026-10-01 16:40:18.170 INFO  [correlationId=] c.n.e.user.service.UserServiceImpl - Patching user userId=1
2026-10-01 16:40:18.172 DEBUG [correlationId=] c.n.e.user.service.UserServiceImpl - Fetching user userId=1
2026-10-01 16:40:18.174 INFO  [correlationId=] c.n.e.user.service.UserServiceImpl - Patching user userId=1
2026-10-01 16:40:18.174 INFO  [correlationId=] c.n.e.user.service.UserServiceImpl - User patched userId=1
2026-10-01 16:40:18.175 INFO  [correlationId=] c.n.e.user.service.UserServiceImpl - Patching user userId=1
2026-10-01 16:40:18.177 INFO  [correlationId=] c.n.e.user.service.UserServiceImpl - User deleted userId=1
2026-10-01 16:40:18.179 INFO  [correlationId=] c.n.e.user.service.UserServiceImpl - Creating user role=CUSTOMER
2026-10-01 16:40:18.179 INFO  [correlationId=] c.n.e.user.service.UserServiceImpl - User created userId=1 role=CUSTOMER
2026-10-01 16:40:18.181 INFO  [correlationId=] c.n.e.user.service.UserServiceImpl - Updating user userId=999
2026-10-01 16:40:18.182 INFO  [correlationId=] c.n.e.user.service.UserServiceImpl - Creating user role=ADMIN
2026-10-01 16:40:18.182 INFO  [correlationId=] c.n.e.user.service.UserServiceImpl - User created userId=1 role=ADMIN
2026-10-01 16:40:18.185 INFO  [correlationId=] c.n.e.user.service.UserServiceImpl - Updating user userId=1
2026-10-01 16:40:18.185 INFO  [correlationId=] c.n.e.user.service.UserServiceImpl - User updated userId=1
2026-10-01 16:40:18.189 INFO  [correlationId=] c.n.e.user.service.UserServiceImpl - Patching user userId=1
2026-10-01 16:40:18.189 INFO  [correlationId=] c.n.e.user.service.UserServiceImpl - User patched userId=1
2026-10-01 16:40:18.192 INFO  [correlationId=] c.n.e.user.service.UserServiceImpl - Patching user userId=1
2026-10-01 16:40:18.192 INFO  [correlationId=] c.n.e.user.service.UserServiceImpl - User patched userId=1
2026-10-01 16:40:18.195 INFO  [correlationId=] c.n.e.user.service.UserServiceImpl - Updating user userId=1
2026-10-01 16:40:18.195 INFO  [correlationId=] c.n.e.user.service.UserServiceImpl - User updated userId=1
2026-10-01 16:40:18.197 INFO  [correlationId=] c.n.e.user.service.UserServiceImpl - Updating user userId=1
2026-10-01 16:40:18.199 INFO  [correlationId=] c.n.e.user.service.UserServiceImpl - Patching user userId=1
2026-10-01 16:40:18.200 INFO  [correlationId=] c.n.e.user.service.UserServiceImpl - User patched userId=1
2026-10-01 16:40:18.202 DEBUG [correlationId=] c.n.e.user.service.UserServiceImpl - Fetching user userId=999
2026-10-01 16:40:18.207 DEBUG [correlationId=] c.n.e.user.service.UserServiceImpl - Fetching users page=0 size=10 sort=UNSORTED
2026-10-01 16:40:18.208 INFO  [correlationId=] c.n.e.user.service.UserServiceImpl - Updating user userId=1
2026-10-01 16:40:18.216 INFO  [correlationId=] c.n.e.user.service.UserServiceImpl - Updating user userId=1
2026-10-01 16:40:18.216 INFO  [correlationId=] c.n.e.user.service.UserServiceImpl - User updated userId=1
2026-10-01 16:40:18.219 INFO  [correlationId=] c.n.e.user.service.UserServiceImpl - Patching user userId=999
2026-10-01 16:40:18.221 DEBUG [correlationId=] c.n.e.user.service.UserServiceImpl - Fetching users page=0 size=10 sort=UNSORTED
2026-10-01 16:40:18.267 INFO  [correlationId=] o.s.o.j.LocalContainerEntityManagerFactoryBean - Closing JPA EntityManagerFactory for persistence unit 'default'
2026-10-01 16:40:18.270 INFO  [correlationId=] com.zaxxer.hikari.HikariDataSource - HikariPool-1 - Shutdown initiated...
2026-10-01 16:40:18.274 INFO  [correlationId=] com.zaxxer.hikari.HikariDataSource - HikariPool-1 - Shutdown completed.
2026-10-01 16:40:18.635 INFO  [correlationId=] o.s.o.j.LocalContainerEntityManagerFactoryBean - Closing JPA EntityManagerFactory for persistence unit 'default'
2026-10-01 16:40:18.636 INFO  [correlationId=] com.zaxxer.hikari.HikariDataSource - HikariPool-2 - Shutdown initiated...
2026-10-01 16:40:18.637 INFO  [correlationId=] com.zaxxer.hikari.HikariDataSource - HikariPool-2 - Shutdown completed.
2026-10-01 17:10:37.960 INFO  [correlationId=] c.n.e.a.c.AuthControllerTest - Starting AuthControllerTest using Java 24 with PID 60596 (started by Nam Nguyen in C:\Programming\PersonalProject\EcommercePlatformProject)
2026-10-01 17:10:37.962 DEBUG [correlationId=] c.n.e.a.c.AuthControllerTest - Running with Spring Boot v4.1.0, Spring v7.0.8
2026-10-01 17:10:37.963 INFO  [correlationId=] c.n.e.a.c.AuthControllerTest - No active profile set, falling back to 1 default profile: "default"
2026-10-01 17:10:41.497 WARN  [correlationId=] o.s.b.s.a.UserDetailsServiceAutoConfiguration - 

Using generated security password: ab1304e7-3a24-4863-9e4c-1e25ec2e7356

This generated password is for development use only. Your security configuration must be updated before running your application in production.

2026-10-01 17:10:41.541 INFO  [correlationId=] o.s.b.t.m.w.SpringBootMockServletContext - Initializing Spring TestDispatcherServlet ''
2026-10-01 17:10:41.541 INFO  [correlationId=] o.s.t.w.s.TestDispatcherServlet - Initializing Servlet ''
2026-10-01 17:10:41.545 INFO  [correlationId=] o.s.t.w.s.TestDispatcherServlet - Completed initialization in 4 ms
2026-10-01 17:10:41.624 WARN  [correlationId=] o.s.s.c.a.a.c.InitializeUserDetailsBeanManagerConfigurer$InitializeUserDetailsManagerConfigurer - Found 2 UserDetailsService beans, with names [inMemoryUserDetailsManager, com.namnguyen.ecommerce_platform.security.user.CustomUserDetailsService#0]. Global Authentication Manager will not use a UserDetailsService for username/password login. Consider publishing a single UserDetailsService bean.
2026-10-01 17:10:41.968 INFO  [correlationId=] c.n.e.a.c.AuthControllerTest - Started AuthControllerTest in 4.482 seconds (process running for 6.969)
2026-10-01 17:10:42.725 WARN  [correlationId=] c.n.e.c.e.GlobalExceptionHandler - Request argument validation failed status=400 method=POST path=/api/auth/register fieldErrorCount=1
2026-10-01 17:10:42.797 WARN  [correlationId=] c.n.e.c.e.GlobalExceptionHandler - Request argument validation failed status=400 method=POST path=/api/auth/register fieldErrorCount=1
2026-10-01 17:10:42.825 WARN  [correlationId=] c.n.e.c.e.GlobalExceptionHandler - Request failed status=409 method=POST path=/api/auth/register exception=DuplicateResourceException
2026-10-01 17:10:42.849 WARN  [correlationId=] c.n.e.c.e.GlobalExceptionHandler - Request argument validation failed status=400 method=POST path=/api/auth/register fieldErrorCount=2
2026-10-01 17:10:42.881 WARN  [correlationId=] c.n.e.c.e.GlobalExceptionHandler - Request argument validation failed status=400 method=POST path=/api/auth/register fieldErrorCount=1
2026-10-01 17:10:42.905 WARN  [correlationId=] c.n.e.c.e.GlobalExceptionHandler - Request argument validation failed status=400 method=POST path=/api/auth/register fieldErrorCount=1
2026-10-01 17:10:42.936 WARN  [correlationId=] c.n.e.c.e.GlobalExceptionHandler - Request argument validation failed status=400 method=POST path=/api/auth/register fieldErrorCount=1
2026-10-01 17:10:42.969 WARN  [correlationId=] c.n.e.c.e.GlobalExceptionHandler - Request failed status=409 method=POST path=/api/auth/register exception=DuplicateResourceException
2026-10-01 17:10:43.001 WARN  [correlationId=] c.n.e.c.e.GlobalExceptionHandler - Request argument validation failed status=400 method=POST path=/api/auth/login fieldErrorCount=1
2026-10-01 17:10:43.043 WARN  [correlationId=] c.n.e.c.e.GlobalExceptionHandler - Request argument validation failed status=400 method=POST path=/api/auth/register fieldErrorCount=1
2026-10-01 17:10:43.071 WARN  [correlationId=] c.n.e.c.e.GlobalExceptionHandler - Request argument validation failed status=400 method=POST path=/api/auth/login fieldErrorCount=1
2026-10-01 17:10:43.110 WARN  [correlationId=] c.n.e.c.e.GlobalExceptionHandler - Request argument validation failed status=400 method=POST path=/api/auth/register fieldErrorCount=1
2026-10-01 17:10:43.163 WARN  [correlationId=] c.n.e.c.e.GlobalExceptionHandler - Request argument validation failed status=400 method=POST path=/api/auth/register fieldErrorCount=1
2026-10-01 17:10:43.213 WARN  [correlationId=] c.n.e.c.e.GlobalExceptionHandler - Request argument validation failed status=400 method=POST path=/api/auth/register fieldErrorCount=1
2026-10-01 17:10:43.255 WARN  [correlationId=] c.n.e.c.e.GlobalExceptionHandler - Request argument validation failed status=400 method=POST path=/api/auth/login fieldErrorCount=1
2026-10-01 17:10:43.336 WARN  [correlationId=] c.n.e.c.e.GlobalExceptionHandler - Request argument validation failed status=400 method=POST path=/api/auth/register fieldErrorCount=1
2026-10-01 17:10:43.358 WARN  [correlationId=] c.n.e.c.e.GlobalExceptionHandler - Request argument validation failed status=400 method=POST path=/api/auth/register fieldErrorCount=1
2026-10-01 17:10:43.382 WARN  [correlationId=] c.n.e.c.e.GlobalExceptionHandler - Request failed status=401 method=POST path=/api/auth/login exception=BadCredentialsException
2026-10-01 17:10:43.409 WARN  [correlationId=] c.n.e.c.e.GlobalExceptionHandler - Request argument validation failed status=400 method=POST path=/api/auth/login fieldErrorCount=1
2026-10-01 17:10:43.439 WARN  [correlationId=] c.n.e.c.e.GlobalExceptionHandler - Request argument validation failed status=400 method=POST path=/api/auth/register fieldErrorCount=1
2026-10-01 17:10:43.463 WARN  [correlationId=] c.n.e.c.e.GlobalExceptionHandler - Request argument validation failed status=400 method=POST path=/api/auth/register fieldErrorCount=1
2026-10-01 17:10:43.489 WARN  [correlationId=] c.n.e.c.e.GlobalExceptionHandler - Request argument validation failed status=400 method=POST path=/api/auth/register fieldErrorCount=1
2026-10-01 17:10:43.514 WARN  [correlationId=] c.n.e.c.e.GlobalExceptionHandler - Request argument validation failed status=400 method=POST path=/api/auth/register fieldErrorCount=2
2026-10-01 17:10:43.565 WARN  [correlationId=] c.n.e.c.e.GlobalExceptionHandler - Request argument validation failed status=400 method=POST path=/api/auth/login fieldErrorCount=1
2026-10-01 17:10:43.862 INFO  [correlationId=] c.n.e.auth.service.AuthServiceImpl - User logged in userId=0
2026-10-01 17:10:43.891 INFO  [correlationId=] c.n.e.auth.service.AuthServiceImpl - User registered userId=1
2026-10-01 17:10:43.912 INFO  [correlationId=] o.s.t.c.s.AnnotationConfigContextLoaderUtils - Could not detect default configuration classes for test class [com.namnguyen.ecommerce_platform.cart.controller.CartControllerTest]: CartControllerTest does not declare any static, non-private, non-final, nested classes annotated with @Configuration.
2026-10-01 17:10:43.981 INFO  [correlationId=] o.s.b.t.c.SpringBootTestContextBootstrapper - Found @SpringBootConfiguration com.namnguyen.ecommerce_platform.EcommercePlatformApplication for test class com.namnguyen.ecommerce_platform.cart.controller.CartControllerTest
2026-10-01 17:10:43.982 INFO  [correlationId=] o.s.t.c.s.AnnotationConfigContextLoaderUtils - Could not detect default configuration classes for test class [com.namnguyen.ecommerce_platform.cart.controller.CartControllerTest]: CartControllerTest does not declare any static, non-private, non-final, nested classes annotated with @Configuration.
2026-10-01 17:10:43.995 INFO  [correlationId=] o.s.b.t.c.SpringBootTestContextBootstrapper - Found @SpringBootConfiguration com.namnguyen.ecommerce_platform.EcommercePlatformApplication for test class com.namnguyen.ecommerce_platform.cart.controller.CartControllerTest
2026-10-01 17:10:44.047 INFO  [correlationId=] c.n.e.c.c.CartControllerTest - Starting CartControllerTest using Java 24 with PID 60596 (started by Nam Nguyen in C:\Programming\PersonalProject\EcommercePlatformProject)
2026-10-01 17:10:44.048 DEBUG [correlationId=] c.n.e.c.c.CartControllerTest - Running with Spring Boot v4.1.0, Spring v7.0.8
2026-10-01 17:10:44.048 INFO  [correlationId=] c.n.e.c.c.CartControllerTest - No active profile set, falling back to 1 default profile: "default"
2026-10-01 17:10:44.645 WARN  [correlationId=] o.s.b.s.a.UserDetailsServiceAutoConfiguration - 

Using generated security password: 8ea2981c-fae3-4971-97d5-2117edd987ec

This generated password is for development use only. Your security configuration must be updated before running your application in production.

2026-10-01 17:10:44.655 INFO  [correlationId=] o.s.b.t.m.w.SpringBootMockServletContext - Initializing Spring TestDispatcherServlet ''
2026-10-01 17:10:44.655 INFO  [correlationId=] o.s.t.w.s.TestDispatcherServlet - Initializing Servlet ''
2026-10-01 17:10:44.658 INFO  [correlationId=] o.s.t.w.s.TestDispatcherServlet - Completed initialization in 3 ms
2026-10-01 17:10:44.687 WARN  [correlationId=] o.s.s.c.a.a.c.InitializeUserDetailsBeanManagerConfigurer$InitializeUserDetailsManagerConfigurer - Found 2 UserDetailsService beans, with names [inMemoryUserDetailsManager, com.namnguyen.ecommerce_platform.security.user.CustomUserDetailsService#0]. Global Authentication Manager will not use a UserDetailsService for username/password login. Consider publishing a single UserDetailsService bean.
2026-10-01 17:10:44.750 INFO  [correlationId=] c.n.e.c.c.CartControllerTest - Started CartControllerTest in 0.749 seconds (process running for 9.751)
2026-10-01 17:10:44.819 WARN  [correlationId=] c.n.e.c.e.GlobalExceptionHandler - Request argument validation failed status=400 method=POST path=/api/cart/items fieldErrorCount=1
2026-10-01 17:10:44.882 WARN  [correlationId=] c.n.e.c.e.GlobalExceptionHandler - Request failed status=404 method=DELETE path=/api/cart/items/1 exception=NoResourceFoundException
2026-10-01 17:10:44.928 WARN  [correlationId=] c.n.e.c.e.GlobalExceptionHandler - Request failed status=400 method=DELETE path=/api/cart/items/test exception=MethodArgumentTypeMismatchException
2026-10-01 17:10:45.030 WARN  [correlationId=] c.n.e.c.e.GlobalExceptionHandler - Request failed status=400 method=PATCH path=/api/cart/items/1 exception=MissingServletRequestParameterException
2026-10-01 17:10:45.055 WARN  [correlationId=] c.n.e.c.e.GlobalExceptionHandler - Request failed status=400 method=PATCH path=/api/cart/items/test exception=MethodArgumentTypeMismatchException
2026-10-01 17:10:45.104 WARN  [correlationId=] c.n.e.c.e.GlobalExceptionHandler - Request argument validation failed status=400 method=POST path=/api/cart/items fieldErrorCount=1
2026-10-01 17:10:45.161 WARN  [correlationId=] c.n.e.c.e.GlobalExceptionHandler - Request failed status=404 method=PATCH path=/api/cart/items/1 exception=NoResourceFoundException
2026-10-01 17:10:45.246 WARN  [correlationId=] c.n.e.c.e.GlobalExceptionHandler - Request failed status=400 method=PATCH path=/api/cart/items/1 exception=MethodArgumentTypeMismatchException
2026-10-01 17:10:45.286 WARN  [correlationId=] c.n.e.c.e.GlobalExceptionHandler - Request argument validation failed status=400 method=POST path=/api/cart/items fieldErrorCount=1
2026-10-01 17:10:45.307 WARN  [correlationId=] c.n.e.c.e.GlobalExceptionHandler - Request argument validation failed status=400 method=POST path=/api/cart/items fieldErrorCount=1
2026-10-01 17:10:45.350 WARN  [correlationId=] c.n.e.c.e.GlobalExceptionHandler - Request failed status=400 method=PATCH path=/api/cart/items/1 exception=HandlerMethodValidationException
2026-10-01 17:10:45.721 DEBUG [correlationId=] c.n.e.cart.service.CartServiceImpl - Fetched user cart cartId=2 userId=1
2026-10-01 17:10:45.721 INFO  [correlationId=] c.n.e.cart.service.CartServiceImpl - Adding cart item cartId=2 productId=3 quantity=9 userId=1
2026-10-01 17:10:45.729 INFO  [correlationId=] c.n.e.cart.service.CartServiceImpl - Clearing cart cartId=4 userId=1
2026-10-01 17:10:45.730 INFO  [correlationId=] c.n.e.cart.service.CartServiceImpl - Cart cleared cartId=4 userId=1
2026-10-01 17:10:45.747 INFO  [correlationId=] c.n.e.cart.service.CartServiceImpl - Updating cart item quantity cartId=4 productId=3 quantity=5 userId=1
2026-10-01 17:10:45.748 DEBUG [correlationId=] c.n.e.cart.service.CartServiceImpl - Fetched cart item cartItemId=2 cartId=4 userId=1
2026-10-01 17:10:45.749 INFO  [correlationId=] c.n.e.cart.service.CartServiceImpl - Cart item quantity updated cartId=4 productId=3 quantity=5 userId=1
2026-10-01 17:10:45.764 INFO  [correlationId=] c.n.e.cart.service.CartServiceImpl - Updating cart item quantity cartId=3 productId=2 quantity=11 userId=1
2026-10-01 17:10:45.766 DEBUG [correlationId=] c.n.e.cart.service.CartServiceImpl - Fetched cart item cartItemId=4 cartId=3 userId=1
2026-10-01 17:10:45.771 DEBUG [correlationId=] c.n.e.cart.service.CartServiceImpl - Fetched user cart cartId=4 userId=1
2026-10-01 17:10:45.772 INFO  [correlationId=] c.n.e.cart.service.CartServiceImpl - Adding cart item cartId=4 productId=3 quantity=3 userId=1
2026-10-01 17:10:45.772 INFO  [correlationId=] c.n.e.cart.service.CartServiceImpl - Cart item added cartItemId=2 cartId=4 productId=3 quantity=5 userId=1
2026-10-01 17:10:45.778 INFO  [correlationId=] c.n.e.cart.service.CartServiceImpl - Updating cart item quantity cartId=4 productId=2 quantity=0 userId=1
2026-10-01 17:10:45.779 DEBUG [correlationId=] c.n.e.cart.service.CartServiceImpl - Fetched cart item cartItemId=5 cartId=4 userId=1
2026-10-01 17:10:45.779 INFO  [correlationId=] c.n.e.cart.service.CartServiceImpl - Cart item quantity updated cartId=4 productId=2 quantity=0 userId=1
2026-10-01 17:10:45.785 INFO  [correlationId=] c.n.e.cart.service.CartServiceImpl - Updating cart item quantity cartId=4 productId=2 quantity=4 userId=1
2026-10-01 17:10:45.785 DEBUG [correlationId=] c.n.e.cart.service.CartServiceImpl - Fetched cart item cartItemId=3 cartId=4 userId=1
2026-10-01 17:10:45.791 INFO  [correlationId=] c.n.e.cart.service.CartServiceImpl - Removing cart item cartId=4 productId=2 userId=1
2026-10-01 17:10:45.791 DEBUG [correlationId=] c.n.e.cart.service.CartServiceImpl - Fetched cart item cartItemId=5 cartId=4 userId=1
2026-10-01 17:10:45.791 INFO  [correlationId=] c.n.e.cart.service.CartServiceImpl - Cart item removed cartId=4 productId=2 userId=1
2026-10-01 17:10:45.807 INFO  [correlationId=] c.n.e.cart.service.CartServiceImpl - User cart created cartId=2 userId=1
2026-10-01 17:10:45.808 DEBUG [correlationId=] c.n.e.cart.service.CartServiceImpl - Fetched user cart cartId=2 userId=1
2026-10-01 17:10:45.808 INFO  [correlationId=] c.n.e.cart.service.CartServiceImpl - Adding cart item cartId=2 productId=3 quantity=2 userId=1
2026-10-01 17:10:45.809 INFO  [correlationId=] c.n.e.cart.service.CartServiceImpl - Cart item added cartItemId=4 cartId=2 productId=3 quantity=2 userId=1
2026-10-01 17:10:45.817 INFO  [correlationId=] c.n.e.cart.service.CartServiceImpl - Updating cart item quantity cartId=4 productId=2 quantity=4 userId=1
2026-10-01 17:10:45.823 INFO  [correlationId=] c.n.e.cart.service.CartServiceImpl - Removing cart item cartId=2 productId=3 userId=1
2026-10-01 17:10:45.830 DEBUG [correlationId=] c.n.e.cart.service.CartServiceImpl - Fetched user cart cartId=10 userId=1
2026-10-01 17:10:45.830 INFO  [correlationId=] c.n.e.cart.service.CartServiceImpl - Adding cart item cartId=10 productId=12 quantity=2 userId=1
2026-10-01 17:10:45.831 INFO  [correlationId=] c.n.e.cart.service.CartServiceImpl - Cart item added cartItemId=11 cartId=10 productId=12 quantity=2 userId=1
2026-10-01 17:10:45.837 INFO  [correlationId=] c.n.e.cart.service.CartServiceImpl - User cart created cartId=1 userId=1
2026-10-01 17:10:45.838 DEBUG [correlationId=] c.n.e.cart.service.CartServiceImpl - Fetched user cart cartId=1 userId=1
2026-10-01 17:10:45.852 DEBUG [correlationId=] c.n.e.cart.service.CartServiceImpl - Fetched user cart cartId=10 userId=1
2026-10-01 17:10:45.862 DEBUG [correlationId=] c.n.e.cart.service.CartServiceImpl - Fetched user cart cartId=2 userId=1
2026-10-01 17:10:45.870 DEBUG [correlationId=] c.n.e.cart.service.CartServiceImpl - Fetched user cart cartId=2 userId=1
2026-10-01 17:10:45.870 INFO  [correlationId=] c.n.e.cart.service.CartServiceImpl - Adding cart item cartId=2 productId=3 quantity=11 userId=1
2026-10-01 17:10:45.887 INFO  [correlationId=] o.s.t.c.s.AnnotationConfigContextLoaderUtils - Could not detect default configuration classes for test class [com.namnguyen.ecommerce_platform.integration.auth.AuthIntegrationTest]: AuthIntegrationTest does not declare any static, non-private, non-final, nested classes annotated with @Configuration.
2026-10-01 17:10:45.948 INFO  [correlationId=] o.s.b.t.c.SpringBootTestContextBootstrapper - Found @SpringBootConfiguration com.namnguyen.ecommerce_platform.EcommercePlatformApplication for test class com.namnguyen.ecommerce_platform.integration.auth.AuthIntegrationTest
2026-10-01 17:10:45.952 INFO  [correlationId=] o.s.t.c.s.AnnotationConfigContextLoaderUtils - Could not detect default configuration classes for test class [com.namnguyen.ecommerce_platform.integration.auth.AuthIntegrationTest]: AuthIntegrationTest does not declare any static, non-private, non-final, nested classes annotated with @Configuration.
2026-10-01 17:10:45.953 INFO  [correlationId=] o.s.t.c.s.AnnotationConfigContextLoaderUtils - Could not detect default configuration classes for test class [com.namnguyen.ecommerce_platform.integration.BaseIntegrationTest]: BaseIntegrationTest does not declare any static, non-private, non-final, nested classes annotated with @Configuration.
2026-10-01 17:10:45.961 INFO  [correlationId=] o.s.b.t.c.SpringBootTestContextBootstrapper - Found @SpringBootConfiguration com.namnguyen.ecommerce_platform.EcommercePlatformApplication for test class com.namnguyen.ecommerce_platform.integration.auth.AuthIntegrationTest
2026-10-01 17:10:45.962 WARN  [correlationId=] o.s.b.t.c.SpringBootTestContextBootstrapper - For test class [com.namnguyen.ecommerce_platform.integration.auth.AuthIntegrationTest], the following 'default' context configuration classes were detected but are currently ignored: com.namnguyen.ecommerce_platform.integration.AbstractIntegrationTestSupport$IntegrationTestConfig. In Spring Framework 7.1, these classes will no longer be ignored. Please update your test configuration accordingly. For details, see: https://docs.spring.io/spring-framework/reference/testing/testcontext-framework/ctx-management/default-config.html
2026-10-01 17:10:46.025 INFO  [correlationId=] c.n.e.i.auth.AuthIntegrationTest - Starting AuthIntegrationTest using Java 24 with PID 60596 (started by Nam Nguyen in C:\Programming\PersonalProject\EcommercePlatformProject)
2026-10-01 17:10:46.025 DEBUG [correlationId=] c.n.e.i.auth.AuthIntegrationTest - Running with Spring Boot v4.1.0, Spring v7.0.8
2026-10-01 17:10:46.026 INFO  [correlationId=] c.n.e.i.auth.AuthIntegrationTest - The following 1 profile is active: "test"
2026-10-01 17:10:47.000 INFO  [correlationId=] o.s.d.r.c.RepositoryConfigurationDelegate - Multiple Spring Data modules found, entering strict repository configuration mode
2026-10-01 17:10:47.002 INFO  [correlationId=] o.s.d.r.c.RepositoryConfigurationDelegate - Bootstrapping Spring Data JPA repositories in DEFAULT mode.
2026-10-01 17:10:47.187 INFO  [correlationId=] o.s.d.r.c.RepositoryConfigurationDelegate - Finished Spring Data repository scanning in 168 ms. Found 6 JPA repository interfaces.
2026-10-01 17:10:47.229 INFO  [correlationId=] o.s.d.r.c.RepositoryConfigurationDelegate - Multiple Spring Data modules found, entering strict repository configuration mode
2026-10-01 17:10:47.230 INFO  [correlationId=] o.s.d.r.c.RepositoryConfigurationDelegate - Bootstrapping Spring Data Redis repositories in DEFAULT mode.
2026-10-01 17:10:47.288 INFO  [correlationId=] o.s.d.r.c.RepositoryConfigurationExtensionSupport - Spring Data Redis - Could not safely identify store assignment for repository candidate interface com.namnguyen.ecommerce_platform.cart.repository.CartItemRepository; If you want this repository to be a Redis repository, consider annotating your entities with one of these annotations: org.springframework.data.redis.core.RedisHash (preferred), or consider extending one of the following types with your repository: org.springframework.data.keyvalue.repository.KeyValueRepository
2026-10-01 17:10:47.288 INFO  [correlationId=] o.s.d.r.c.RepositoryConfigurationExtensionSupport - Spring Data Redis - Could not safely identify store assignment for repository candidate interface com.namnguyen.ecommerce_platform.cart.repository.CartRepository; If you want this repository to be a Redis repository, consider annotating your entities with one of these annotations: org.springframework.data.redis.core.RedisHash (preferred), or consider extending one of the following types with your repository: org.springframework.data.keyvalue.repository.KeyValueRepository
2026-10-01 17:10:47.289 INFO  [correlationId=] o.s.d.r.c.RepositoryConfigurationExtensionSupport - Spring Data Redis - Could not safely identify store assignment for repository candidate interface com.namnguyen.ecommerce_platform.order.repository.OrderRepository; If you want this repository to be a Redis repository, consider annotating your entities with one of these annotations: org.springframework.data.redis.core.RedisHash (preferred), or consider extending one of the following types with your repository: org.springframework.data.keyvalue.repository.KeyValueRepository
2026-10-01 17:10:47.289 INFO  [correlationId=] o.s.d.r.c.RepositoryConfigurationExtensionSupport - Spring Data Redis - Could not safely identify store assignment for repository candidate interface com.namnguyen.ecommerce_platform.payment.repository.PaymentRepository; If you want this repository to be a Redis repository, consider annotating your entities with one of these annotations: org.springframework.data.redis.core.RedisHash (preferred), or consider extending one of the following types with your repository: org.springframework.data.keyvalue.repository.KeyValueRepository
2026-10-01 17:10:47.289 INFO  [correlationId=] o.s.d.r.c.RepositoryConfigurationExtensionSupport - Spring Data Redis - Could not safely identify store assignment for repository candidate interface com.namnguyen.ecommerce_platform.product.repository.ProductRepository; If you want this repository to be a Redis repository, consider annotating your entities with one of these annotations: org.springframework.data.redis.core.RedisHash (preferred), or consider extending one of the following types with your repository: org.springframework.data.keyvalue.repository.KeyValueRepository
2026-10-01 17:10:47.289 INFO  [correlationId=] o.s.d.r.c.RepositoryConfigurationExtensionSupport - Spring Data Redis - Could not safely identify store assignment for repository candidate interface com.namnguyen.ecommerce_platform.user.repository.UserRepository; If you want this repository to be a Redis repository, consider annotating your entities with one of these annotations: org.springframework.data.redis.core.RedisHash (preferred), or consider extending one of the following types with your repository: org.springframework.data.keyvalue.repository.KeyValueRepository
2026-10-01 17:10:47.289 INFO  [correlationId=] o.s.d.r.c.RepositoryConfigurationDelegate - Finished Spring Data repository scanning in 43 ms. Found 0 Redis repository interfaces.
2026-10-01 17:10:47.909 INFO  [correlationId=] o.testcontainers.images.PullPolicy - Image pull policy will be performed by: DefaultPullPolicy()
2026-10-01 17:10:47.912 INFO  [correlationId=] o.t.utility.ImageNameSubstitutor - Image name substitution will be performed by: DefaultImageNameSubstitutor (composite of 'ConfigurationFileImageNameSubstitutor' and 'PrefixingImageNameSubstitutor')
2026-10-01 17:10:47.938 INFO  [correlationId=] o.testcontainers.DockerClientFactory - Testcontainers version: 2.0.5
2026-10-01 17:10:48.280 INFO  [correlationId=] o.t.d.DockerClientProviderStrategy - Loaded org.testcontainers.dockerclient.NpipeSocketClientProviderStrategy from ~/.testcontainers.properties, will try it first
2026-10-01 17:10:48.782 INFO  [correlationId=] o.t.d.DockerClientProviderStrategy - Found Docker environment with local Npipe socket (npipe:////./pipe/docker_engine)
2026-10-01 17:10:48.786 INFO  [correlationId=] o.testcontainers.DockerClientFactory - Docker host IP address is localhost
2026-10-01 17:10:48.817 INFO  [correlationId=] o.testcontainers.DockerClientFactory - Connected to docker: 
  Server Version: 29.8.0
  API Version: 1.56
  Operating System: Docker Desktop (containerized)
  Total Memory: 15914 MB
  Labels: 
    com.docker.desktop.address=npipe://\\.\pipe\docker_cli
2026-10-01 17:10:48.857 INFO  [correlationId=] tc.testcontainers/ryuk:0.14.0 - Creating container for image: testcontainers/ryuk:0.14.0
2026-10-01 17:10:49.116 INFO  [correlationId=] o.t.utility.RegistryAuthLocator - Credential helper/store (docker-credential-desktop) does not have credentials for https://index.docker.io/v1/
2026-10-01 17:10:49.315 INFO  [correlationId=] tc.testcontainers/ryuk:0.14.0 - Container testcontainers/ryuk:0.14.0 is starting: e98916a6ced87e7d556dbf1973eb8cb19eb755728d12b020547aa0e703fe7555
2026-10-01 17:10:49.896 INFO  [correlationId=] tc.testcontainers/ryuk:0.14.0 - Container testcontainers/ryuk:0.14.0 started in PT1.0386168S
2026-10-01 17:10:49.911 INFO  [correlationId=] o.t.utility.RyukResourceReaper - Ryuk started - will monitor and terminate Testcontainers containers on JVM exit
2026-10-01 17:10:49.912 INFO  [correlationId=] o.testcontainers.DockerClientFactory - Checking the system...
2026-10-01 17:10:49.913 INFO  [correlationId=] o.testcontainers.DockerClientFactory - ✔︎ Docker server version should be at least 1.6.0
2026-10-01 17:10:49.914 INFO  [correlationId=] tc.postgres:16-alpine - Creating container for image: postgres:16-alpine
2026-10-01 17:10:50.011 INFO  [correlationId=] tc.postgres:16-alpine - Container postgres:16-alpine is starting: dcfd1d6a1ff3e8a62e65dce3c2d5162e9eaf29e3f7dbe7fb89500fca9b720907
2026-10-01 17:10:52.444 INFO  [correlationId=] tc.postgres:16-alpine - Container postgres:16-alpine started in PT2.5299658S
2026-10-01 17:10:52.444 INFO  [correlationId=] tc.postgres:16-alpine - Container is started (JDBC URL: jdbc:postgresql://localhost:58947/test?loggerLevel=OFF)
2026-10-01 17:10:52.686 INFO  [correlationId=] org.hibernate.orm.jpa - HHH008540: Processing PersistenceUnitInfo [name: default]
2026-10-01 17:10:52.763 INFO  [correlationId=] org.hibernate.orm.core - HHH000001: Hibernate ORM core version 7.4.1.Final
2026-10-01 17:10:53.175 INFO  [correlationId=] o.s.o.j.p.SpringPersistenceUnitInfo - No LoadTimeWeaver setup: ignoring JPA class transformer
2026-10-01 17:10:53.222 INFO  [correlationId=] com.zaxxer.hikari.HikariDataSource - HikariPool-1 - Starting...
2026-10-01 17:10:53.434 INFO  [correlationId=] com.zaxxer.hikari.pool.HikariPool - HikariPool-1 - Added connection org.postgresql.jdbc.PgConnection@162be846
2026-10-01 17:10:53.436 INFO  [correlationId=] com.zaxxer.hikari.HikariDataSource - HikariPool-1 - Start completed.
2026-10-01 17:10:53.535 INFO  [correlationId=] o.hibernate.orm.connections.pooling - HHH10001005: Database info:
	Database JDBC URL [jdbc:postgresql://localhost:58947/test?loggerLevel=OFF]
	Database driver: PostgreSQL JDBC Driver
	Database dialect: PostgreSQLDialect
	Database version: 16.15
	Default catalog/schema: test/public
	Autocommit mode: undefined/unknown
	Isolation level: READ_COMMITTED [default READ_COMMITTED]
	JDBC fetch size: none
	Pool: DataSourceConnectionProvider
	Minimum pool size: undefined/unknown
	Maximum pool size: undefined/unknown
2026-10-01 17:10:54.805 INFO  [correlationId=] org.hibernate.orm.core - HHH000489: No JTA platform available (set 'hibernate.transaction.jta.platform' to enable JTA platform integration)
2026-10-01 17:10:54.961 INFO  [correlationId=] o.s.o.j.LocalContainerEntityManagerFactoryBean - Initialized JPA EntityManagerFactory for persistence unit 'default'
2026-10-01 17:10:55.074 INFO  [correlationId=] o.s.d.j.r.q.QueryEnhancerFactories - Hibernate is in classpath; If applicable, HQL parser will be used.
2026-10-01 17:10:56.120 INFO  [correlationId=] o.s.s.c.a.a.c.InitializeAuthenticationProviderBeanManagerConfigurer$InitializeAuthenticationProviderManagerConfigurer - Global AuthenticationManager configured with AuthenticationProvider bean with name authenticationProvider
2026-10-01 17:10:56.121 WARN  [correlationId=] o.s.s.c.a.a.c.InitializeUserDetailsBeanManagerConfigurer$InitializeUserDetailsManagerConfigurer - Global AuthenticationManager configured with an AuthenticationProvider bean. UserDetailsService beans will not be used by Spring Security for automatically configuring username/password login. Consider removing the AuthenticationProvider bean. Alternatively, consider using the UserDetailsService in a manually instantiated DaoAuthenticationProvider. If the current configuration is intentional, to turn off this warning, increase the logging level of 'org.springframework.security.config.annotation.authentication.configuration.InitializeUserDetailsBeanManagerConfigurer' to ERROR
2026-10-01 17:10:57.228 INFO  [correlationId=] o.s.b.t.m.w.SpringBootMockServletContext - Initializing Spring TestDispatcherServlet ''
2026-10-01 17:10:57.229 INFO  [correlationId=] o.s.t.w.s.TestDispatcherServlet - Initializing Servlet ''
2026-10-01 17:10:57.250 INFO  [correlationId=] o.s.b.a.e.web.EndpointLinksResolver - Exposing 3 endpoints beneath base path '/actuator'
2026-10-01 17:10:57.267 INFO  [correlationId=] o.s.t.w.s.TestDispatcherServlet - Completed initialization in 38 ms
2026-10-01 17:10:57.436 INFO  [correlationId=] c.n.e.i.auth.AuthIntegrationTest - Started AuthIntegrationTest in 11.469 seconds (process running for 22.437)
2026-10-01 17:10:58.111 INFO  [correlationId=] c.n.e.user.service.UserServiceImpl - Creating user role=CUSTOMER
2026-10-01 17:10:58.232 INFO  [correlationId=] c.n.e.user.service.UserServiceImpl - User created userId=1 role=CUSTOMER
2026-10-01 17:10:58.470 INFO  [correlationId=] c.n.e.auth.service.AuthServiceImpl - User registered userId=1
2026-10-01 17:10:58.751 WARN  [correlationId=] c.n.e.c.e.GlobalExceptionHandler - Request failed status=409 method=POST path=/api/auth/register exception=DuplicateResourceException
2026-10-01 17:10:58.856 WARN  [correlationId=] c.n.e.c.e.GlobalExceptionHandler - Request failed status=409 method=POST path=/api/auth/register exception=DuplicateResourceException
2026-10-01 17:10:59.076 INFO  [correlationId=] c.n.e.auth.service.AuthServiceImpl - User logged in userId=1
2026-10-01 17:10:59.104 WARN  [correlationId=] c.n.e.c.e.GlobalExceptionHandler - Request argument validation failed status=400 method=POST path=/api/auth/login fieldErrorCount=2
2026-10-01 17:10:59.138 WARN  [correlationId=] c.n.e.c.e.GlobalExceptionHandler - Request failed status=400 method=POST path=/api/auth/login exception=HttpMessageNotReadableException
2026-10-01 17:10:59.289 WARN  [correlationId=] c.n.e.c.e.GlobalExceptionHandler - Request failed status=401 method=POST path=/api/auth/login exception=BadCredentialsException
2026-10-01 17:10:59.372 WARN  [correlationId=] c.n.e.c.e.GlobalExceptionHandler - Request failed status=401 method=POST path=/api/auth/login exception=BadCredentialsException
2026-10-01 17:10:59.378 INFO  [correlationId=] o.s.t.c.s.AnnotationConfigContextLoaderUtils - Could not detect default configuration classes for test class [com.namnguyen.ecommerce_platform.integration.cart.CartIntegrationTest]: CartIntegrationTest does not declare any static, non-private, non-final, nested classes annotated with @Configuration.
2026-10-01 17:10:59.432 INFO  [correlationId=] o.s.b.t.c.SpringBootTestContextBootstrapper - Found @SpringBootConfiguration com.namnguyen.ecommerce_platform.EcommercePlatformApplication for test class com.namnguyen.ecommerce_platform.integration.cart.CartIntegrationTest
2026-10-01 17:10:59.434 INFO  [correlationId=] o.s.t.c.s.AnnotationConfigContextLoaderUtils - Could not detect default configuration classes for test class [com.namnguyen.ecommerce_platform.integration.cart.CartIntegrationTest]: CartIntegrationTest does not declare any static, non-private, non-final, nested classes annotated with @Configuration.
2026-10-01 17:10:59.434 INFO  [correlationId=] o.s.t.c.s.AnnotationConfigContextLoaderUtils - Could not detect default configuration classes for test class [com.namnguyen.ecommerce_platform.integration.BaseIntegrationTest]: BaseIntegrationTest does not declare any static, non-private, non-final, nested classes annotated with @Configuration.
2026-10-01 17:10:59.442 INFO  [correlationId=] o.s.b.t.c.SpringBootTestContextBootstrapper - Found @SpringBootConfiguration com.namnguyen.ecommerce_platform.EcommercePlatformApplication for test class com.namnguyen.ecommerce_platform.integration.cart.CartIntegrationTest
2026-10-01 17:10:59.442 WARN  [correlationId=] o.s.b.t.c.SpringBootTestContextBootstrapper - For test class [com.namnguyen.ecommerce_platform.integration.cart.CartIntegrationTest], the following 'default' context configuration classes were detected but are currently ignored: com.namnguyen.ecommerce_platform.integration.AbstractIntegrationTestSupport$IntegrationTestConfig. In Spring Framework 7.1, these classes will no longer be ignored. Please update your test configuration accordingly. For details, see: https://docs.spring.io/spring-framework/reference/testing/testcontext-framework/ctx-management/default-config.html
2026-10-01 17:10:59.556 DEBUG [correlationId=] c.n.e.cart.service.CartLookupService - Fetched cart cartId=1 userId=1
2026-10-01 17:10:59.556 INFO  [correlationId=] c.n.e.cart.service.CartServiceImpl - Clearing cart cartId=1 userId=1
2026-10-01 17:10:59.566 INFO  [correlationId=] c.n.e.cart.service.CartServiceImpl - Cart cleared cartId=1 userId=1
2026-10-01 17:10:59.698 DEBUG [correlationId=] c.n.e.user.service.UserLookupService - Fetched user userId=1
2026-10-01 17:10:59.701 DEBUG [correlationId=] c.n.e.cart.service.CartServiceImpl - Fetched user cart cartId=1 userId=1
2026-10-01 17:10:59.705 DEBUG [correlationId=] c.n.e.p.service.ProductLookupService - Fetched product productId=1
2026-10-01 17:10:59.705 INFO  [correlationId=] c.n.e.cart.service.CartServiceImpl - Adding cart item cartId=1 productId=1 quantity=2 userId=1
2026-10-01 17:10:59.725 INFO  [correlationId=] c.n.e.cart.service.CartServiceImpl - Cart item added cartItemId=1 cartId=1 productId=1 quantity=12 userId=1
2026-10-01 17:10:59.873 DEBUG [correlationId=] c.n.e.cart.service.CartLookupService - Fetched cart cartId=1 userId=1
2026-10-01 17:10:59.873 INFO  [correlationId=] c.n.e.cart.service.CartServiceImpl - Updating cart item quantity cartId=1 productId=1 quantity=12 userId=1
2026-10-01 17:10:59.876 DEBUG [correlationId=] c.n.e.cart.service.CartServiceImpl - Fetched cart item cartItemId=1 cartId=1 userId=1
2026-10-01 17:10:59.878 DEBUG [correlationId=] c.n.e.p.service.ProductLookupService - Fetched product productId=1
2026-10-01 17:10:59.880 WARN  [correlationId=] c.n.e.c.e.GlobalExceptionHandler - Request failed status=400 method=PATCH path=/api/cart/items/1 exception=InsufficientStockException
2026-10-01 17:10:59.981 DEBUG [correlationId=] c.n.e.user.service.UserLookupService - Fetched user userId=1
2026-10-01 17:10:59.987 INFO  [correlationId=] c.n.e.cart.service.CartServiceImpl - User cart created cartId=1 userId=1
2026-10-01 17:10:59.988 DEBUG [correlationId=] c.n.e.cart.service.CartServiceImpl - Fetched user cart cartId=1 userId=1
2026-10-01 17:10:59.991 DEBUG [correlationId=] c.n.e.p.service.ProductLookupService - Fetched product productId=1
2026-10-01 17:10:59.991 INFO  [correlationId=] c.n.e.cart.service.CartServiceImpl - Adding cart item cartId=1 productId=1 quantity=11 userId=1
2026-10-01 17:10:59.997 WARN  [correlationId=] c.n.e.c.e.GlobalExceptionHandler - Request failed status=400 method=POST path=/api/cart/items exception=InsufficientStockException
2026-10-01 17:11:00.112 DEBUG [correlationId=] c.n.e.user.service.UserLookupService - Fetched user userId=1
2026-10-01 17:11:00.118 INFO  [correlationId=] c.n.e.cart.service.CartServiceImpl - User cart created cartId=1 userId=1
2026-10-01 17:11:00.118 DEBUG [correlationId=] c.n.e.cart.service.CartServiceImpl - Fetched user cart cartId=1 userId=1
2026-10-01 17:11:00.121 DEBUG [correlationId=] c.n.e.p.service.ProductLookupService - Fetched product productId=1
2026-10-01 17:11:00.122 INFO  [correlationId=] c.n.e.cart.service.CartServiceImpl - Adding cart item cartId=1 productId=1 quantity=10 userId=1
2026-10-01 17:11:00.129 INFO  [correlationId=] c.n.e.cart.service.CartServiceImpl - Cart item added cartItemId=1 cartId=1 productId=1 quantity=10 userId=1
2026-10-01 17:11:00.238 DEBUG [correlationId=] c.n.e.user.service.UserLookupService - Fetched user userId=1
2026-10-01 17:11:00.243 INFO  [correlationId=] c.n.e.cart.service.CartServiceImpl - User cart created cartId=1 userId=1
2026-10-01 17:11:00.243 DEBUG [correlationId=] c.n.e.cart.service.CartServiceImpl - Fetched user cart cartId=1 userId=1
2026-10-01 17:11:00.346 DEBUG [correlationId=] c.n.e.cart.service.CartLookupService - Fetched cart cartId=1 userId=1
2026-10-01 17:11:00.346 INFO  [correlationId=] c.n.e.cart.service.CartServiceImpl - Removing cart item cartId=1 productId=1 userId=1
2026-10-01 17:11:00.349 DEBUG [correlationId=] c.n.e.cart.service.CartServiceImpl - Fetched cart item cartItemId=1 cartId=1 userId=1
2026-10-01 17:11:00.351 INFO  [correlationId=] c.n.e.cart.service.CartServiceImpl - Cart item removed cartId=1 productId=1 userId=1
2026-10-01 17:11:00.475 DEBUG [correlationId=] c.n.e.cart.service.CartLookupService - Fetched cart cartId=1 userId=1
2026-10-01 17:11:00.475 INFO  [correlationId=] c.n.e.cart.service.CartServiceImpl - Updating cart item quantity cartId=1 productId=1 quantity=2 userId=1
2026-10-01 17:11:00.478 DEBUG [correlationId=] c.n.e.cart.service.CartServiceImpl - Fetched cart item cartItemId=1 cartId=1 userId=1
2026-10-01 17:11:00.480 DEBUG [correlationId=] c.n.e.p.service.ProductLookupService - Fetched product productId=1
2026-10-01 17:11:00.481 INFO  [correlationId=] c.n.e.cart.service.CartServiceImpl - Cart item quantity updated cartId=1 productId=1 quantity=2 userId=1
2026-10-01 17:11:00.590 DEBUG [correlationId=] c.n.e.cart.service.CartLookupService - Fetched cart cartId=1 userId=1
2026-10-01 17:11:00.591 INFO  [correlationId=] c.n.e.cart.service.CartServiceImpl - Clearing cart cartId=1 userId=1
2026-10-01 17:11:00.593 INFO  [correlationId=] c.n.e.cart.service.CartServiceImpl - Cart cleared cartId=1 userId=1
2026-10-01 17:11:00.696 DEBUG [correlationId=] c.n.e.user.service.UserLookupService - Fetched user userId=1
2026-10-01 17:11:00.699 DEBUG [correlationId=] c.n.e.cart.service.CartServiceImpl - Fetched user cart cartId=1 userId=1
2026-10-01 17:11:00.803 DEBUG [correlationId=] c.n.e.cart.service.CartLookupService - Fetched cart cartId=1 userId=1
2026-10-01 17:11:00.803 INFO  [correlationId=] c.n.e.cart.service.CartServiceImpl - Removing cart item cartId=1 productId=1 userId=1
2026-10-01 17:11:00.808 WARN  [correlationId=] c.n.e.c.e.GlobalExceptionHandler - Request failed status=404 method=DELETE path=/api/cart/items/1 exception=NoResourceFoundException
2026-10-01 17:11:00.913 DEBUG [correlationId=] c.n.e.cart.service.CartLookupService - Fetched cart cartId=1 userId=1
2026-10-01 17:11:00.913 INFO  [correlationId=] c.n.e.cart.service.CartServiceImpl - Updating cart item quantity cartId=1 productId=1 quantity=0 userId=1
2026-10-01 17:11:00.915 DEBUG [correlationId=] c.n.e.cart.service.CartServiceImpl - Fetched cart item cartItemId=1 cartId=1 userId=1
2026-10-01 17:11:00.917 INFO  [correlationId=] c.n.e.cart.service.CartServiceImpl - Cart item quantity updated cartId=1 productId=1 quantity=0 userId=1
2026-10-01 17:11:01.020 DEBUG [correlationId=] c.n.e.cart.service.CartLookupService - Fetched cart cartId=1 userId=1
2026-10-01 17:11:01.020 INFO  [correlationId=] c.n.e.cart.service.CartServiceImpl - Updating cart item quantity cartId=1 productId=1 quantity=2 userId=1
2026-10-01 17:11:01.025 WARN  [correlationId=] c.n.e.c.e.GlobalExceptionHandler - Request failed status=404 method=PATCH path=/api/cart/items/1 exception=NoResourceFoundException
2026-10-01 17:11:01.121 WARN  [correlationId=] c.n.e.c.e.GlobalExceptionHandler - Request failed status=400 method=PATCH path=/api/cart/items/1 exception=HandlerMethodValidationException
2026-10-01 17:11:01.216 DEBUG [correlationId=] c.n.e.user.service.UserLookupService - Fetched user userId=1
2026-10-01 17:11:01.221 INFO  [correlationId=] c.n.e.cart.service.CartServiceImpl - User cart created cartId=1 userId=1
2026-10-01 17:11:01.221 DEBUG [correlationId=] c.n.e.cart.service.CartServiceImpl - Fetched user cart cartId=1 userId=1
2026-10-01 17:11:01.225 WARN  [correlationId=] c.n.e.c.e.GlobalExceptionHandler - Request failed status=404 method=POST path=/api/cart/items exception=NoResourceFoundException
2026-10-01 17:11:01.313 DEBUG [correlationId=] c.n.e.user.service.UserLookupService - Fetched user userId=1
2026-10-01 17:11:01.318 INFO  [correlationId=] c.n.e.cart.service.CartServiceImpl - User cart created cartId=1 userId=1
2026-10-01 17:11:01.319 DEBUG [correlationId=] c.n.e.cart.service.CartServiceImpl - Fetched user cart cartId=1 userId=1
2026-10-01 17:11:01.321 DEBUG [correlationId=] c.n.e.p.service.ProductLookupService - Fetched product productId=1
2026-10-01 17:11:01.321 INFO  [correlationId=] c.n.e.cart.service.CartServiceImpl - Adding cart item cartId=1 productId=1 quantity=1 userId=1
2026-10-01 17:11:01.325 WARN  [correlationId=] c.n.e.c.e.GlobalExceptionHandler - Request failed status=400 method=POST path=/api/cart/items exception=InsufficientStockException
2026-10-01 17:11:01.329 INFO  [correlationId=] o.s.t.c.s.AnnotationConfigContextLoaderUtils - Could not detect default configuration classes for test class [com.namnguyen.ecommerce_platform.integration.order.OrderIntegrationTest]: OrderIntegrationTest does not declare any static, non-private, non-final, nested classes annotated with @Configuration.
2026-10-01 17:11:01.380 INFO  [correlationId=] o.s.b.t.c.SpringBootTestContextBootstrapper - Found @SpringBootConfiguration com.namnguyen.ecommerce_platform.EcommercePlatformApplication for test class com.namnguyen.ecommerce_platform.integration.order.OrderIntegrationTest
2026-10-01 17:11:01.381 INFO  [correlationId=] o.s.t.c.s.AnnotationConfigContextLoaderUtils - Could not detect default configuration classes for test class [com.namnguyen.ecommerce_platform.integration.order.OrderIntegrationTest]: OrderIntegrationTest does not declare any static, non-private, non-final, nested classes annotated with @Configuration.
2026-10-01 17:11:01.382 INFO  [correlationId=] o.s.t.c.s.AnnotationConfigContextLoaderUtils - Could not detect default configuration classes for test class [com.namnguyen.ecommerce_platform.integration.BaseIntegrationTest]: BaseIntegrationTest does not declare any static, non-private, non-final, nested classes annotated with @Configuration.
2026-10-01 17:11:01.390 INFO  [correlationId=] o.s.b.t.c.SpringBootTestContextBootstrapper - Found @SpringBootConfiguration com.namnguyen.ecommerce_platform.EcommercePlatformApplication for test class com.namnguyen.ecommerce_platform.integration.order.OrderIntegrationTest
2026-10-01 17:11:01.390 WARN  [correlationId=] o.s.b.t.c.SpringBootTestContextBootstrapper - For test class [com.namnguyen.ecommerce_platform.integration.order.OrderIntegrationTest], the following 'default' context configuration classes were detected but are currently ignored: com.namnguyen.ecommerce_platform.integration.AbstractIntegrationTestSupport$IntegrationTestConfig. In Spring Framework 7.1, these classes will no longer be ignored. Please update your test configuration accordingly. For details, see: https://docs.spring.io/spring-framework/reference/testing/testcontext-framework/ctx-management/default-config.html
2026-10-01 17:11:01.489 DEBUG [correlationId=] c.n.e.o.service.OrderLookupService - Fetched order orderId=1 userId=1
2026-10-01 17:11:01.489 INFO  [correlationId=] c.n.e.order.service.OrderServiceImpl - Cancelling order orderId=1 userId=1
2026-10-01 17:11:01.491 WARN  [correlationId=] c.n.e.c.e.GlobalExceptionHandler - Request failed status=400 method=PATCH path=/api/orders/1/cancel exception=InvalidOrderStateException
2026-10-01 17:11:01.664 DEBUG [correlationId=] c.n.e.order.service.OrderServiceImpl - Fetching orders userId=1 page=0 size=10 sort=id: DESC
2026-10-01 17:11:01.697 DEBUG [correlationId=] c.n.e.order.service.OrderServiceImpl - Fetched orders page=0 returned=2 totalElements=2
2026-10-01 17:11:01.827 INFO  [correlationId=] c.n.e.order.service.OrderServiceImpl - Creating order userId=1 itemCount=1
2026-10-01 17:11:01.830 DEBUG [correlationId=] c.n.e.user.service.UserLookupService - Fetched user userId=1
2026-10-01 17:11:01.834 DEBUG [correlationId=] c.n.e.p.service.ProductLookupService - Fetched product productId=1
2026-10-01 17:11:01.834 DEBUG [correlationId=] c.n.e.order.service.OrderServiceImpl - Creating order item productId=1 quantity=10
2026-10-01 17:11:01.843 INFO  [correlationId=] c.n.e.order.service.OrderServiceImpl - Order created orderId=1 userId=1 itemCount=1
2026-10-01 17:11:01.867 DEBUG [correlationId=] c.n.e.o.service.OrderLookupService - Fetched order orderId=1 userId=1
2026-10-01 17:11:01.867 INFO  [correlationId=] c.n.e.order.service.OrderServiceImpl - Cancelling order orderId=1 userId=1
2026-10-01 17:11:01.873 INFO  [correlationId=] c.n.e.order.service.OrderServiceImpl - Order cancelled orderId=1
2026-10-01 17:11:01.969 INFO  [correlationId=] c.n.e.order.service.OrderServiceImpl - Creating order userId=1 itemCount=1
2026-10-01 17:11:01.973 DEBUG [correlationId=] c.n.e.user.service.UserLookupService - Fetched user userId=1
2026-10-01 17:11:01.979 WARN  [correlationId=] c.n.e.c.e.GlobalExceptionHandler - Request failed status=404 method=POST path=/api/orders exception=NoResourceFoundException
2026-10-01 17:11:02.079 WARN  [correlationId=] c.n.e.c.e.GlobalExceptionHandler - Request argument validation failed status=400 method=POST path=/api/orders fieldErrorCount=1
2026-10-01 17:11:02.173 WARN  [correlationId=] c.n.e.c.e.GlobalExceptionHandler - Request argument validation failed status=400 method=POST path=/api/orders fieldErrorCount=1
2026-10-01 17:11:02.276 INFO  [correlationId=] c.n.e.order.service.OrderServiceImpl - Creating order userId=1 itemCount=2
2026-10-01 17:11:02.280 DEBUG [correlationId=] c.n.e.user.service.UserLookupService - Fetched user userId=1
2026-10-01 17:11:02.282 DEBUG [correlationId=] c.n.e.p.service.ProductLookupService - Fetched product productId=1
2026-10-01 17:11:02.282 DEBUG [correlationId=] c.n.e.order.service.OrderServiceImpl - Creating order item productId=1 quantity=10
2026-10-01 17:11:02.284 DEBUG [correlationId=] c.n.e.p.service.ProductLookupService - Fetched product productId=2
2026-10-01 17:11:02.284 DEBUG [correlationId=] c.n.e.order.service.OrderServiceImpl - Creating order item productId=2 quantity=10
2026-10-01 17:11:02.286 WARN  [correlationId=] c.n.e.c.e.GlobalExceptionHandler - Request failed status=400 method=POST path=/api/orders exception=InsufficientStockException
2026-10-01 17:11:02.414 DEBUG [correlationId=] c.n.e.cart.service.CartLookupService - Fetched cart cartId=1 userId=1
2026-10-01 17:11:02.414 INFO  [correlationId=] c.n.e.order.service.OrderServiceImpl - Checking out user cart userId=1
2026-10-01 17:11:02.417 DEBUG [correlationId=] c.n.e.order.service.OrderServiceImpl - Creating order item productId=1 quantity=2
2026-10-01 17:11:02.430 INFO  [correlationId=] c.n.e.order.service.OrderServiceImpl - Cart checked out userId=1 orderId=1
2026-10-01 17:11:02.449 DEBUG [correlationId=] c.n.e.user.service.UserLookupService - Fetched user userId=1
2026-10-01 17:11:02.452 DEBUG [correlationId=] c.n.e.cart.service.CartServiceImpl - Fetched user cart cartId=1 userId=1
2026-10-01 17:11:02.556 WARN  [correlationId=] c.n.e.c.e.GlobalExceptionHandler - Request argument validation failed status=400 method=POST path=/api/orders fieldErrorCount=1
2026-10-01 17:11:02.649 DEBUG [correlationId=] c.n.e.order.service.OrderServiceImpl - Fetching orders userId=1 page=0 size=10 sort=id: DESC
2026-10-01 17:11:02.654 DEBUG [correlationId=] c.n.e.order.service.OrderServiceImpl - Fetched orders page=0 returned=0 totalElements=0
2026-10-01 17:11:02.753 DEBUG [correlationId=] c.n.e.order.service.OrderServiceImpl - Fetching orders userId=1 page=0 size=10 sort=id: DESC
2026-10-01 17:11:02.765 DEBUG [correlationId=] c.n.e.order.service.OrderServiceImpl - Fetched orders page=0 returned=2 totalElements=2
2026-10-01 17:11:02.847 WARN  [correlationId=] c.n.e.c.e.GlobalExceptionHandler - Request failed status=400 method=POST path=/api/orders exception=HttpMessageNotReadableException
2026-10-01 17:11:02.985 DEBUG [correlationId=] c.n.e.cart.service.CartLookupService - Fetched cart cartId=1 userId=1
2026-10-01 17:11:02.985 INFO  [correlationId=] c.n.e.order.service.OrderServiceImpl - Checking out user cart userId=1
2026-10-01 17:11:02.988 DEBUG [correlationId=] c.n.e.order.service.OrderServiceImpl - Creating order item productId=1 quantity=2
2026-10-01 17:11:02.991 DEBUG [correlationId=] c.n.e.order.service.OrderServiceImpl - Creating order item productId=2 quantity=10
2026-10-01 17:11:02.994 WARN  [correlationId=] c.n.e.c.e.GlobalExceptionHandler - Request failed status=400 method=POST path=/api/orders/checkout exception=InsufficientStockException
2026-10-01 17:11:03.001 DEBUG [correlationId=] c.n.e.user.service.UserLookupService - Fetched user userId=1
2026-10-01 17:11:03.004 DEBUG [correlationId=] c.n.e.cart.service.CartServiceImpl - Fetched user cart cartId=1 userId=1
2026-10-01 17:11:03.116 DEBUG [correlationId=] c.n.e.o.service.OrderLookupService - Fetched order orderId=1 userId=1
2026-10-01 17:11:03.116 INFO  [correlationId=] c.n.e.order.service.OrderServiceImpl - Cancelling order orderId=1 userId=1
2026-10-01 17:11:03.118 WARN  [correlationId=] c.n.e.c.e.GlobalExceptionHandler - Request failed status=400 method=PATCH path=/api/orders/1/cancel exception=InvalidOrderStateException
2026-10-01 17:11:03.216 DEBUG [correlationId=] c.n.e.o.service.OrderLookupService - Fetched order orderId=1 userId=1
2026-10-01 17:11:03.216 INFO  [correlationId=] c.n.e.order.service.OrderServiceImpl - Cancelling order orderId=1 userId=1
2026-10-01 17:11:03.217 WARN  [correlationId=] c.n.e.c.e.GlobalExceptionHandler - Request failed status=400 method=PATCH path=/api/orders/1/cancel exception=InvalidOrderStateException
2026-10-01 17:11:03.323 DEBUG [correlationId=] c.n.e.order.service.OrderServiceImpl - Fetching orders userId=1 page=0 size=10 sort=id: DESC
2026-10-01 17:11:03.333 DEBUG [correlationId=] c.n.e.order.service.OrderServiceImpl - Fetched orders page=0 returned=1 totalElements=1
2026-10-01 17:11:03.500 WARN  [correlationId=] c.n.e.c.e.GlobalExceptionHandler - Request failed status=404 method=PATCH path=/api/orders/1/cancel exception=NoResourceFoundException
2026-10-01 17:11:03.605 INFO  [correlationId=] c.n.e.order.service.OrderServiceImpl - Creating order userId=1 itemCount=1
2026-10-01 17:11:03.609 DEBUG [correlationId=] c.n.e.user.service.UserLookupService - Fetched user userId=1
2026-10-01 17:11:03.611 DEBUG [correlationId=] c.n.e.p.service.ProductLookupService - Fetched product productId=1
2026-10-01 17:11:03.612 DEBUG [correlationId=] c.n.e.order.service.OrderServiceImpl - Creating order item productId=1 quantity=10
2026-10-01 17:11:03.620 INFO  [correlationId=] c.n.e.order.service.OrderServiceImpl - Order created orderId=1 userId=1 itemCount=1
2026-10-01 17:11:03.729 DEBUG [correlationId=] c.n.e.order.service.OrderServiceImpl - Fetching order orderId=999999 userId=1
2026-10-01 17:11:03.735 WARN  [correlationId=] c.n.e.c.e.GlobalExceptionHandler - Request failed status=404 method=GET path=/api/orders/999999 exception=NoResourceFoundException
2026-10-01 17:11:03.849 DEBUG [correlationId=] c.n.e.o.service.OrderLookupService - Fetched order orderId=1 userId=1
2026-10-01 17:11:03.849 INFO  [correlationId=] c.n.e.order.service.OrderServiceImpl - Cancelling order orderId=1 userId=1
2026-10-01 17:11:03.851 WARN  [correlationId=] c.n.e.c.e.GlobalExceptionHandler - Request failed status=400 method=PATCH path=/api/orders/1/cancel exception=InvalidOrderStateException
2026-10-01 17:11:03.963 DEBUG [correlationId=] c.n.e.cart.service.CartLookupService - Fetched cart cartId=1 userId=1
2026-10-01 17:11:03.963 INFO  [correlationId=] c.n.e.order.service.OrderServiceImpl - Checking out user cart userId=1
2026-10-01 17:11:03.967 WARN  [correlationId=] c.n.e.c.e.GlobalExceptionHandler - Request failed status=400 method=POST path=/api/orders/checkout exception=InvalidCartStateException
2026-10-01 17:11:04.070 DEBUG [correlationId=] c.n.e.o.service.OrderLookupService - Fetched order orderId=1 userId=1
2026-10-01 17:11:04.071 INFO  [correlationId=] c.n.e.order.service.OrderServiceImpl - Cancelling order orderId=1 userId=1
2026-10-01 17:11:04.072 WARN  [correlationId=] c.n.e.c.e.GlobalExceptionHandler - Request failed status=400 method=PATCH path=/api/orders/1/cancel exception=InvalidOrderStateException
2026-10-01 17:11:04.171 WARN  [correlationId=] c.n.e.c.e.GlobalExceptionHandler - Request failed status=404 method=PATCH path=/api/orders/999999/cancel exception=NoResourceFoundException
2026-10-01 17:11:04.270 DEBUG [correlationId=] c.n.e.order.service.OrderServiceImpl - Fetching order orderId=1 userId=1
2026-10-01 17:11:04.274 DEBUG [correlationId=] c.n.e.o.service.OrderLookupService - Fetched order orderId=1 userId=1
2026-10-01 17:11:04.383 DEBUG [correlationId=] c.n.e.order.service.OrderServiceImpl - Fetching orders userId=1 page=0 size=10 sort=id: DESC
2026-10-01 17:11:04.399 DEBUG [correlationId=] c.n.e.order.service.OrderServiceImpl - Fetched orders page=0 returned=2 totalElements=2
2026-10-01 17:11:04.581 DEBUG [correlationId=] c.n.e.order.service.OrderServiceImpl - Fetching order orderId=1 userId=2
2026-10-01 17:11:04.588 WARN  [correlationId=] c.n.e.c.e.GlobalExceptionHandler - Request failed status=404 method=GET path=/api/orders/1 exception=NoResourceFoundException
2026-10-01 17:11:04.597 INFO  [correlationId=] o.s.t.c.s.AnnotationConfigContextLoaderUtils - Could not detect default configuration classes for test class [com.namnguyen.ecommerce_platform.integration.payment.PaymentIntegrationTest]: PaymentIntegrationTest does not declare any static, non-private, non-final, nested classes annotated with @Configuration.
2026-10-01 17:11:04.690 INFO  [correlationId=] o.s.b.t.c.SpringBootTestContextBootstrapper - Found @SpringBootConfiguration com.namnguyen.ecommerce_platform.EcommercePlatformApplication for test class com.namnguyen.ecommerce_platform.integration.payment.PaymentIntegrationTest
2026-10-01 17:11:04.691 INFO  [correlationId=] o.s.t.c.s.AnnotationConfigContextLoaderUtils - Could not detect default configuration classes for test class [com.namnguyen.ecommerce_platform.integration.payment.PaymentIntegrationTest]: PaymentIntegrationTest does not declare any static, non-private, non-final, nested classes annotated with @Configuration.
2026-10-01 17:11:04.692 INFO  [correlationId=] o.s.t.c.s.AnnotationConfigContextLoaderUtils - Could not detect default configuration classes for test class [com.namnguyen.ecommerce_platform.integration.BaseIntegrationTest]: BaseIntegrationTest does not declare any static, non-private, non-final, nested classes annotated with @Configuration.
2026-10-01 17:11:04.708 INFO  [correlationId=] o.s.b.t.c.SpringBootTestContextBootstrapper - Found @SpringBootConfiguration com.namnguyen.ecommerce_platform.EcommercePlatformApplication for test class com.namnguyen.ecommerce_platform.integration.payment.PaymentIntegrationTest
2026-10-01 17:11:04.708 WARN  [correlationId=] o.s.b.t.c.SpringBootTestContextBootstrapper - For test class [com.namnguyen.ecommerce_platform.integration.payment.PaymentIntegrationTest], the following 'default' context configuration classes were detected but are currently ignored: com.namnguyen.ecommerce_platform.integration.AbstractIntegrationTestSupport$IntegrationTestConfig. In Spring Framework 7.1, these classes will no longer be ignored. Please update your test configuration accordingly. For details, see: https://docs.spring.io/spring-framework/reference/testing/testcontext-framework/ctx-management/default-config.html
2026-10-01 17:11:04.841 WARN  [correlationId=] c.n.e.c.e.GlobalExceptionHandler - Request failed status=400 method=POST path=/api/orders/1/payments/confirm exception=MethodArgumentTypeMismatchException
2026-10-01 17:11:04.974 DEBUG [correlationId=] c.n.e.p.service.PaymentServiceImpl - Fetching payment orderId=1 userId=1
2026-10-01 17:11:04.983 DEBUG [correlationId=] c.n.e.o.service.OrderLookupService - Fetched order orderId=1 userId=1
2026-10-01 17:11:04.993 WARN  [correlationId=] c.n.e.c.e.GlobalExceptionHandler - Request failed status=404 method=GET path=/api/orders/1/payments exception=NoResourceFoundException
2026-10-01 17:11:05.170 WARN  [correlationId=] c.n.e.c.e.GlobalExceptionHandler - Request argument validation failed status=400 method=POST path=/api/orders/1/payments fieldErrorCount=1
2026-10-01 17:11:05.314 INFO  [correlationId=] c.n.e.p.service.PaymentServiceImpl - Confirming payment orderId=1 userId=1 status=FAILED
2026-10-01 17:11:05.387 DEBUG [correlationId=] c.n.e.o.service.OrderLookupService - Fetched order orderId=1 userId=1
2026-10-01 17:11:05.396 WARN  [correlationId=] c.n.e.c.e.GlobalExceptionHandler - Request failed status=400 method=POST path=/api/orders/1/payments/confirm exception=InvalidPaymentStateException
2026-10-01 17:11:05.572 WARN  [correlationId=] c.n.e.c.e.GlobalExceptionHandler - Request failed status=400 method=PATCH path=/api/orders/1/payments exception=HttpMessageNotReadableException
2026-10-01 17:11:05.710 INFO  [correlationId=] c.n.e.p.service.PaymentServiceImpl - Confirming payment orderId=1 userId=1 status=PENDING
2026-10-01 17:11:05.717 DEBUG [correlationId=] c.n.e.o.service.OrderLookupService - Fetched order orderId=1 userId=1
2026-10-01 17:11:05.722 WARN  [correlationId=] c.n.e.c.e.GlobalExceptionHandler - Request failed status=400 method=POST path=/api/orders/1/payments/confirm exception=InvalidPaymentStateException
2026-10-01 17:11:05.832 INFO  [correlationId=] c.n.e.p.service.PaymentServiceImpl - Updating payment orderId=1 userId=1
2026-10-01 17:11:05.837 DEBUG [correlationId=] c.n.e.o.service.OrderLookupService - Fetched order orderId=1 userId=1
2026-10-01 17:11:05.841 WARN  [correlationId=] c.n.e.c.e.GlobalExceptionHandler - Request failed status=404 method=PATCH path=/api/orders/1/payments exception=NoResourceFoundException
2026-10-01 17:11:05.940 INFO  [correlationId=] c.n.e.p.service.PaymentServiceImpl - Updating payment orderId=1 userId=1
2026-10-01 17:11:05.944 DEBUG [correlationId=] c.n.e.o.service.OrderLookupService - Fetched order orderId=1 userId=1
2026-10-01 17:11:05.948 WARN  [correlationId=] c.n.e.c.e.GlobalExceptionHandler - Request failed status=400 method=PATCH path=/api/orders/1/payments exception=InvalidPaymentStateException
2026-10-01 17:11:06.094 INFO  [correlationId=] c.n.e.p.service.PaymentServiceImpl - Submitting payment orderId=1 userId=2
2026-10-01 17:11:06.097 WARN  [correlationId=] c.n.e.c.e.GlobalExceptionHandler - Request failed status=404 method=POST path=/api/orders/1/payments exception=NoResourceFoundException
2026-10-01 17:11:06.194 DEBUG [correlationId=] c.n.e.p.service.PaymentServiceImpl - Fetching payment orderId=1 userId=1
2026-10-01 17:11:06.197 DEBUG [correlationId=] c.n.e.o.service.OrderLookupService - Fetched order orderId=1 userId=1
2026-10-01 17:11:06.287 INFO  [correlationId=] c.n.e.p.service.PaymentServiceImpl - Submitting payment orderId=1 userId=1
2026-10-01 17:11:06.291 DEBUG [correlationId=] c.n.e.o.service.OrderLookupService - Fetched order orderId=1 userId=1
2026-10-01 17:11:06.292 WARN  [correlationId=] c.n.e.c.e.GlobalExceptionHandler - Request failed status=400 method=POST path=/api/orders/1/payments exception=InvalidOrderStateException
2026-10-01 17:11:06.441 DEBUG [correlationId=] c.n.e.p.service.PaymentServiceImpl - Fetching payment orderId=1 userId=2
2026-10-01 17:11:06.445 WARN  [correlationId=] c.n.e.c.e.GlobalExceptionHandler - Request failed status=404 method=GET path=/api/orders/1/payments exception=NoResourceFoundException
2026-10-01 17:11:06.550 INFO  [correlationId=] c.n.e.p.service.PaymentServiceImpl - Confirming payment orderId=1 userId=1 status=SUCCESS
2026-10-01 17:11:06.557 DEBUG [correlationId=] c.n.e.o.service.OrderLookupService - Fetched order orderId=1 userId=1
2026-10-01 17:11:06.562 WARN  [correlationId=] c.n.e.c.e.GlobalExceptionHandler - Request failed status=400 method=POST path=/api/orders/1/payments/confirm exception=InvalidOrderStateException
2026-10-01 17:11:06.671 INFO  [correlationId=] c.n.e.p.service.PaymentServiceImpl - Confirming payment orderId=1 userId=1 status=SUCCESS
2026-10-01 17:11:06.676 DEBUG [correlationId=] c.n.e.o.service.OrderLookupService - Fetched order orderId=1 userId=1
2026-10-01 17:11:06.678 INFO  [correlationId=] c.n.e.p.service.PaymentServiceImpl - Payment status updated paymentId=1 status=SUCCESS
2026-10-01 17:11:06.790 INFO  [correlationId=] c.n.e.p.service.PaymentServiceImpl - Updating payment orderId=1 userId=1
2026-10-01 17:11:06.793 DEBUG [correlationId=] c.n.e.o.service.OrderLookupService - Fetched order orderId=1 userId=1
2026-10-01 17:11:06.796 INFO  [correlationId=] c.n.e.p.service.PaymentServiceImpl - Payment updated paymentId=1
2026-10-01 17:11:06.883 INFO  [correlationId=] c.n.e.p.service.PaymentServiceImpl - Submitting payment orderId=999999 userId=1
2026-10-01 17:11:06.887 WARN  [correlationId=] c.n.e.c.e.GlobalExceptionHandler - Request failed status=404 method=POST path=/api/orders/999999/payments exception=NoResourceFoundException
2026-10-01 17:11:06.981 INFO  [correlationId=] c.n.e.p.service.PaymentServiceImpl - Submitting payment orderId=1 userId=1
2026-10-01 17:11:06.985 DEBUG [correlationId=] c.n.e.o.service.OrderLookupService - Fetched order orderId=1 userId=1
2026-10-01 17:11:06.991 WARN  [correlationId=] c.n.e.c.e.GlobalExceptionHandler - Request failed status=409 method=POST path=/api/orders/1/payments exception=DuplicateResourceException
2026-10-01 17:11:07.142 INFO  [correlationId=] c.n.e.p.service.PaymentServiceImpl - Updating payment orderId=1 userId=2
2026-10-01 17:11:07.145 WARN  [correlationId=] c.n.e.c.e.GlobalExceptionHandler - Request failed status=404 method=PATCH path=/api/orders/1/payments exception=NoResourceFoundException
2026-10-01 17:11:07.240 INFO  [correlationId=] c.n.e.p.service.PaymentServiceImpl - Confirming payment orderId=1 userId=1 status=FAILED
2026-10-01 17:11:07.243 DEBUG [correlationId=] c.n.e.o.service.OrderLookupService - Fetched order orderId=1 userId=1
2026-10-01 17:11:07.245 INFO  [correlationId=] c.n.e.p.service.PaymentServiceImpl - Payment status updated paymentId=1 status=FAILED
2026-10-01 17:11:07.338 WARN  [correlationId=] c.n.e.c.e.GlobalExceptionHandler - Request failed status=400 method=POST path=/api/orders/1/payments exception=HttpMessageNotReadableException
2026-10-01 17:11:07.426 INFO  [correlationId=] c.n.e.p.service.PaymentServiceImpl - Confirming payment orderId=1 userId=1 status=SUCCESS
2026-10-01 17:11:07.430 DEBUG [correlationId=] c.n.e.o.service.OrderLookupService - Fetched order orderId=1 userId=1
2026-10-01 17:11:07.434 WARN  [correlationId=] c.n.e.c.e.GlobalExceptionHandler - Request failed status=404 method=POST path=/api/orders/1/payments/confirm exception=NoResourceFoundException
2026-10-01 17:11:07.518 INFO  [correlationId=] c.n.e.p.service.PaymentServiceImpl - Submitting payment orderId=1 userId=1
2026-10-01 17:11:07.523 DEBUG [correlationId=] c.n.e.o.service.OrderLookupService - Fetched order orderId=1 userId=1
2026-10-01 17:11:07.527 INFO  [correlationId=] c.n.e.p.service.PaymentServiceImpl - Payment submitted paymentId=1
2026-10-01 17:11:07.680 INFO  [correlationId=] c.n.e.p.service.PaymentServiceImpl - Confirming payment orderId=1 userId=2 status=SUCCESS
2026-10-01 17:11:07.684 WARN  [correlationId=] c.n.e.c.e.GlobalExceptionHandler - Request failed status=404 method=POST path=/api/orders/1/payments/confirm exception=NoResourceFoundException
2026-10-01 17:11:07.696 INFO  [correlationId=] o.s.t.c.s.AnnotationConfigContextLoaderUtils - Could not detect default configuration classes for test class [com.namnguyen.ecommerce_platform.integration.product.ProductIntegrationTest]: ProductIntegrationTest does not declare any static, non-private, non-final, nested classes annotated with @Configuration.
2026-10-01 17:11:07.745 INFO  [correlationId=] o.s.b.t.c.SpringBootTestContextBootstrapper - Found @SpringBootConfiguration com.namnguyen.ecommerce_platform.EcommercePlatformApplication for test class com.namnguyen.ecommerce_platform.integration.product.ProductIntegrationTest
2026-10-01 17:11:07.745 INFO  [correlationId=] o.s.t.c.s.AnnotationConfigContextLoaderUtils - Could not detect default configuration classes for test class [com.namnguyen.ecommerce_platform.integration.product.ProductIntegrationTest]: ProductIntegrationTest does not declare any static, non-private, non-final, nested classes annotated with @Configuration.
2026-10-01 17:11:07.746 INFO  [correlationId=] o.s.t.c.s.AnnotationConfigContextLoaderUtils - Could not detect default configuration classes for test class [com.namnguyen.ecommerce_platform.integration.BaseIntegrationTest]: BaseIntegrationTest does not declare any static, non-private, non-final, nested classes annotated with @Configuration.
2026-10-01 17:11:07.752 INFO  [correlationId=] o.s.b.t.c.SpringBootTestContextBootstrapper - Found @SpringBootConfiguration com.namnguyen.ecommerce_platform.EcommercePlatformApplication for test class com.namnguyen.ecommerce_platform.integration.product.ProductIntegrationTest
2026-10-01 17:11:07.753 WARN  [correlationId=] o.s.b.t.c.SpringBootTestContextBootstrapper - For test class [com.namnguyen.ecommerce_platform.integration.product.ProductIntegrationTest], the following 'default' context configuration classes were detected but are currently ignored: com.namnguyen.ecommerce_platform.integration.AbstractIntegrationTestSupport$IntegrationTestConfig. In Spring Framework 7.1, these classes will no longer be ignored. Please update your test configuration accordingly. For details, see: https://docs.spring.io/spring-framework/reference/testing/testcontext-framework/ctx-management/default-config.html
2026-10-01 17:11:07.807 DEBUG [correlationId=] c.n.e.p.service.ProductServiceImpl - Fetching product productId=1
2026-10-01 17:11:07.810 DEBUG [correlationId=] c.n.e.p.service.ProductLookupService - Fetched product productId=1
2026-10-01 17:11:07.874 DEBUG [correlationId=] c.n.e.p.service.ProductServiceImpl - Fetching products status=ACTIVE page=0 size=10 sort=id: DESC
2026-10-01 17:11:07.918 WARN  [correlationId=] c.n.e.c.e.GlobalExceptionHandler - Request failed status=404 method=DELETE path=/api/products/999999 exception=NoResourceFoundException
2026-10-01 17:11:07.961 INFO  [correlationId=] c.n.e.p.service.ProductServiceImpl - Update product productId=1 name=Test Product update
2026-10-01 17:11:07.963 DEBUG [correlationId=] c.n.e.p.service.ProductLookupService - Fetched product productId=1
2026-10-01 17:11:07.963 INFO  [correlationId=] c.n.e.p.service.ProductServiceImpl - Product updated productId=1 name=Test Product update
2026-10-01 17:11:08.014 DEBUG [correlationId=] c.n.e.p.service.ProductServiceImpl - Fetching products status=null page=0 size=10 sort=id: ASC
2026-10-01 17:11:08.058 DEBUG [correlationId=] c.n.e.p.service.ProductServiceImpl - Fetching products status=null page=0 size=10 sort=id: ASC
2026-10-01 17:11:08.110 DEBUG [correlationId=] c.n.e.p.service.ProductServiceImpl - Fetching products status=ACTIVE page=0 size=10 sort=id: ASC
2026-10-01 17:11:08.148 INFO  [correlationId=] c.n.e.p.service.ProductServiceImpl - Creating product name=Test Product
2026-10-01 17:11:08.153 INFO  [correlationId=] c.n.e.p.service.ProductServiceImpl - Product created productId=1 name=Test Product
2026-10-01 17:11:08.194 INFO  [correlationId=] c.n.e.p.service.ProductServiceImpl - Update product productId=1 name=Test Product update
2026-10-01 17:11:08.197 DEBUG [correlationId=] c.n.e.p.service.ProductLookupService - Fetched product productId=1
2026-10-01 17:11:08.197 INFO  [correlationId=] c.n.e.p.service.ProductServiceImpl - Product updated productId=1 name=Test Product update
2026-10-01 17:11:08.246 DEBUG [correlationId=] c.n.e.p.service.ProductServiceImpl - Fetching products status=null page=0 size=10 sort=id: ASC
2026-10-01 17:11:08.281 DEBUG [correlationId=] c.n.e.p.service.ProductServiceImpl - Fetching product productId=999
2026-10-01 17:11:08.287 WARN  [correlationId=] c.n.e.c.e.GlobalExceptionHandler - Request failed status=404 method=GET path=/api/products/999 exception=NoResourceFoundException
2026-10-01 17:11:08.324 DEBUG [correlationId=] c.n.e.p.service.ProductLookupService - Fetched product productId=1
2026-10-01 17:11:08.326 INFO  [correlationId=] c.n.e.p.service.ProductServiceImpl - Product deleted productId=1
2026-10-01 17:11:08.370 INFO  [correlationId=] c.n.e.p.service.ProductServiceImpl - Patching product productId=999999
2026-10-01 17:11:08.374 WARN  [correlationId=] c.n.e.c.e.GlobalExceptionHandler - Request failed status=404 method=PATCH path=/api/products/999999 exception=NoResourceFoundException
2026-10-01 17:11:08.425 DEBUG [correlationId=] c.n.e.p.service.ProductServiceImpl - Fetching products status=null page=1 size=2 sort=id: ASC
2026-10-01 17:11:08.465 INFO  [correlationId=] c.n.e.p.service.ProductServiceImpl - Patching product productId=1
2026-10-01 17:11:08.468 DEBUG [correlationId=] c.n.e.p.service.ProductLookupService - Fetched product productId=1
2026-10-01 17:11:08.469 INFO  [correlationId=] c.n.e.p.service.ProductServiceImpl - Product patched productId=1 name=Test Product update
2026-10-01 17:11:08.512 DEBUG [correlationId=] c.n.e.p.service.ProductServiceImpl - Fetching products status=null page=0 size=10 sort=id: ASC
2026-10-01 17:11:08.542 INFO  [correlationId=] c.n.e.p.service.ProductServiceImpl - Creating product name=Test Product
2026-10-01 17:11:08.546 INFO  [correlationId=] c.n.e.p.service.ProductServiceImpl - Product created productId=1 name=Test Product
2026-10-01 17:11:08.580 INFO  [correlationId=] c.n.e.p.service.ProductServiceImpl - Patching product productId=1
2026-10-01 17:11:08.582 DEBUG [correlationId=] c.n.e.p.service.ProductLookupService - Fetched product productId=1
2026-10-01 17:11:08.582 INFO  [correlationId=] c.n.e.p.service.ProductServiceImpl - Product patched productId=1 name=Test Product update
2026-10-01 17:11:08.633 DEBUG [correlationId=] c.n.e.p.service.ProductServiceImpl - Fetching products status=null page=0 size=10 sort=id: DESC
2026-10-01 17:11:08.662 INFO  [correlationId=] c.n.e.p.service.ProductServiceImpl - Update product productId=999999 name=Test Product update
2026-10-01 17:11:08.666 WARN  [correlationId=] c.n.e.c.e.GlobalExceptionHandler - Request failed status=404 method=PUT path=/api/products/999999 exception=NoResourceFoundException
2026-10-01 17:11:08.672 INFO  [correlationId=] o.s.t.c.s.AnnotationConfigContextLoaderUtils - Could not detect default configuration classes for test class [com.namnguyen.ecommerce_platform.integration.security.AuthSecurityIntegrationTest]: AuthSecurityIntegrationTest does not declare any static, non-private, non-final, nested classes annotated with @Configuration.
2026-10-01 17:11:08.719 INFO  [correlationId=] o.s.b.t.c.SpringBootTestContextBootstrapper - Found @SpringBootConfiguration com.namnguyen.ecommerce_platform.EcommercePlatformApplication for test class com.namnguyen.ecommerce_platform.integration.security.AuthSecurityIntegrationTest
2026-10-01 17:11:08.721 INFO  [correlationId=] o.s.t.c.s.AnnotationConfigContextLoaderUtils - Could not detect default configuration classes for test class [com.namnguyen.ecommerce_platform.integration.security.AuthSecurityIntegrationTest]: AuthSecurityIntegrationTest does not declare any static, non-private, non-final, nested classes annotated with @Configuration.
2026-10-01 17:11:08.721 INFO  [correlationId=] o.s.t.c.s.AnnotationConfigContextLoaderUtils - Could not detect default configuration classes for test class [com.namnguyen.ecommerce_platform.integration.BaseSecurityIntegrationTest]: BaseSecurityIntegrationTest does not declare any static, non-private, non-final, nested classes annotated with @Configuration.
2026-10-01 17:11:08.729 INFO  [correlationId=] o.s.b.t.c.SpringBootTestContextBootstrapper - Found @SpringBootConfiguration com.namnguyen.ecommerce_platform.EcommercePlatformApplication for test class com.namnguyen.ecommerce_platform.integration.security.AuthSecurityIntegrationTest
2026-10-01 17:11:08.729 WARN  [correlationId=] o.s.b.t.c.SpringBootTestContextBootstrapper - For test class [com.namnguyen.ecommerce_platform.integration.security.AuthSecurityIntegrationTest], the following 'default' context configuration classes were detected but are currently ignored: com.namnguyen.ecommerce_platform.integration.AbstractIntegrationTestSupport$IntegrationTestConfig. In Spring Framework 7.1, these classes will no longer be ignored. Please update your test configuration accordingly. For details, see: https://docs.spring.io/spring-framework/reference/testing/testcontext-framework/ctx-management/default-config.html
2026-10-01 17:11:08.766 INFO  [correlationId=] c.n.e.i.s.AuthSecurityIntegrationTest - Starting AuthSecurityIntegrationTest using Java 24 with PID 60596 (started by Nam Nguyen in C:\Programming\PersonalProject\EcommercePlatformProject)
2026-10-01 17:11:08.766 DEBUG [correlationId=] c.n.e.i.s.AuthSecurityIntegrationTest - Running with Spring Boot v4.1.0, Spring v7.0.8
2026-10-01 17:11:08.766 INFO  [correlationId=] c.n.e.i.s.AuthSecurityIntegrationTest - The following 1 profile is active: "test"
2026-10-01 17:11:09.087 INFO  [correlationId=] o.s.d.r.c.RepositoryConfigurationDelegate - Multiple Spring Data modules found, entering strict repository configuration mode
2026-10-01 17:11:09.087 INFO  [correlationId=] o.s.d.r.c.RepositoryConfigurationDelegate - Bootstrapping Spring Data JPA repositories in DEFAULT mode.
2026-10-01 17:11:09.165 INFO  [correlationId=] o.s.d.r.c.RepositoryConfigurationDelegate - Finished Spring Data repository scanning in 76 ms. Found 6 JPA repository interfaces.
2026-10-01 17:11:09.167 INFO  [correlationId=] o.s.d.r.c.RepositoryConfigurationDelegate - Multiple Spring Data modules found, entering strict repository configuration mode
2026-10-01 17:11:09.167 INFO  [correlationId=] o.s.d.r.c.RepositoryConfigurationDelegate - Bootstrapping Spring Data Redis repositories in DEFAULT mode.
2026-10-01 17:11:09.208 INFO  [correlationId=] o.s.d.r.c.RepositoryConfigurationExtensionSupport - Spring Data Redis - Could not safely identify store assignment for repository candidate interface com.namnguyen.ecommerce_platform.cart.repository.CartItemRepository; If you want this repository to be a Redis repository, consider annotating your entities with one of these annotations: org.springframework.data.redis.core.RedisHash (preferred), or consider extending one of the following types with your repository: org.springframework.data.keyvalue.repository.KeyValueRepository
2026-10-01 17:11:09.208 INFO  [correlationId=] o.s.d.r.c.RepositoryConfigurationExtensionSupport - Spring Data Redis - Could not safely identify store assignment for repository candidate interface com.namnguyen.ecommerce_platform.cart.repository.CartRepository; If you want this repository to be a Redis repository, consider annotating your entities with one of these annotations: org.springframework.data.redis.core.RedisHash (preferred), or consider extending one of the following types with your repository: org.springframework.data.keyvalue.repository.KeyValueRepository
2026-10-01 17:11:09.208 INFO  [correlationId=] o.s.d.r.c.RepositoryConfigurationExtensionSupport - Spring Data Redis - Could not safely identify store assignment for repository candidate interface com.namnguyen.ecommerce_platform.order.repository.OrderRepository; If you want this repository to be a Redis repository, consider annotating your entities with one of these annotations: org.springframework.data.redis.core.RedisHash (preferred), or consider extending one of the following types with your repository: org.springframework.data.keyvalue.repository.KeyValueRepository
2026-10-01 17:11:09.209 INFO  [correlationId=] o.s.d.r.c.RepositoryConfigurationExtensionSupport - Spring Data Redis - Could not safely identify store assignment for repository candidate interface com.namnguyen.ecommerce_platform.payment.repository.PaymentRepository; If you want this repository to be a Redis repository, consider annotating your entities with one of these annotations: org.springframework.data.redis.core.RedisHash (preferred), or consider extending one of the following types with your repository: org.springframework.data.keyvalue.repository.KeyValueRepository
2026-10-01 17:11:09.209 INFO  [correlationId=] o.s.d.r.c.RepositoryConfigurationExtensionSupport - Spring Data Redis - Could not safely identify store assignment for repository candidate interface com.namnguyen.ecommerce_platform.product.repository.ProductRepository; If you want this repository to be a Redis repository, consider annotating your entities with one of these annotations: org.springframework.data.redis.core.RedisHash (preferred), or consider extending one of the following types with your repository: org.springframework.data.keyvalue.repository.KeyValueRepository
2026-10-01 17:11:09.209 INFO  [correlationId=] o.s.d.r.c.RepositoryConfigurationExtensionSupport - Spring Data Redis - Could not safely identify store assignment for repository candidate interface com.namnguyen.ecommerce_platform.user.repository.UserRepository; If you want this repository to be a Redis repository, consider annotating your entities with one of these annotations: org.springframework.data.redis.core.RedisHash (preferred), or consider extending one of the following types with your repository: org.springframework.data.keyvalue.repository.KeyValueRepository
2026-10-01 17:11:09.209 INFO  [correlationId=] o.s.d.r.c.RepositoryConfigurationDelegate - Finished Spring Data repository scanning in 38 ms. Found 0 Redis repository interfaces.
2026-10-01 17:11:09.308 INFO  [correlationId=] tc.postgres:16-alpine - Creating container for image: postgres:16-alpine
2026-10-01 17:11:09.374 INFO  [correlationId=] tc.postgres:16-alpine - Container postgres:16-alpine is starting: d27709fae9814e0b00f1d93970063d33ec904fc3e5067598a11774792ba853d5
2026-10-01 17:11:11.137 INFO  [correlationId=] tc.postgres:16-alpine - Container postgres:16-alpine started in PT1.8292742S
2026-10-01 17:11:11.137 INFO  [correlationId=] tc.postgres:16-alpine - Container is started (JDBC URL: jdbc:postgresql://localhost:57246/test?loggerLevel=OFF)
2026-10-01 17:11:11.246 INFO  [correlationId=] org.hibernate.orm.jpa - HHH008540: Processing PersistenceUnitInfo [name: default]
2026-10-01 17:11:11.271 INFO  [correlationId=] o.s.o.j.p.SpringPersistenceUnitInfo - No LoadTimeWeaver setup: ignoring JPA class transformer
2026-10-01 17:11:11.272 INFO  [correlationId=] com.zaxxer.hikari.HikariDataSource - HikariPool-2 - Starting...
2026-10-01 17:11:11.301 INFO  [correlationId=] com.zaxxer.hikari.pool.HikariPool - HikariPool-2 - Added connection org.postgresql.jdbc.PgConnection@15d3e2d4
2026-10-01 17:11:11.301 INFO  [correlationId=] com.zaxxer.hikari.HikariDataSource - HikariPool-2 - Start completed.
2026-10-01 17:11:11.312 INFO  [correlationId=] o.hibernate.orm.connections.pooling - HHH10001005: Database info:
	Database JDBC URL [jdbc:postgresql://localhost:57246/test?loggerLevel=OFF]
	Database driver: PostgreSQL JDBC Driver
	Database dialect: PostgreSQLDialect
	Database version: 16.15
	Default catalog/schema: test/public
	Autocommit mode: undefined/unknown
	Isolation level: READ_COMMITTED [default READ_COMMITTED]
	JDBC fetch size: none
	Pool: DataSourceConnectionProvider
	Minimum pool size: undefined/unknown
	Maximum pool size: undefined/unknown
2026-10-01 17:11:11.436 INFO  [correlationId=] org.hibernate.orm.core - HHH000489: No JTA platform available (set 'hibernate.transaction.jta.platform' to enable JTA platform integration)
2026-10-01 17:11:11.553 INFO  [correlationId=] o.s.o.j.LocalContainerEntityManagerFactoryBean - Initialized JPA EntityManagerFactory for persistence unit 'default'
2026-10-01 17:11:11.613 INFO  [correlationId=] o.s.s.c.a.a.c.InitializeAuthenticationProviderBeanManagerConfigurer$InitializeAuthenticationProviderManagerConfigurer - Global AuthenticationManager configured with AuthenticationProvider bean with name authenticationProvider
2026-10-01 17:11:11.614 WARN  [correlationId=] o.s.s.c.a.a.c.InitializeUserDetailsBeanManagerConfigurer$InitializeUserDetailsManagerConfigurer - Global AuthenticationManager configured with an AuthenticationProvider bean. UserDetailsService beans will not be used by Spring Security for automatically configuring username/password login. Consider removing the AuthenticationProvider bean. Alternatively, consider using the UserDetailsService in a manually instantiated DaoAuthenticationProvider. If the current configuration is intentional, to turn off this warning, increase the logging level of 'org.springframework.security.config.annotation.authentication.configuration.InitializeUserDetailsBeanManagerConfigurer' to ERROR
2026-10-01 17:11:12.068 DEBUG [correlationId=] c.n.e.c.logging.CorrelationIdFilter - Filter 'correlationIdFilter' configured for use
2026-10-01 17:11:12.068 DEBUG [correlationId=] c.n.e.c.l.HttpRequestLoggingFilter - Filter 'httpRequestLoggingFilter' configured for use
2026-10-01 17:11:12.068 DEBUG [correlationId=] c.n.e.c.rate_limit.RateLimitFilter - Filter 'rateLimitFilter' configured for use
2026-10-01 17:11:12.068 DEBUG [correlationId=] c.n.e.s.jwt.JwtAuthenticationFilter - Filter 'jwtAuthenticationFilter' configured for use
2026-10-01 17:11:12.068 INFO  [correlationId=] o.s.b.t.m.w.SpringBootMockServletContext - Initializing Spring TestDispatcherServlet ''
2026-10-01 17:11:12.069 INFO  [correlationId=] o.s.t.w.s.TestDispatcherServlet - Initializing Servlet ''
2026-10-01 17:11:12.075 INFO  [correlationId=] o.s.b.a.e.web.EndpointLinksResolver - Exposing 3 endpoints beneath base path '/actuator'
2026-10-01 17:11:12.083 INFO  [correlationId=] o.s.t.w.s.TestDispatcherServlet - Completed initialization in 14 ms
2026-10-01 17:11:12.145 INFO  [correlationId=] c.n.e.i.s.AuthSecurityIntegrationTest - Started AuthSecurityIntegrationTest in 3.408 seconds (process running for 37.146)
2026-10-01 17:11:12.242 INFO  [correlationId=54757486-543e-4adb-9ecc-5c07395b78a9] c.n.e.c.l.HttpRequestLoggingFilter - Request started method=POST path=/api/auth/login
2026-10-01 17:11:12.383 INFO  [correlationId=54757486-543e-4adb-9ecc-5c07395b78a9] c.n.e.auth.service.AuthServiceImpl - User logged in userId=1
2026-10-01 17:11:12.386 INFO  [correlationId=54757486-543e-4adb-9ecc-5c07395b78a9] c.n.e.c.l.HttpRequestLoggingFilter - Request completed method=POST path=/api/auth/login status=200 durationMs=142
2026-10-01 17:11:12.468 INFO  [correlationId=bd879ea3-7ef4-452a-84d6-02f955210c4b] c.n.e.c.l.HttpRequestLoggingFilter - Request started method=POST path=/api/auth/login
2026-10-01 17:11:12.559 INFO  [correlationId=bd879ea3-7ef4-452a-84d6-02f955210c4b] c.n.e.auth.service.AuthServiceImpl - User logged in userId=1
2026-10-01 17:11:12.560 INFO  [correlationId=bd879ea3-7ef4-452a-84d6-02f955210c4b] c.n.e.c.l.HttpRequestLoggingFilter - Request completed method=POST path=/api/auth/login status=200 durationMs=92
2026-10-01 17:11:12.583 INFO  [correlationId=0994f349-1bd9-446d-8dd0-77505f9f03c0] c.n.e.c.l.HttpRequestLoggingFilter - Request started method=POST path=/api/auth/register
2026-10-01 17:11:12.601 INFO  [correlationId=0994f349-1bd9-446d-8dd0-77505f9f03c0] c.n.e.user.service.UserServiceImpl - Creating user role=CUSTOMER
2026-10-01 17:11:12.655 INFO  [correlationId=0994f349-1bd9-446d-8dd0-77505f9f03c0] c.n.e.user.service.UserServiceImpl - User created userId=1 role=CUSTOMER
2026-10-01 17:11:12.658 INFO  [correlationId=0994f349-1bd9-446d-8dd0-77505f9f03c0] c.n.e.auth.service.AuthServiceImpl - User registered userId=1
2026-10-01 17:11:12.660 INFO  [correlationId=0994f349-1bd9-446d-8dd0-77505f9f03c0] c.n.e.c.l.HttpRequestLoggingFilter - Request completed method=POST path=/api/auth/register status=201 durationMs=76
2026-10-01 17:11:12.665 INFO  [correlationId=] o.s.t.c.s.AnnotationConfigContextLoaderUtils - Could not detect default configuration classes for test class [com.namnguyen.ecommerce_platform.integration.security.CartSecurityIntegrationTest]: CartSecurityIntegrationTest does not declare any static, non-private, non-final, nested classes annotated with @Configuration.
2026-10-01 17:11:12.672 INFO  [correlationId=] o.s.b.t.c.SpringBootTestContextBootstrapper - Found @SpringBootConfiguration com.namnguyen.ecommerce_platform.EcommercePlatformApplication for test class com.namnguyen.ecommerce_platform.integration.security.CartSecurityIntegrationTest
2026-10-01 17:11:12.674 INFO  [correlationId=] o.s.t.c.s.AnnotationConfigContextLoaderUtils - Could not detect default configuration classes for test class [com.namnguyen.ecommerce_platform.integration.security.CartSecurityIntegrationTest]: CartSecurityIntegrationTest does not declare any static, non-private, non-final, nested classes annotated with @Configuration.
2026-10-01 17:11:12.674 INFO  [correlationId=] o.s.t.c.s.AnnotationConfigContextLoaderUtils - Could not detect default configuration classes for test class [com.namnguyen.ecommerce_platform.integration.BaseSecurityIntegrationTest]: BaseSecurityIntegrationTest does not declare any static, non-private, non-final, nested classes annotated with @Configuration.
2026-10-01 17:11:12.683 INFO  [correlationId=] o.s.b.t.c.SpringBootTestContextBootstrapper - Found @SpringBootConfiguration com.namnguyen.ecommerce_platform.EcommercePlatformApplication for test class com.namnguyen.ecommerce_platform.integration.security.CartSecurityIntegrationTest
2026-10-01 17:11:12.683 WARN  [correlationId=] o.s.b.t.c.SpringBootTestContextBootstrapper - For test class [com.namnguyen.ecommerce_platform.integration.security.CartSecurityIntegrationTest], the following 'default' context configuration classes were detected but are currently ignored: com.namnguyen.ecommerce_platform.integration.AbstractIntegrationTestSupport$IntegrationTestConfig. In Spring Framework 7.1, these classes will no longer be ignored. Please update your test configuration accordingly. For details, see: https://docs.spring.io/spring-framework/reference/testing/testcontext-framework/ctx-management/default-config.html
2026-10-01 17:11:12.711 INFO  [correlationId=5ccb5ba5-c70a-47df-96cd-a5d462854a3c] c.n.e.c.l.HttpRequestLoggingFilter - Request started method=DELETE path=/api/cart
2026-10-01 17:11:12.718 INFO  [correlationId=5ccb5ba5-c70a-47df-96cd-a5d462854a3c] c.n.e.c.l.HttpRequestLoggingFilter - Request completed method=DELETE path=/api/cart status=401 durationMs=7
2026-10-01 17:11:12.746 INFO  [correlationId=8e5a239d-ab70-4442-832e-5e4eb20659c4] c.n.e.c.l.HttpRequestLoggingFilter - Request started method=DELETE path=/api/cart/items/1
2026-10-01 17:11:12.748 INFO  [correlationId=8e5a239d-ab70-4442-832e-5e4eb20659c4] c.n.e.c.l.HttpRequestLoggingFilter - Request completed method=DELETE path=/api/cart/items/1 status=401 durationMs=2
2026-10-01 17:11:12.847 INFO  [correlationId=1eeb153c-5c56-4b87-bb34-cfdb09c8428d] c.n.e.c.l.HttpRequestLoggingFilter - Request started method=POST path=/api/auth/login
2026-10-01 17:11:12.904 INFO  [correlationId=1eeb153c-5c56-4b87-bb34-cfdb09c8428d] c.n.e.auth.service.AuthServiceImpl - User logged in userId=1
2026-10-01 17:11:12.904 INFO  [correlationId=1eeb153c-5c56-4b87-bb34-cfdb09c8428d] c.n.e.c.l.HttpRequestLoggingFilter - Request completed method=POST path=/api/auth/login status=200 durationMs=57
2026-10-01 17:11:12.906 INFO  [correlationId=773ed5de-f883-4f48-bff4-8511642e63a8] c.n.e.c.l.HttpRequestLoggingFilter - Request started method=DELETE path=/api/cart/items/1
2026-10-01 17:11:12.945 DEBUG [correlationId=773ed5de-f883-4f48-bff4-8511642e63a8] c.n.e.cart.service.CartLookupService - Fetched cart cartId=1 userId=1
2026-10-01 17:11:12.945 INFO  [correlationId=773ed5de-f883-4f48-bff4-8511642e63a8] c.n.e.cart.service.CartServiceImpl - Removing cart item cartId=1 productId=1 userId=1
2026-10-01 17:11:12.949 DEBUG [correlationId=773ed5de-f883-4f48-bff4-8511642e63a8] c.n.e.cart.service.CartServiceImpl - Fetched cart item cartItemId=1 cartId=1 userId=1
2026-10-01 17:11:12.951 INFO  [correlationId=773ed5de-f883-4f48-bff4-8511642e63a8] c.n.e.cart.service.CartServiceImpl - Cart item removed cartId=1 productId=1 userId=1
2026-10-01 17:11:12.957 INFO  [correlationId=773ed5de-f883-4f48-bff4-8511642e63a8] c.n.e.c.l.HttpRequestLoggingFilter - Request completed method=DELETE path=/api/cart/items/1 status=200 durationMs=52
2026-10-01 17:11:12.982 INFO  [correlationId=0e8faa2e-6b95-4902-952b-b25ebf811be8] c.n.e.c.l.HttpRequestLoggingFilter - Request started method=PATCH path=/api/cart/items/1
2026-10-01 17:11:12.986 INFO  [correlationId=0e8faa2e-6b95-4902-952b-b25ebf811be8] c.n.e.c.l.HttpRequestLoggingFilter - Request completed method=PATCH path=/api/cart/items/1 status=401 durationMs=1
2026-10-01 17:11:13.080 INFO  [correlationId=e7651b5d-52e1-44c5-85ed-f7a20b8d4017] c.n.e.c.l.HttpRequestLoggingFilter - Request started method=POST path=/api/auth/login
2026-10-01 17:11:13.141 INFO  [correlationId=e7651b5d-52e1-44c5-85ed-f7a20b8d4017] c.n.e.auth.service.AuthServiceImpl - User logged in userId=1
2026-10-01 17:11:13.141 INFO  [correlationId=e7651b5d-52e1-44c5-85ed-f7a20b8d4017] c.n.e.c.l.HttpRequestLoggingFilter - Request completed method=POST path=/api/auth/login status=200 durationMs=61
2026-10-01 17:11:13.142 INFO  [correlationId=17315621-2171-44bc-a9ec-74bf641a1c8a] c.n.e.c.l.HttpRequestLoggingFilter - Request started method=PATCH path=/api/cart/items/1
2026-10-01 17:11:13.155 DEBUG [correlationId=17315621-2171-44bc-a9ec-74bf641a1c8a] c.n.e.cart.service.CartLookupService - Fetched cart cartId=1 userId=1
2026-10-01 17:11:13.155 INFO  [correlationId=17315621-2171-44bc-a9ec-74bf641a1c8a] c.n.e.cart.service.CartServiceImpl - Updating cart item quantity cartId=1 productId=1 quantity=10 userId=1
2026-10-01 17:11:13.158 DEBUG [correlationId=17315621-2171-44bc-a9ec-74bf641a1c8a] c.n.e.cart.service.CartServiceImpl - Fetched cart item cartItemId=1 cartId=1 userId=1
2026-10-01 17:11:13.160 DEBUG [correlationId=17315621-2171-44bc-a9ec-74bf641a1c8a] c.n.e.p.service.ProductLookupService - Fetched product productId=1
2026-10-01 17:11:13.160 INFO  [correlationId=17315621-2171-44bc-a9ec-74bf641a1c8a] c.n.e.cart.service.CartServiceImpl - Cart item quantity updated cartId=1 productId=1 quantity=10 userId=1
2026-10-01 17:11:13.165 INFO  [correlationId=17315621-2171-44bc-a9ec-74bf641a1c8a] c.n.e.c.l.HttpRequestLoggingFilter - Request completed method=PATCH path=/api/cart/items/1 status=200 durationMs=23
2026-10-01 17:11:13.191 INFO  [correlationId=b3b92d1b-d162-49bf-a7b5-5c7c3c09f180] c.n.e.c.l.HttpRequestLoggingFilter - Request started method=GET path=/api/cart
2026-10-01 17:11:13.193 INFO  [correlationId=b3b92d1b-d162-49bf-a7b5-5c7c3c09f180] c.n.e.c.l.HttpRequestLoggingFilter - Request completed method=GET path=/api/cart status=401 durationMs=1
2026-10-01 17:11:13.218 INFO  [correlationId=ee1ecdcd-4341-4630-8812-e58f6c57b988] c.n.e.c.l.HttpRequestLoggingFilter - Request started method=GET path=/api/cart
2026-10-01 17:11:13.221 INFO  [correlationId=ee1ecdcd-4341-4630-8812-e58f6c57b988] c.n.e.c.l.HttpRequestLoggingFilter - Request completed method=GET path=/api/cart status=401 durationMs=2
2026-10-01 17:11:13.313 INFO  [correlationId=447a942b-7491-4fa0-b290-d9374049126e] c.n.e.c.l.HttpRequestLoggingFilter - Request started method=POST path=/api/auth/login
2026-10-01 17:11:13.370 INFO  [correlationId=447a942b-7491-4fa0-b290-d9374049126e] c.n.e.auth.service.AuthServiceImpl - User logged in userId=1
2026-10-01 17:11:13.370 INFO  [correlationId=447a942b-7491-4fa0-b290-d9374049126e] c.n.e.c.l.HttpRequestLoggingFilter - Request completed method=POST path=/api/auth/login status=200 durationMs=57
2026-10-01 17:11:13.371 INFO  [correlationId=d77ae084-b519-4733-af6e-33500b9f0ed3] c.n.e.c.l.HttpRequestLoggingFilter - Request started method=DELETE path=/api/cart
2026-10-01 17:11:13.379 DEBUG [correlationId=d77ae084-b519-4733-af6e-33500b9f0ed3] c.n.e.cart.service.CartLookupService - Fetched cart cartId=1 userId=1
2026-10-01 17:11:13.380 INFO  [correlationId=d77ae084-b519-4733-af6e-33500b9f0ed3] c.n.e.cart.service.CartServiceImpl - Clearing cart cartId=1 userId=1
2026-10-01 17:11:13.381 INFO  [correlationId=d77ae084-b519-4733-af6e-33500b9f0ed3] c.n.e.cart.service.CartServiceImpl - Cart cleared cartId=1 userId=1
2026-10-01 17:11:13.384 INFO  [correlationId=d77ae084-b519-4733-af6e-33500b9f0ed3] c.n.e.c.l.HttpRequestLoggingFilter - Request completed method=DELETE path=/api/cart status=200 durationMs=12
2026-10-01 17:11:13.409 INFO  [correlationId=843077a6-b662-4ec9-a0ee-aab31b6e8d6c] c.n.e.c.l.HttpRequestLoggingFilter - Request started method=POST path=/api/cart/items
2026-10-01 17:11:13.411 INFO  [correlationId=843077a6-b662-4ec9-a0ee-aab31b6e8d6c] c.n.e.c.l.HttpRequestLoggingFilter - Request completed method=POST path=/api/cart/items status=401 durationMs=1
2026-10-01 17:11:13.496 INFO  [correlationId=5e21a9d5-442f-4e3d-bebd-6571ea218413] c.n.e.c.l.HttpRequestLoggingFilter - Request started method=POST path=/api/auth/login
2026-10-01 17:11:13.556 INFO  [correlationId=5e21a9d5-442f-4e3d-bebd-6571ea218413] c.n.e.auth.service.AuthServiceImpl - User logged in userId=1
2026-10-01 17:11:13.557 INFO  [correlationId=5e21a9d5-442f-4e3d-bebd-6571ea218413] c.n.e.c.l.HttpRequestLoggingFilter - Request completed method=POST path=/api/auth/login status=200 durationMs=60
2026-10-01 17:11:13.558 INFO  [correlationId=7336092e-8af6-436d-ad74-d32e77bb09ab] c.n.e.c.l.HttpRequestLoggingFilter - Request started method=GET path=/api/cart
2026-10-01 17:11:13.566 DEBUG [correlationId=7336092e-8af6-436d-ad74-d32e77bb09ab] c.n.e.user.service.UserLookupService - Fetched user userId=1
2026-10-01 17:11:13.571 INFO  [correlationId=7336092e-8af6-436d-ad74-d32e77bb09ab] c.n.e.cart.service.CartServiceImpl - User cart created cartId=1 userId=1
2026-10-01 17:11:13.571 DEBUG [correlationId=7336092e-8af6-436d-ad74-d32e77bb09ab] c.n.e.cart.service.CartServiceImpl - Fetched user cart cartId=1 userId=1
2026-10-01 17:11:13.573 INFO  [correlationId=7336092e-8af6-436d-ad74-d32e77bb09ab] c.n.e.c.l.HttpRequestLoggingFilter - Request completed method=GET path=/api/cart status=200 durationMs=14
2026-10-01 17:11:13.659 INFO  [correlationId=75eec081-a7ab-4dfb-ab18-da492368f0d3] c.n.e.c.l.HttpRequestLoggingFilter - Request started method=POST path=/api/auth/login
2026-10-01 17:11:13.718 INFO  [correlationId=75eec081-a7ab-4dfb-ab18-da492368f0d3] c.n.e.auth.service.AuthServiceImpl - User logged in userId=1
2026-10-01 17:11:13.720 INFO  [correlationId=75eec081-a7ab-4dfb-ab18-da492368f0d3] c.n.e.c.l.HttpRequestLoggingFilter - Request completed method=POST path=/api/auth/login status=200 durationMs=61
2026-10-01 17:11:13.720 INFO  [correlationId=43d6ccd6-23cd-4672-839a-91de17a885ac] c.n.e.c.l.HttpRequestLoggingFilter - Request started method=POST path=/api/cart/items
2026-10-01 17:11:13.732 DEBUG [correlationId=43d6ccd6-23cd-4672-839a-91de17a885ac] c.n.e.user.service.UserLookupService - Fetched user userId=1
2026-10-01 17:11:13.735 INFO  [correlationId=43d6ccd6-23cd-4672-839a-91de17a885ac] c.n.e.cart.service.CartServiceImpl - User cart created cartId=1 userId=1
2026-10-01 17:11:13.735 DEBUG [correlationId=43d6ccd6-23cd-4672-839a-91de17a885ac] c.n.e.cart.service.CartServiceImpl - Fetched user cart cartId=1 userId=1
2026-10-01 17:11:13.737 DEBUG [correlationId=43d6ccd6-23cd-4672-839a-91de17a885ac] c.n.e.p.service.ProductLookupService - Fetched product productId=1
2026-10-01 17:11:13.737 INFO  [correlationId=43d6ccd6-23cd-4672-839a-91de17a885ac] c.n.e.cart.service.CartServiceImpl - Adding cart item cartId=1 productId=1 quantity=10 userId=1
2026-10-01 17:11:13.741 INFO  [correlationId=43d6ccd6-23cd-4672-839a-91de17a885ac] c.n.e.cart.service.CartServiceImpl - Cart item added cartItemId=1 cartId=1 productId=1 quantity=10 userId=1
2026-10-01 17:11:13.744 INFO  [correlationId=43d6ccd6-23cd-4672-839a-91de17a885ac] c.n.e.c.l.HttpRequestLoggingFilter - Request completed method=POST path=/api/cart/items status=201 durationMs=22
2026-10-01 17:11:13.748 INFO  [correlationId=] o.s.t.c.s.AnnotationConfigContextLoaderUtils - Could not detect default configuration classes for test class [com.namnguyen.ecommerce_platform.integration.security.JwtSecurityIntegrationTest]: JwtSecurityIntegrationTest does not declare any static, non-private, non-final, nested classes annotated with @Configuration.
2026-10-01 17:11:13.755 INFO  [correlationId=] o.s.b.t.c.SpringBootTestContextBootstrapper - Found @SpringBootConfiguration com.namnguyen.ecommerce_platform.EcommercePlatformApplication for test class com.namnguyen.ecommerce_platform.integration.security.JwtSecurityIntegrationTest
2026-10-01 17:11:13.755 INFO  [correlationId=] o.s.t.c.s.AnnotationConfigContextLoaderUtils - Could not detect default configuration classes for test class [com.namnguyen.ecommerce_platform.integration.security.JwtSecurityIntegrationTest]: JwtSecurityIntegrationTest does not declare any static, non-private, non-final, nested classes annotated with @Configuration.
2026-10-01 17:11:13.757 INFO  [correlationId=] o.s.t.c.s.AnnotationConfigContextLoaderUtils - Could not detect default configuration classes for test class [com.namnguyen.ecommerce_platform.integration.BaseSecurityIntegrationTest]: BaseSecurityIntegrationTest does not declare any static, non-private, non-final, nested classes annotated with @Configuration.
2026-10-01 17:11:13.766 INFO  [correlationId=] o.s.b.t.c.SpringBootTestContextBootstrapper - Found @SpringBootConfiguration com.namnguyen.ecommerce_platform.EcommercePlatformApplication for test class com.namnguyen.ecommerce_platform.integration.security.JwtSecurityIntegrationTest
2026-10-01 17:11:13.767 WARN  [correlationId=] o.s.b.t.c.SpringBootTestContextBootstrapper - For test class [com.namnguyen.ecommerce_platform.integration.security.JwtSecurityIntegrationTest], the following 'default' context configuration classes were detected but are currently ignored: com.namnguyen.ecommerce_platform.integration.AbstractIntegrationTestSupport$IntegrationTestConfig. In Spring Framework 7.1, these classes will no longer be ignored. Please update your test configuration accordingly. For details, see: https://docs.spring.io/spring-framework/reference/testing/testcontext-framework/ctx-management/default-config.html
2026-10-01 17:11:13.794 INFO  [correlationId=149ca1ee-e859-4205-ae59-930d5bf5c461] c.n.e.c.l.HttpRequestLoggingFilter - Request started method=POST path=/api/products
2026-10-01 17:11:13.797 INFO  [correlationId=149ca1ee-e859-4205-ae59-930d5bf5c461] c.n.e.c.l.HttpRequestLoggingFilter - Request completed method=POST path=/api/products status=401 durationMs=3
2026-10-01 17:11:13.884 INFO  [correlationId=e0bc5f89-90ab-4677-970b-54d97e2fc7e2] c.n.e.c.l.HttpRequestLoggingFilter - Request started method=POST path=/api/auth/login
2026-10-01 17:11:13.941 INFO  [correlationId=e0bc5f89-90ab-4677-970b-54d97e2fc7e2] c.n.e.auth.service.AuthServiceImpl - User logged in userId=1
2026-10-01 17:11:13.942 INFO  [correlationId=e0bc5f89-90ab-4677-970b-54d97e2fc7e2] c.n.e.c.l.HttpRequestLoggingFilter - Request completed method=POST path=/api/auth/login status=200 durationMs=58
2026-10-01 17:11:13.942 INFO  [correlationId=481e0985-77a7-4b76-9b41-02f04ef9bf5d] c.n.e.c.l.HttpRequestLoggingFilter - Request started method=POST path=/api/products
2026-10-01 17:11:13.945 INFO  [correlationId=481e0985-77a7-4b76-9b41-02f04ef9bf5d] c.n.e.c.l.HttpRequestLoggingFilter - Request completed method=POST path=/api/products status=401 durationMs=1
2026-10-01 17:11:14.024 INFO  [correlationId=ebd43a6b-be3e-4fce-9989-94ed1b42da43] c.n.e.c.l.HttpRequestLoggingFilter - Request started method=POST path=/api/auth/login
2026-10-01 17:11:14.080 INFO  [correlationId=ebd43a6b-be3e-4fce-9989-94ed1b42da43] c.n.e.auth.service.AuthServiceImpl - User logged in userId=1
2026-10-01 17:11:14.081 INFO  [correlationId=ebd43a6b-be3e-4fce-9989-94ed1b42da43] c.n.e.c.l.HttpRequestLoggingFilter - Request completed method=POST path=/api/auth/login status=200 durationMs=57
2026-10-01 17:11:14.082 INFO  [correlationId=d111d3bf-042f-44af-894a-963242139a1d] c.n.e.c.l.HttpRequestLoggingFilter - Request started method=POST path=/api/products
2026-10-01 17:11:14.094 INFO  [correlationId=d111d3bf-042f-44af-894a-963242139a1d] c.n.e.p.service.ProductServiceImpl - Creating product name=Test Product
2026-10-01 17:11:14.098 INFO  [correlationId=d111d3bf-042f-44af-894a-963242139a1d] c.n.e.p.service.ProductServiceImpl - Product created productId=1 name=Test Product
2026-10-01 17:11:14.101 INFO  [correlationId=d111d3bf-042f-44af-894a-963242139a1d] c.n.e.c.l.HttpRequestLoggingFilter - Request completed method=POST path=/api/products status=201 durationMs=18
2026-10-01 17:11:14.179 INFO  [correlationId=6d5b8f4e-35ea-4875-9f64-da5a342bcc22] c.n.e.c.l.HttpRequestLoggingFilter - Request started method=POST path=/api/auth/login
2026-10-01 17:11:14.238 INFO  [correlationId=6d5b8f4e-35ea-4875-9f64-da5a342bcc22] c.n.e.auth.service.AuthServiceImpl - User logged in userId=1
2026-10-01 17:11:14.239 INFO  [correlationId=6d5b8f4e-35ea-4875-9f64-da5a342bcc22] c.n.e.c.l.HttpRequestLoggingFilter - Request completed method=POST path=/api/auth/login status=200 durationMs=59
2026-10-01 17:11:14.240 INFO  [correlationId=4c1c7f76-23c1-47a9-a25b-defa081192df] c.n.e.c.l.HttpRequestLoggingFilter - Request started method=POST path=/api/products
2026-10-01 17:11:14.248 INFO  [correlationId=4c1c7f76-23c1-47a9-a25b-defa081192df] c.n.e.c.l.HttpRequestLoggingFilter - Request completed method=POST path=/api/products status=403 durationMs=8
2026-10-01 17:11:14.254 INFO  [correlationId=] o.s.t.c.s.AnnotationConfigContextLoaderUtils - Could not detect default configuration classes for test class [com.namnguyen.ecommerce_platform.integration.security.OrderSecurityIntegrationTest]: OrderSecurityIntegrationTest does not declare any static, non-private, non-final, nested classes annotated with @Configuration.
2026-10-01 17:11:14.262 INFO  [correlationId=] o.s.b.t.c.SpringBootTestContextBootstrapper - Found @SpringBootConfiguration com.namnguyen.ecommerce_platform.EcommercePlatformApplication for test class com.namnguyen.ecommerce_platform.integration.security.OrderSecurityIntegrationTest
2026-10-01 17:11:14.264 INFO  [correlationId=] o.s.t.c.s.AnnotationConfigContextLoaderUtils - Could not detect default configuration classes for test class [com.namnguyen.ecommerce_platform.integration.security.OrderSecurityIntegrationTest]: OrderSecurityIntegrationTest does not declare any static, non-private, non-final, nested classes annotated with @Configuration.
2026-10-01 17:11:14.264 INFO  [correlationId=] o.s.t.c.s.AnnotationConfigContextLoaderUtils - Could not detect default configuration classes for test class [com.namnguyen.ecommerce_platform.integration.BaseSecurityIntegrationTest]: BaseSecurityIntegrationTest does not declare any static, non-private, non-final, nested classes annotated with @Configuration.
2026-10-01 17:11:14.274 INFO  [correlationId=] o.s.b.t.c.SpringBootTestContextBootstrapper - Found @SpringBootConfiguration com.namnguyen.ecommerce_platform.EcommercePlatformApplication for test class com.namnguyen.ecommerce_platform.integration.security.OrderSecurityIntegrationTest
2026-10-01 17:11:14.274 WARN  [correlationId=] o.s.b.t.c.SpringBootTestContextBootstrapper - For test class [com.namnguyen.ecommerce_platform.integration.security.OrderSecurityIntegrationTest], the following 'default' context configuration classes were detected but are currently ignored: com.namnguyen.ecommerce_platform.integration.AbstractIntegrationTestSupport$IntegrationTestConfig. In Spring Framework 7.1, these classes will no longer be ignored. Please update your test configuration accordingly. For details, see: https://docs.spring.io/spring-framework/reference/testing/testcontext-framework/ctx-management/default-config.html
2026-10-01 17:11:14.369 INFO  [correlationId=039f016e-2be0-4147-9baf-7400a6ca511b] c.n.e.c.l.HttpRequestLoggingFilter - Request started method=POST path=/api/auth/login
2026-10-01 17:11:14.426 INFO  [correlationId=039f016e-2be0-4147-9baf-7400a6ca511b] c.n.e.auth.service.AuthServiceImpl - User logged in userId=1
2026-10-01 17:11:14.427 INFO  [correlationId=039f016e-2be0-4147-9baf-7400a6ca511b] c.n.e.c.l.HttpRequestLoggingFilter - Request completed method=POST path=/api/auth/login status=200 durationMs=58
2026-10-01 17:11:14.428 INFO  [correlationId=0356ea5e-b655-42ea-b704-715bbec1e244] c.n.e.c.l.HttpRequestLoggingFilter - Request started method=PATCH path=/api/orders/1/cancel
2026-10-01 17:11:14.448 DEBUG [correlationId=0356ea5e-b655-42ea-b704-715bbec1e244] c.n.e.o.service.OrderLookupService - Fetched order orderId=1 userId=1
2026-10-01 17:11:14.448 INFO  [correlationId=0356ea5e-b655-42ea-b704-715bbec1e244] c.n.e.order.service.OrderServiceImpl - Cancelling order orderId=1 userId=1
2026-10-01 17:11:14.451 INFO  [correlationId=0356ea5e-b655-42ea-b704-715bbec1e244] c.n.e.order.service.OrderServiceImpl - Order cancelled orderId=1
2026-10-01 17:11:14.456 INFO  [correlationId=0356ea5e-b655-42ea-b704-715bbec1e244] c.n.e.c.l.HttpRequestLoggingFilter - Request completed method=PATCH path=/api/orders/1/cancel status=204 durationMs=26
2026-10-01 17:11:14.482 INFO  [correlationId=96dbeaa2-e4ea-41f5-9efb-306b6e201611] c.n.e.c.l.HttpRequestLoggingFilter - Request started method=GET path=/api/orders/1
2026-10-01 17:11:14.483 INFO  [correlationId=96dbeaa2-e4ea-41f5-9efb-306b6e201611] c.n.e.c.l.HttpRequestLoggingFilter - Request completed method=GET path=/api/orders/1 status=401 durationMs=1
2026-10-01 17:11:14.507 INFO  [correlationId=3b7c95d2-627a-4cf2-9341-536691e2be1f] c.n.e.c.l.HttpRequestLoggingFilter - Request started method=POST path=/api/orders/checkout
2026-10-01 17:11:14.509 INFO  [correlationId=3b7c95d2-627a-4cf2-9341-536691e2be1f] c.n.e.c.l.HttpRequestLoggingFilter - Request completed method=POST path=/api/orders/checkout status=401 durationMs=1
2026-10-01 17:11:14.603 INFO  [correlationId=1b7070a5-c372-42c1-bc70-529fdd6a75b9] c.n.e.c.l.HttpRequestLoggingFilter - Request started method=POST path=/api/auth/login
2026-10-01 17:11:14.661 INFO  [correlationId=1b7070a5-c372-42c1-bc70-529fdd6a75b9] c.n.e.auth.service.AuthServiceImpl - User logged in userId=1
2026-10-01 17:11:14.662 INFO  [correlationId=1b7070a5-c372-42c1-bc70-529fdd6a75b9] c.n.e.c.l.HttpRequestLoggingFilter - Request completed method=POST path=/api/auth/login status=200 durationMs=59
2026-10-01 17:11:14.662 INFO  [correlationId=7caffa26-842e-452b-a336-fd64953b27cf] c.n.e.c.l.HttpRequestLoggingFilter - Request started method=POST path=/api/orders/checkout
2026-10-01 17:11:14.672 DEBUG [correlationId=7caffa26-842e-452b-a336-fd64953b27cf] c.n.e.cart.service.CartLookupService - Fetched cart cartId=1 userId=1
2026-10-01 17:11:14.673 INFO  [correlationId=7caffa26-842e-452b-a336-fd64953b27cf] c.n.e.order.service.OrderServiceImpl - Checking out user cart userId=1
2026-10-01 17:11:14.674 DEBUG [correlationId=7caffa26-842e-452b-a336-fd64953b27cf] c.n.e.order.service.OrderServiceImpl - Creating order item productId=1 quantity=2
2026-10-01 17:11:14.681 INFO  [correlationId=7caffa26-842e-452b-a336-fd64953b27cf] c.n.e.order.service.OrderServiceImpl - Cart checked out userId=1 orderId=1
2026-10-01 17:11:14.690 INFO  [correlationId=7caffa26-842e-452b-a336-fd64953b27cf] c.n.e.c.l.HttpRequestLoggingFilter - Request completed method=POST path=/api/orders/checkout status=201 durationMs=26
2026-10-01 17:11:14.787 INFO  [correlationId=1ac49a5c-79ae-499c-bd98-44c2b2ab713d] c.n.e.c.l.HttpRequestLoggingFilter - Request started method=POST path=/api/auth/login
2026-10-01 17:11:14.845 INFO  [correlationId=1ac49a5c-79ae-499c-bd98-44c2b2ab713d] c.n.e.auth.service.AuthServiceImpl - User logged in userId=1
2026-10-01 17:11:14.845 INFO  [correlationId=1ac49a5c-79ae-499c-bd98-44c2b2ab713d] c.n.e.c.l.HttpRequestLoggingFilter - Request completed method=POST path=/api/auth/login status=200 durationMs=58
2026-10-01 17:11:14.846 INFO  [correlationId=3db56fee-1f9f-406b-bef2-904dc3ee78a4] c.n.e.c.l.HttpRequestLoggingFilter - Request started method=GET path=/api/orders
2026-10-01 17:11:14.858 DEBUG [correlationId=3db56fee-1f9f-406b-bef2-904dc3ee78a4] c.n.e.order.service.OrderServiceImpl - Fetching orders userId=1 page=0 size=10 sort=id: DESC
2026-10-01 17:11:14.871 DEBUG [correlationId=3db56fee-1f9f-406b-bef2-904dc3ee78a4] c.n.e.order.service.OrderServiceImpl - Fetched orders page=0 returned=2 totalElements=2
2026-10-01 17:11:14.876 INFO  [correlationId=3db56fee-1f9f-406b-bef2-904dc3ee78a4] c.n.e.c.l.HttpRequestLoggingFilter - Request completed method=GET path=/api/orders status=200 durationMs=29
2026-10-01 17:11:14.908 INFO  [correlationId=ae1b9e94-d979-4dfb-9635-213980013c8f] c.n.e.c.l.HttpRequestLoggingFilter - Request started method=POST path=/api/orders
2026-10-01 17:11:14.910 INFO  [correlationId=ae1b9e94-d979-4dfb-9635-213980013c8f] c.n.e.c.l.HttpRequestLoggingFilter - Request completed method=POST path=/api/orders status=401 durationMs=1
2026-10-01 17:11:15.003 INFO  [correlationId=2648f08d-3e73-4549-abd4-1acb6cd45694] c.n.e.c.l.HttpRequestLoggingFilter - Request started method=POST path=/api/auth/login
2026-10-01 17:11:15.061 INFO  [correlationId=2648f08d-3e73-4549-abd4-1acb6cd45694] c.n.e.auth.service.AuthServiceImpl - User logged in userId=1
2026-10-01 17:11:15.061 INFO  [correlationId=2648f08d-3e73-4549-abd4-1acb6cd45694] c.n.e.c.l.HttpRequestLoggingFilter - Request completed method=POST path=/api/auth/login status=200 durationMs=58
2026-10-01 17:11:15.062 INFO  [correlationId=7c246705-ef8c-4281-8303-79d0691d8b8d] c.n.e.c.l.HttpRequestLoggingFilter - Request started method=GET path=/api/orders/1
2026-10-01 17:11:15.069 DEBUG [correlationId=7c246705-ef8c-4281-8303-79d0691d8b8d] c.n.e.order.service.OrderServiceImpl - Fetching order orderId=1 userId=1
2026-10-01 17:11:15.073 DEBUG [correlationId=7c246705-ef8c-4281-8303-79d0691d8b8d] c.n.e.o.service.OrderLookupService - Fetched order orderId=1 userId=1
2026-10-01 17:11:15.076 INFO  [correlationId=7c246705-ef8c-4281-8303-79d0691d8b8d] c.n.e.c.l.HttpRequestLoggingFilter - Request completed method=GET path=/api/orders/1 status=200 durationMs=13
2026-10-01 17:11:15.162 INFO  [correlationId=669f0852-0b60-4ea5-9794-f6edd575959f] c.n.e.c.l.HttpRequestLoggingFilter - Request started method=POST path=/api/auth/login
2026-10-01 17:11:15.219 INFO  [correlationId=669f0852-0b60-4ea5-9794-f6edd575959f] c.n.e.auth.service.AuthServiceImpl - User logged in userId=1
2026-10-01 17:11:15.220 INFO  [correlationId=669f0852-0b60-4ea5-9794-f6edd575959f] c.n.e.c.l.HttpRequestLoggingFilter - Request completed method=POST path=/api/auth/login status=200 durationMs=59
2026-10-01 17:11:15.221 INFO  [correlationId=714ae755-9d72-4b48-b061-6e3f497ab489] c.n.e.c.l.HttpRequestLoggingFilter - Request started method=POST path=/api/orders
2026-10-01 17:11:15.234 INFO  [correlationId=714ae755-9d72-4b48-b061-6e3f497ab489] c.n.e.order.service.OrderServiceImpl - Creating order userId=1 itemCount=1
2026-10-01 17:11:15.237 DEBUG [correlationId=714ae755-9d72-4b48-b061-6e3f497ab489] c.n.e.user.service.UserLookupService - Fetched user userId=1
2026-10-01 17:11:15.239 DEBUG [correlationId=714ae755-9d72-4b48-b061-6e3f497ab489] c.n.e.p.service.ProductLookupService - Fetched product productId=1
2026-10-01 17:11:15.239 DEBUG [correlationId=714ae755-9d72-4b48-b061-6e3f497ab489] c.n.e.order.service.OrderServiceImpl - Creating order item productId=1 quantity=10
2026-10-01 17:11:15.244 INFO  [correlationId=714ae755-9d72-4b48-b061-6e3f497ab489] c.n.e.order.service.OrderServiceImpl - Order created orderId=1 userId=1 itemCount=1
2026-10-01 17:11:15.248 INFO  [correlationId=714ae755-9d72-4b48-b061-6e3f497ab489] c.n.e.c.l.HttpRequestLoggingFilter - Request completed method=POST path=/api/orders status=201 durationMs=26
2026-10-01 17:11:15.271 INFO  [correlationId=e5b24c41-c3bf-4d8e-8889-49c93c36bff6] c.n.e.c.l.HttpRequestLoggingFilter - Request started method=GET path=/api/orders
2026-10-01 17:11:15.272 INFO  [correlationId=e5b24c41-c3bf-4d8e-8889-49c93c36bff6] c.n.e.c.l.HttpRequestLoggingFilter - Request completed method=GET path=/api/orders status=401 durationMs=0
2026-10-01 17:11:15.297 INFO  [correlationId=898ad48b-13b7-4d83-8cb2-a5e0403cd6e4] c.n.e.c.l.HttpRequestLoggingFilter - Request started method=PATCH path=/api/orders/1/cancel
2026-10-01 17:11:15.299 INFO  [correlationId=898ad48b-13b7-4d83-8cb2-a5e0403cd6e4] c.n.e.c.l.HttpRequestLoggingFilter - Request completed method=PATCH path=/api/orders/1/cancel status=401 durationMs=1
2026-10-01 17:11:15.305 INFO  [correlationId=] o.s.t.c.s.AnnotationConfigContextLoaderUtils - Could not detect default configuration classes for test class [com.namnguyen.ecommerce_platform.integration.security.PaymentSecurityIntegrationTest]: PaymentSecurityIntegrationTest does not declare any static, non-private, non-final, nested classes annotated with @Configuration.
2026-10-01 17:11:15.313 INFO  [correlationId=] o.s.b.t.c.SpringBootTestContextBootstrapper - Found @SpringBootConfiguration com.namnguyen.ecommerce_platform.EcommercePlatformApplication for test class com.namnguyen.ecommerce_platform.integration.security.PaymentSecurityIntegrationTest
2026-10-01 17:11:15.314 INFO  [correlationId=] o.s.t.c.s.AnnotationConfigContextLoaderUtils - Could not detect default configuration classes for test class [com.namnguyen.ecommerce_platform.integration.security.PaymentSecurityIntegrationTest]: PaymentSecurityIntegrationTest does not declare any static, non-private, non-final, nested classes annotated with @Configuration.
2026-10-01 17:11:15.314 INFO  [correlationId=] o.s.t.c.s.AnnotationConfigContextLoaderUtils - Could not detect default configuration classes for test class [com.namnguyen.ecommerce_platform.integration.BaseSecurityIntegrationTest]: BaseSecurityIntegrationTest does not declare any static, non-private, non-final, nested classes annotated with @Configuration.
2026-10-01 17:11:15.321 INFO  [correlationId=] o.s.b.t.c.SpringBootTestContextBootstrapper - Found @SpringBootConfiguration com.namnguyen.ecommerce_platform.EcommercePlatformApplication for test class com.namnguyen.ecommerce_platform.integration.security.PaymentSecurityIntegrationTest
2026-10-01 17:11:15.322 WARN  [correlationId=] o.s.b.t.c.SpringBootTestContextBootstrapper - For test class [com.namnguyen.ecommerce_platform.integration.security.PaymentSecurityIntegrationTest], the following 'default' context configuration classes were detected but are currently ignored: com.namnguyen.ecommerce_platform.integration.AbstractIntegrationTestSupport$IntegrationTestConfig. In Spring Framework 7.1, these classes will no longer be ignored. Please update your test configuration accordingly. For details, see: https://docs.spring.io/spring-framework/reference/testing/testcontext-framework/ctx-management/default-config.html
2026-10-01 17:11:15.415 INFO  [correlationId=593ba063-4469-4731-b269-9e9ecde745e5] c.n.e.c.l.HttpRequestLoggingFilter - Request started method=POST path=/api/auth/login
2026-10-01 17:11:15.475 INFO  [correlationId=593ba063-4469-4731-b269-9e9ecde745e5] c.n.e.auth.service.AuthServiceImpl - User logged in userId=1
2026-10-01 17:11:15.476 INFO  [correlationId=593ba063-4469-4731-b269-9e9ecde745e5] c.n.e.c.l.HttpRequestLoggingFilter - Request completed method=POST path=/api/auth/login status=200 durationMs=61
2026-10-01 17:11:15.478 INFO  [correlationId=25d6991f-9c72-4125-bb93-7f031e75d68d] c.n.e.c.l.HttpRequestLoggingFilter - Request started method=PATCH path=/api/orders/1/payments
2026-10-01 17:11:15.488 INFO  [correlationId=25d6991f-9c72-4125-bb93-7f031e75d68d] c.n.e.p.service.PaymentServiceImpl - Updating payment orderId=1 userId=1
2026-10-01 17:11:15.493 DEBUG [correlationId=25d6991f-9c72-4125-bb93-7f031e75d68d] c.n.e.o.service.OrderLookupService - Fetched order orderId=1 userId=1
2026-10-01 17:11:15.497 INFO  [correlationId=25d6991f-9c72-4125-bb93-7f031e75d68d] c.n.e.p.service.PaymentServiceImpl - Payment updated paymentId=1
2026-10-01 17:11:15.503 INFO  [correlationId=25d6991f-9c72-4125-bb93-7f031e75d68d] c.n.e.c.l.HttpRequestLoggingFilter - Request completed method=PATCH path=/api/orders/1/payments status=200 durationMs=24
2026-10-01 17:11:15.592 INFO  [correlationId=84757284-d092-486e-9f10-db8469f46ab1] c.n.e.c.l.HttpRequestLoggingFilter - Request started method=POST path=/api/auth/login
2026-10-01 17:11:15.661 INFO  [correlationId=84757284-d092-486e-9f10-db8469f46ab1] c.n.e.auth.service.AuthServiceImpl - User logged in userId=1
2026-10-01 17:11:15.662 INFO  [correlationId=84757284-d092-486e-9f10-db8469f46ab1] c.n.e.c.l.HttpRequestLoggingFilter - Request completed method=POST path=/api/auth/login status=200 durationMs=69
2026-10-01 17:11:15.662 INFO  [correlationId=d19bbcc9-11d9-4c10-a20f-a548aa3fb8e9] c.n.e.c.l.HttpRequestLoggingFilter - Request started method=POST path=/api/orders/1/payments/confirm
2026-10-01 17:11:15.671 INFO  [correlationId=d19bbcc9-11d9-4c10-a20f-a548aa3fb8e9] c.n.e.p.service.PaymentServiceImpl - Confirming payment orderId=1 userId=1 status=SUCCESS
2026-10-01 17:11:15.676 DEBUG [correlationId=d19bbcc9-11d9-4c10-a20f-a548aa3fb8e9] c.n.e.o.service.OrderLookupService - Fetched order orderId=1 userId=1
2026-10-01 17:11:15.679 INFO  [correlationId=d19bbcc9-11d9-4c10-a20f-a548aa3fb8e9] c.n.e.p.service.PaymentServiceImpl - Payment status updated paymentId=1 status=SUCCESS
2026-10-01 17:11:15.688 INFO  [correlationId=d19bbcc9-11d9-4c10-a20f-a548aa3fb8e9] c.n.e.c.l.HttpRequestLoggingFilter - Request completed method=POST path=/api/orders/1/payments/confirm status=200 durationMs=25
2026-10-01 17:11:15.779 INFO  [correlationId=be35cef8-2b29-4816-b02f-597ceb4a9007] c.n.e.c.l.HttpRequestLoggingFilter - Request started method=POST path=/api/auth/login
2026-10-01 17:11:15.837 INFO  [correlationId=be35cef8-2b29-4816-b02f-597ceb4a9007] c.n.e.auth.service.AuthServiceImpl - User logged in userId=1
2026-10-01 17:11:15.838 INFO  [correlationId=be35cef8-2b29-4816-b02f-597ceb4a9007] c.n.e.c.l.HttpRequestLoggingFilter - Request completed method=POST path=/api/auth/login status=200 durationMs=59
2026-10-01 17:11:15.839 INFO  [correlationId=788c96a9-eb55-4588-a977-8f8348c07dc2] c.n.e.c.l.HttpRequestLoggingFilter - Request started method=GET path=/api/orders/1/payments
2026-10-01 17:11:15.844 DEBUG [correlationId=788c96a9-eb55-4588-a977-8f8348c07dc2] c.n.e.p.service.PaymentServiceImpl - Fetching payment orderId=1 userId=1
2026-10-01 17:11:15.848 DEBUG [correlationId=788c96a9-eb55-4588-a977-8f8348c07dc2] c.n.e.o.service.OrderLookupService - Fetched order orderId=1 userId=1
2026-10-01 17:11:15.854 INFO  [correlationId=788c96a9-eb55-4588-a977-8f8348c07dc2] c.n.e.c.l.HttpRequestLoggingFilter - Request completed method=GET path=/api/orders/1/payments status=200 durationMs=14
2026-10-01 17:11:15.884 INFO  [correlationId=daf15ac9-31e9-4602-9827-3b85a6c90f0f] c.n.e.c.l.HttpRequestLoggingFilter - Request started method=POST path=/api/orders/1/payments/confirm
2026-10-01 17:11:15.885 INFO  [correlationId=daf15ac9-31e9-4602-9827-3b85a6c90f0f] c.n.e.c.l.HttpRequestLoggingFilter - Request completed method=POST path=/api/orders/1/payments/confirm status=401 durationMs=1
2026-10-01 17:11:15.915 INFO  [correlationId=bf8cac2c-01af-4cf7-bc5a-09c8cf3d80c5] c.n.e.c.l.HttpRequestLoggingFilter - Request started method=POST path=/api/orders/1/payments
2026-10-01 17:11:15.917 INFO  [correlationId=bf8cac2c-01af-4cf7-bc5a-09c8cf3d80c5] c.n.e.c.l.HttpRequestLoggingFilter - Request completed method=POST path=/api/orders/1/payments status=401 durationMs=1
2026-10-01 17:11:16.006 INFO  [correlationId=1a9da50d-f9b0-47f6-aa0d-e893b21088d3] c.n.e.c.l.HttpRequestLoggingFilter - Request started method=POST path=/api/auth/login
2026-10-01 17:11:16.063 INFO  [correlationId=1a9da50d-f9b0-47f6-aa0d-e893b21088d3] c.n.e.auth.service.AuthServiceImpl - User logged in userId=1
2026-10-01 17:11:16.064 INFO  [correlationId=1a9da50d-f9b0-47f6-aa0d-e893b21088d3] c.n.e.c.l.HttpRequestLoggingFilter - Request completed method=POST path=/api/auth/login status=200 durationMs=57
2026-10-01 17:11:16.065 INFO  [correlationId=72e7a6bd-1c9e-430e-87c9-c17156c58798] c.n.e.c.l.HttpRequestLoggingFilter - Request started method=POST path=/api/orders/1/payments
2026-10-01 17:11:16.074 INFO  [correlationId=72e7a6bd-1c9e-430e-87c9-c17156c58798] c.n.e.p.service.PaymentServiceImpl - Submitting payment orderId=1 userId=1
2026-10-01 17:11:16.078 DEBUG [correlationId=72e7a6bd-1c9e-430e-87c9-c17156c58798] c.n.e.o.service.OrderLookupService - Fetched order orderId=1 userId=1
2026-10-01 17:11:16.083 INFO  [correlationId=72e7a6bd-1c9e-430e-87c9-c17156c58798] c.n.e.p.service.PaymentServiceImpl - Payment submitted paymentId=1
2026-10-01 17:11:16.085 INFO  [correlationId=72e7a6bd-1c9e-430e-87c9-c17156c58798] c.n.e.c.l.HttpRequestLoggingFilter - Request completed method=POST path=/api/orders/1/payments status=201 durationMs=20
2026-10-01 17:11:16.111 INFO  [correlationId=f070efbb-3053-44e6-bf2d-0a5ff0657aed] c.n.e.c.l.HttpRequestLoggingFilter - Request started method=GET path=/api/orders/1/payments
2026-10-01 17:11:16.112 INFO  [correlationId=f070efbb-3053-44e6-bf2d-0a5ff0657aed] c.n.e.c.l.HttpRequestLoggingFilter - Request completed method=GET path=/api/orders/1/payments status=401 durationMs=1
2026-10-01 17:11:16.139 INFO  [correlationId=eb6ec512-3cc4-461a-a2c1-8d452de2e79e] c.n.e.c.l.HttpRequestLoggingFilter - Request started method=PATCH path=/api/orders/1/payments
2026-10-01 17:11:16.140 INFO  [correlationId=eb6ec512-3cc4-461a-a2c1-8d452de2e79e] c.n.e.c.l.HttpRequestLoggingFilter - Request completed method=PATCH path=/api/orders/1/payments status=401 durationMs=1
2026-10-01 17:11:16.144 INFO  [correlationId=] o.s.t.c.s.AnnotationConfigContextLoaderUtils - Could not detect default configuration classes for test class [com.namnguyen.ecommerce_platform.integration.security.ProductSecurityIntegrationTest]: ProductSecurityIntegrationTest does not declare any static, non-private, non-final, nested classes annotated with @Configuration.
2026-10-01 17:11:16.152 INFO  [correlationId=] o.s.b.t.c.SpringBootTestContextBootstrapper - Found @SpringBootConfiguration com.namnguyen.ecommerce_platform.EcommercePlatformApplication for test class com.namnguyen.ecommerce_platform.integration.security.ProductSecurityIntegrationTest
2026-10-01 17:11:16.154 INFO  [correlationId=] o.s.t.c.s.AnnotationConfigContextLoaderUtils - Could not detect default configuration classes for test class [com.namnguyen.ecommerce_platform.integration.security.ProductSecurityIntegrationTest]: ProductSecurityIntegrationTest does not declare any static, non-private, non-final, nested classes annotated with @Configuration.
2026-10-01 17:11:16.154 INFO  [correlationId=] o.s.t.c.s.AnnotationConfigContextLoaderUtils - Could not detect default configuration classes for test class [com.namnguyen.ecommerce_platform.integration.BaseSecurityIntegrationTest]: BaseSecurityIntegrationTest does not declare any static, non-private, non-final, nested classes annotated with @Configuration.
2026-10-01 17:11:16.164 INFO  [correlationId=] o.s.b.t.c.SpringBootTestContextBootstrapper - Found @SpringBootConfiguration com.namnguyen.ecommerce_platform.EcommercePlatformApplication for test class com.namnguyen.ecommerce_platform.integration.security.ProductSecurityIntegrationTest
2026-10-01 17:11:16.166 WARN  [correlationId=] o.s.b.t.c.SpringBootTestContextBootstrapper - For test class [com.namnguyen.ecommerce_platform.integration.security.ProductSecurityIntegrationTest], the following 'default' context configuration classes were detected but are currently ignored: com.namnguyen.ecommerce_platform.integration.AbstractIntegrationTestSupport$IntegrationTestConfig. In Spring Framework 7.1, these classes will no longer be ignored. Please update your test configuration accordingly. For details, see: https://docs.spring.io/spring-framework/reference/testing/testcontext-framework/ctx-management/default-config.html
2026-10-01 17:11:16.248 INFO  [correlationId=18993220-119a-433a-a3b2-2099d8184659] c.n.e.c.l.HttpRequestLoggingFilter - Request started method=POST path=/api/auth/login
2026-10-01 17:11:16.309 INFO  [correlationId=18993220-119a-433a-a3b2-2099d8184659] c.n.e.auth.service.AuthServiceImpl - User logged in userId=1
2026-10-01 17:11:16.309 INFO  [correlationId=18993220-119a-433a-a3b2-2099d8184659] c.n.e.c.l.HttpRequestLoggingFilter - Request completed method=POST path=/api/auth/login status=200 durationMs=61
2026-10-01 17:11:16.317 INFO  [correlationId=ce6a2704-9e00-4465-a4b7-58da9a3ccdc8] c.n.e.c.l.HttpRequestLoggingFilter - Request started method=PATCH path=/api/products/1
2026-10-01 17:11:16.325 INFO  [correlationId=ce6a2704-9e00-4465-a4b7-58da9a3ccdc8] c.n.e.c.l.HttpRequestLoggingFilter - Request completed method=PATCH path=/api/products/1 status=403 durationMs=7
2026-10-01 17:11:16.404 INFO  [correlationId=5701603f-4a23-4bf9-95c4-412aa8bb3059] c.n.e.c.l.HttpRequestLoggingFilter - Request started method=POST path=/api/auth/login
2026-10-01 17:11:16.461 INFO  [correlationId=5701603f-4a23-4bf9-95c4-412aa8bb3059] c.n.e.auth.service.AuthServiceImpl - User logged in userId=1
2026-10-01 17:11:16.462 INFO  [correlationId=5701603f-4a23-4bf9-95c4-412aa8bb3059] c.n.e.c.l.HttpRequestLoggingFilter - Request completed method=POST path=/api/auth/login status=200 durationMs=58
2026-10-01 17:11:16.469 INFO  [correlationId=8341893a-dfca-4624-89e0-1bead3020f2b] c.n.e.c.l.HttpRequestLoggingFilter - Request started method=PUT path=/api/products/1
2026-10-01 17:11:16.474 INFO  [correlationId=8341893a-dfca-4624-89e0-1bead3020f2b] c.n.e.c.l.HttpRequestLoggingFilter - Request completed method=PUT path=/api/products/1 status=403 durationMs=5
2026-10-01 17:11:16.554 INFO  [correlationId=ec4cd574-4040-4402-8909-d01b596e987f] c.n.e.c.l.HttpRequestLoggingFilter - Request started method=POST path=/api/auth/login
2026-10-01 17:11:16.611 INFO  [correlationId=ec4cd574-4040-4402-8909-d01b596e987f] c.n.e.auth.service.AuthServiceImpl - User logged in userId=1
2026-10-01 17:11:16.612 INFO  [correlationId=ec4cd574-4040-4402-8909-d01b596e987f] c.n.e.c.l.HttpRequestLoggingFilter - Request completed method=POST path=/api/auth/login status=200 durationMs=57
2026-10-01 17:11:16.617 INFO  [correlationId=91248801-d8e6-42b9-87ef-bd735c63298a] c.n.e.c.l.HttpRequestLoggingFilter - Request started method=DELETE path=/api/products/1
2026-10-01 17:11:16.625 DEBUG [correlationId=91248801-d8e6-42b9-87ef-bd735c63298a] c.n.e.p.service.ProductLookupService - Fetched product productId=1
2026-10-01 17:11:16.625 INFO  [correlationId=91248801-d8e6-42b9-87ef-bd735c63298a] c.n.e.p.service.ProductServiceImpl - Product deleted productId=1
2026-10-01 17:11:16.629 INFO  [correlationId=91248801-d8e6-42b9-87ef-bd735c63298a] c.n.e.c.l.HttpRequestLoggingFilter - Request completed method=DELETE path=/api/products/1 status=204 durationMs=12
2026-10-01 17:11:16.653 INFO  [correlationId=a4c10e9c-f178-461a-8559-8745cfd316f3] c.n.e.c.l.HttpRequestLoggingFilter - Request started method=DELETE path=/api/products/1
2026-10-01 17:11:16.654 INFO  [correlationId=a4c10e9c-f178-461a-8559-8745cfd316f3] c.n.e.c.l.HttpRequestLoggingFilter - Request completed method=DELETE path=/api/products/1 status=401 durationMs=1
2026-10-01 17:11:16.737 INFO  [correlationId=011f70a5-36e5-4439-af2d-bf40fc19edb2] c.n.e.c.l.HttpRequestLoggingFilter - Request started method=POST path=/api/auth/login
2026-10-01 17:11:16.796 INFO  [correlationId=011f70a5-36e5-4439-af2d-bf40fc19edb2] c.n.e.auth.service.AuthServiceImpl - User logged in userId=1
2026-10-01 17:11:16.797 INFO  [correlationId=011f70a5-36e5-4439-af2d-bf40fc19edb2] c.n.e.c.l.HttpRequestLoggingFilter - Request completed method=POST path=/api/auth/login status=200 durationMs=60
2026-10-01 17:11:16.798 INFO  [correlationId=01d79157-70f5-4e51-9468-0cf813da40be] c.n.e.c.l.HttpRequestLoggingFilter - Request started method=POST path=/api/products
2026-10-01 17:11:16.804 INFO  [correlationId=01d79157-70f5-4e51-9468-0cf813da40be] c.n.e.p.service.ProductServiceImpl - Creating product name=Test Product
2026-10-01 17:11:16.808 INFO  [correlationId=01d79157-70f5-4e51-9468-0cf813da40be] c.n.e.p.service.ProductServiceImpl - Product created productId=1 name=Test Product
2026-10-01 17:11:16.810 INFO  [correlationId=01d79157-70f5-4e51-9468-0cf813da40be] c.n.e.c.l.HttpRequestLoggingFilter - Request completed method=POST path=/api/products status=201 durationMs=12
2026-10-01 17:11:16.837 INFO  [correlationId=74e1bf5e-db4b-4e23-bda1-3f286e2d38e7] c.n.e.c.l.HttpRequestLoggingFilter - Request started method=PATCH path=/api/products/1
2026-10-01 17:11:16.839 INFO  [correlationId=74e1bf5e-db4b-4e23-bda1-3f286e2d38e7] c.n.e.c.l.HttpRequestLoggingFilter - Request completed method=PATCH path=/api/products/1 status=401 durationMs=1
2026-10-01 17:11:16.924 INFO  [correlationId=bf3ed3d1-ed70-4ce0-922c-7722c1ee4d86] c.n.e.c.l.HttpRequestLoggingFilter - Request started method=POST path=/api/auth/login
2026-10-01 17:11:16.981 INFO  [correlationId=bf3ed3d1-ed70-4ce0-922c-7722c1ee4d86] c.n.e.auth.service.AuthServiceImpl - User logged in userId=1
2026-10-01 17:11:16.982 INFO  [correlationId=bf3ed3d1-ed70-4ce0-922c-7722c1ee4d86] c.n.e.c.l.HttpRequestLoggingFilter - Request completed method=POST path=/api/auth/login status=200 durationMs=58
2026-10-01 17:11:16.989 INFO  [correlationId=dc0ca507-8771-4604-9ea4-4b28b350158a] c.n.e.c.l.HttpRequestLoggingFilter - Request started method=PUT path=/api/products/1
2026-10-01 17:11:17.000 INFO  [correlationId=dc0ca507-8771-4604-9ea4-4b28b350158a] c.n.e.p.service.ProductServiceImpl - Update product productId=1 name=Test Product update
2026-10-01 17:11:17.002 DEBUG [correlationId=dc0ca507-8771-4604-9ea4-4b28b350158a] c.n.e.p.service.ProductLookupService - Fetched product productId=1
2026-10-01 17:11:17.002 INFO  [correlationId=dc0ca507-8771-4604-9ea4-4b28b350158a] c.n.e.p.service.ProductServiceImpl - Product updated productId=1 name=Test Product update
2026-10-01 17:11:17.006 INFO  [correlationId=dc0ca507-8771-4604-9ea4-4b28b350158a] c.n.e.c.l.HttpRequestLoggingFilter - Request completed method=PUT path=/api/products/1 status=200 durationMs=16
2026-10-01 17:11:17.033 INFO  [correlationId=57bc1076-eef6-4258-8a40-c328966a3023] c.n.e.c.l.HttpRequestLoggingFilter - Request started method=GET path=/api/products/1
2026-10-01 17:11:17.034 DEBUG [correlationId=57bc1076-eef6-4258-8a40-c328966a3023] c.n.e.p.service.ProductServiceImpl - Fetching product productId=1
2026-10-01 17:11:17.036 DEBUG [correlationId=57bc1076-eef6-4258-8a40-c328966a3023] c.n.e.p.service.ProductLookupService - Fetched product productId=1
2026-10-01 17:11:17.038 INFO  [correlationId=57bc1076-eef6-4258-8a40-c328966a3023] c.n.e.c.l.HttpRequestLoggingFilter - Request completed method=GET path=/api/products/1 status=200 durationMs=4
2026-10-01 17:11:17.062 INFO  [correlationId=d2992ff7-72ad-4069-96d1-dfb7c3f43211] c.n.e.c.l.HttpRequestLoggingFilter - Request started method=GET path=/api/products
2026-10-01 17:11:17.064 DEBUG [correlationId=d2992ff7-72ad-4069-96d1-dfb7c3f43211] c.n.e.p.service.ProductServiceImpl - Fetching products status=null page=0 size=10 sort=id: ASC
2026-10-01 17:11:17.069 INFO  [correlationId=d2992ff7-72ad-4069-96d1-dfb7c3f43211] c.n.e.c.l.HttpRequestLoggingFilter - Request completed method=GET path=/api/products status=200 durationMs=7
2026-10-01 17:11:17.148 INFO  [correlationId=a84fc3f7-9bd1-4890-aed7-3c13f4b3e725] c.n.e.c.l.HttpRequestLoggingFilter - Request started method=POST path=/api/auth/login
2026-10-01 17:11:17.205 INFO  [correlationId=a84fc3f7-9bd1-4890-aed7-3c13f4b3e725] c.n.e.auth.service.AuthServiceImpl - User logged in userId=1
2026-10-01 17:11:17.206 INFO  [correlationId=a84fc3f7-9bd1-4890-aed7-3c13f4b3e725] c.n.e.c.l.HttpRequestLoggingFilter - Request completed method=POST path=/api/auth/login status=200 durationMs=57
2026-10-01 17:11:17.211 INFO  [correlationId=9c3d36e5-10f6-45da-965c-073563ebdfb8] c.n.e.c.l.HttpRequestLoggingFilter - Request started method=DELETE path=/api/products/1
2026-10-01 17:11:17.217 INFO  [correlationId=9c3d36e5-10f6-45da-965c-073563ebdfb8] c.n.e.c.l.HttpRequestLoggingFilter - Request completed method=DELETE path=/api/products/1 status=403 durationMs=6
2026-10-01 17:11:17.243 INFO  [correlationId=b7b28b95-01e8-4f97-9844-a1a154cde80f] c.n.e.c.l.HttpRequestLoggingFilter - Request started method=PUT path=/api/products/1
2026-10-01 17:11:17.244 INFO  [correlationId=b7b28b95-01e8-4f97-9844-a1a154cde80f] c.n.e.c.l.HttpRequestLoggingFilter - Request completed method=PUT path=/api/products/1 status=401 durationMs=1
2026-10-01 17:11:17.272 INFO  [correlationId=548e642b-b0e4-4f6e-8496-ddb834c5bb04] c.n.e.c.l.HttpRequestLoggingFilter - Request started method=POST path=/api/products
2026-10-01 17:11:17.275 INFO  [correlationId=548e642b-b0e4-4f6e-8496-ddb834c5bb04] c.n.e.c.l.HttpRequestLoggingFilter - Request completed method=POST path=/api/products status=401 durationMs=1
2026-10-01 17:11:17.362 INFO  [correlationId=692c54b2-b6b0-4955-8215-1b9d717479d3] c.n.e.c.l.HttpRequestLoggingFilter - Request started method=POST path=/api/auth/login
2026-10-01 17:11:17.419 INFO  [correlationId=692c54b2-b6b0-4955-8215-1b9d717479d3] c.n.e.auth.service.AuthServiceImpl - User logged in userId=1
2026-10-01 17:11:17.420 INFO  [correlationId=692c54b2-b6b0-4955-8215-1b9d717479d3] c.n.e.c.l.HttpRequestLoggingFilter - Request completed method=POST path=/api/auth/login status=200 durationMs=58
2026-10-01 17:11:17.421 INFO  [correlationId=1f88bb79-444d-48af-8120-18c45fca0ae2] c.n.e.c.l.HttpRequestLoggingFilter - Request started method=POST path=/api/products
2026-10-01 17:11:17.428 INFO  [correlationId=1f88bb79-444d-48af-8120-18c45fca0ae2] c.n.e.c.l.HttpRequestLoggingFilter - Request completed method=POST path=/api/products status=403 durationMs=6
2026-10-01 17:11:17.506 INFO  [correlationId=33fe0f74-e1cb-42b4-92fd-99287135e767] c.n.e.c.l.HttpRequestLoggingFilter - Request started method=POST path=/api/auth/login
2026-10-01 17:11:17.563 INFO  [correlationId=33fe0f74-e1cb-42b4-92fd-99287135e767] c.n.e.auth.service.AuthServiceImpl - User logged in userId=1
2026-10-01 17:11:17.564 INFO  [correlationId=33fe0f74-e1cb-42b4-92fd-99287135e767] c.n.e.c.l.HttpRequestLoggingFilter - Request completed method=POST path=/api/auth/login status=200 durationMs=57
2026-10-01 17:11:17.570 INFO  [correlationId=c21a62c0-4e7b-4320-a65c-d221f733d089] c.n.e.c.l.HttpRequestLoggingFilter - Request started method=PATCH path=/api/products/1
2026-10-01 17:11:17.591 INFO  [correlationId=c21a62c0-4e7b-4320-a65c-d221f733d089] c.n.e.p.service.ProductServiceImpl - Patching product productId=1
2026-10-01 17:11:17.593 DEBUG [correlationId=c21a62c0-4e7b-4320-a65c-d221f733d089] c.n.e.p.service.ProductLookupService - Fetched product productId=1
2026-10-01 17:11:17.593 INFO  [correlationId=c21a62c0-4e7b-4320-a65c-d221f733d089] c.n.e.p.service.ProductServiceImpl - Product patched productId=1 name=Test Product update
2026-10-01 17:11:17.596 INFO  [correlationId=c21a62c0-4e7b-4320-a65c-d221f733d089] c.n.e.c.l.HttpRequestLoggingFilter - Request completed method=PATCH path=/api/products/1 status=200 durationMs=26
2026-10-01 17:11:17.599 INFO  [correlationId=] o.s.t.c.s.AnnotationConfigContextLoaderUtils - Could not detect default configuration classes for test class [com.namnguyen.ecommerce_platform.integration.security.UserSecurityIntegrationTest]: UserSecurityIntegrationTest does not declare any static, non-private, non-final, nested classes annotated with @Configuration.
2026-10-01 17:11:17.608 INFO  [correlationId=] o.s.b.t.c.SpringBootTestContextBootstrapper - Found @SpringBootConfiguration com.namnguyen.ecommerce_platform.EcommercePlatformApplication for test class com.namnguyen.ecommerce_platform.integration.security.UserSecurityIntegrationTest
2026-10-01 17:11:17.609 INFO  [correlationId=] o.s.t.c.s.AnnotationConfigContextLoaderUtils - Could not detect default configuration classes for test class [com.namnguyen.ecommerce_platform.integration.security.UserSecurityIntegrationTest]: UserSecurityIntegrationTest does not declare any static, non-private, non-final, nested classes annotated with @Configuration.
2026-10-01 17:11:17.609 INFO  [correlationId=] o.s.t.c.s.AnnotationConfigContextLoaderUtils - Could not detect default configuration classes for test class [com.namnguyen.ecommerce_platform.integration.BaseSecurityIntegrationTest]: BaseSecurityIntegrationTest does not declare any static, non-private, non-final, nested classes annotated with @Configuration.
2026-10-01 17:11:17.616 INFO  [correlationId=] o.s.b.t.c.SpringBootTestContextBootstrapper - Found @SpringBootConfiguration com.namnguyen.ecommerce_platform.EcommercePlatformApplication for test class com.namnguyen.ecommerce_platform.integration.security.UserSecurityIntegrationTest
2026-10-01 17:11:17.616 WARN  [correlationId=] o.s.b.t.c.SpringBootTestContextBootstrapper - For test class [com.namnguyen.ecommerce_platform.integration.security.UserSecurityIntegrationTest], the following 'default' context configuration classes were detected but are currently ignored: com.namnguyen.ecommerce_platform.integration.AbstractIntegrationTestSupport$IntegrationTestConfig. In Spring Framework 7.1, these classes will no longer be ignored. Please update your test configuration accordingly. For details, see: https://docs.spring.io/spring-framework/reference/testing/testcontext-framework/ctx-management/default-config.html
2026-10-01 17:11:17.698 INFO  [correlationId=4e186608-724a-4bbe-ba79-ab090aa074f6] c.n.e.c.l.HttpRequestLoggingFilter - Request started method=POST path=/api/auth/login
2026-10-01 17:11:17.757 INFO  [correlationId=4e186608-724a-4bbe-ba79-ab090aa074f6] c.n.e.auth.service.AuthServiceImpl - User logged in userId=1
2026-10-01 17:11:17.757 INFO  [correlationId=4e186608-724a-4bbe-ba79-ab090aa074f6] c.n.e.c.l.HttpRequestLoggingFilter - Request completed method=POST path=/api/auth/login status=200 durationMs=59
2026-10-01 17:11:17.815 INFO  [correlationId=16e2cd6c-0ef6-4f5a-a1c3-3dec65f09773] c.n.e.c.l.HttpRequestLoggingFilter - Request started method=PUT path=/api/users/2
2026-10-01 17:11:17.829 INFO  [correlationId=16e2cd6c-0ef6-4f5a-a1c3-3dec65f09773] c.n.e.user.service.UserServiceImpl - Updating user userId=2
2026-10-01 17:11:17.831 DEBUG [correlationId=16e2cd6c-0ef6-4f5a-a1c3-3dec65f09773] c.n.e.user.service.UserLookupService - Fetched user userId=2
2026-10-01 17:11:17.890 INFO  [correlationId=16e2cd6c-0ef6-4f5a-a1c3-3dec65f09773] c.n.e.user.service.UserServiceImpl - User updated userId=2
2026-10-01 17:11:17.896 INFO  [correlationId=16e2cd6c-0ef6-4f5a-a1c3-3dec65f09773] c.n.e.c.l.HttpRequestLoggingFilter - Request completed method=PUT path=/api/users/2 status=200 durationMs=79
2026-10-01 17:11:17.974 INFO  [correlationId=5c0a8702-95ea-4ac8-890c-71af8dc47821] c.n.e.c.l.HttpRequestLoggingFilter - Request started method=POST path=/api/auth/login
2026-10-01 17:11:18.032 INFO  [correlationId=5c0a8702-95ea-4ac8-890c-71af8dc47821] c.n.e.auth.service.AuthServiceImpl - User logged in userId=1
2026-10-01 17:11:18.033 INFO  [correlationId=5c0a8702-95ea-4ac8-890c-71af8dc47821] c.n.e.c.l.HttpRequestLoggingFilter - Request completed method=POST path=/api/auth/login status=200 durationMs=58
2026-10-01 17:11:18.089 INFO  [correlationId=ca0def33-1436-4a78-aae3-0488e9417c31] c.n.e.c.l.HttpRequestLoggingFilter - Request started method=PATCH path=/api/users/2
2026-10-01 17:11:18.101 WARN  [correlationId=ca0def33-1436-4a78-aae3-0488e9417c31] c.n.e.c.e.GlobalExceptionHandler - Request failed status=403 method=PATCH path=/api/users/2 exception=AuthorizationDeniedException
2026-10-01 17:11:18.103 INFO  [correlationId=ca0def33-1436-4a78-aae3-0488e9417c31] c.n.e.c.l.HttpRequestLoggingFilter - Request completed method=PATCH path=/api/users/2 status=403 durationMs=13
2026-10-01 17:11:18.126 INFO  [correlationId=3d55708b-875d-4228-b9f7-1c3d7b9dda2f] c.n.e.c.l.HttpRequestLoggingFilter - Request started method=GET path=/api/users
2026-10-01 17:11:18.127 INFO  [correlationId=3d55708b-875d-4228-b9f7-1c3d7b9dda2f] c.n.e.c.l.HttpRequestLoggingFilter - Request completed method=GET path=/api/users status=401 durationMs=1
2026-10-01 17:11:18.153 INFO  [correlationId=fdba83af-31b3-4351-b54f-ecc5330b541c] c.n.e.c.l.HttpRequestLoggingFilter - Request started method=PATCH path=/api/users/999
2026-10-01 17:11:18.154 INFO  [correlationId=fdba83af-31b3-4351-b54f-ecc5330b541c] c.n.e.c.l.HttpRequestLoggingFilter - Request completed method=PATCH path=/api/users/999 status=401 durationMs=1
2026-10-01 17:11:18.236 INFO  [correlationId=7d0007e6-2adf-4b3f-90f5-6a51e571c6f1] c.n.e.c.l.HttpRequestLoggingFilter - Request started method=POST path=/api/auth/login
2026-10-01 17:11:18.292 INFO  [correlationId=7d0007e6-2adf-4b3f-90f5-6a51e571c6f1] c.n.e.auth.service.AuthServiceImpl - User logged in userId=1
2026-10-01 17:11:18.293 INFO  [correlationId=7d0007e6-2adf-4b3f-90f5-6a51e571c6f1] c.n.e.c.l.HttpRequestLoggingFilter - Request completed method=POST path=/api/auth/login status=200 durationMs=57
2026-10-01 17:11:18.294 INFO  [correlationId=df516d8b-0b7f-4200-b2f1-5700f919d273] c.n.e.c.l.HttpRequestLoggingFilter - Request started method=GET path=/api/users
2026-10-01 17:11:18.302 WARN  [correlationId=df516d8b-0b7f-4200-b2f1-5700f919d273] c.n.e.c.e.GlobalExceptionHandler - Request failed status=403 method=GET path=/api/users exception=AuthorizationDeniedException
2026-10-01 17:11:18.303 INFO  [correlationId=df516d8b-0b7f-4200-b2f1-5700f919d273] c.n.e.c.l.HttpRequestLoggingFilter - Request completed method=GET path=/api/users status=403 durationMs=8
2026-10-01 17:11:18.382 INFO  [correlationId=20131e6e-b05c-4a9a-a414-a34d33b705aa] c.n.e.c.l.HttpRequestLoggingFilter - Request started method=POST path=/api/auth/login
2026-10-01 17:11:18.439 INFO  [correlationId=20131e6e-b05c-4a9a-a414-a34d33b705aa] c.n.e.auth.service.AuthServiceImpl - User logged in userId=1
2026-10-01 17:11:18.440 INFO  [correlationId=20131e6e-b05c-4a9a-a414-a34d33b705aa] c.n.e.c.l.HttpRequestLoggingFilter - Request completed method=POST path=/api/auth/login status=200 durationMs=58
2026-10-01 17:11:18.497 INFO  [correlationId=49f1d78e-fdf7-4139-8934-e626f4ce5aec] c.n.e.c.l.HttpRequestLoggingFilter - Request started method=PATCH path=/api/users/2
2026-10-01 17:11:18.505 INFO  [correlationId=49f1d78e-fdf7-4139-8934-e626f4ce5aec] c.n.e.user.service.UserServiceImpl - Patching user userId=2
2026-10-01 17:11:18.507 DEBUG [correlationId=49f1d78e-fdf7-4139-8934-e626f4ce5aec] c.n.e.user.service.UserLookupService - Fetched user userId=2
2026-10-01 17:11:18.561 INFO  [correlationId=49f1d78e-fdf7-4139-8934-e626f4ce5aec] c.n.e.user.service.UserServiceImpl - User patched userId=2
2026-10-01 17:11:18.564 INFO  [correlationId=49f1d78e-fdf7-4139-8934-e626f4ce5aec] c.n.e.c.l.HttpRequestLoggingFilter - Request completed method=PATCH path=/api/users/2 status=200 durationMs=67
2026-10-01 17:11:18.643 INFO  [correlationId=2019b2bd-839f-473f-972f-bb75df7b1f07] c.n.e.c.l.HttpRequestLoggingFilter - Request started method=POST path=/api/auth/login
2026-10-01 17:11:18.699 INFO  [correlationId=2019b2bd-839f-473f-972f-bb75df7b1f07] c.n.e.auth.service.AuthServiceImpl - User logged in userId=1
2026-10-01 17:11:18.700 INFO  [correlationId=2019b2bd-839f-473f-972f-bb75df7b1f07] c.n.e.c.l.HttpRequestLoggingFilter - Request completed method=POST path=/api/auth/login status=200 durationMs=57
2026-10-01 17:11:18.755 INFO  [correlationId=5b5c7dcd-e2e0-4572-a3a3-444311851881] c.n.e.c.l.HttpRequestLoggingFilter - Request started method=GET path=/api/users/2
2026-10-01 17:11:18.761 DEBUG [correlationId=5b5c7dcd-e2e0-4572-a3a3-444311851881] c.n.e.user.service.UserServiceImpl - Fetching user userId=2
2026-10-01 17:11:18.763 DEBUG [correlationId=5b5c7dcd-e2e0-4572-a3a3-444311851881] c.n.e.user.service.UserLookupService - Fetched user userId=2
2026-10-01 17:11:18.765 INFO  [correlationId=5b5c7dcd-e2e0-4572-a3a3-444311851881] c.n.e.c.l.HttpRequestLoggingFilter - Request completed method=GET path=/api/users/2 status=200 durationMs=9
2026-10-01 17:11:18.844 INFO  [correlationId=c135cd12-cd55-48eb-9e3a-a59756e71445] c.n.e.c.l.HttpRequestLoggingFilter - Request started method=POST path=/api/auth/login
2026-10-01 17:11:18.903 INFO  [correlationId=c135cd12-cd55-48eb-9e3a-a59756e71445] c.n.e.auth.service.AuthServiceImpl - User logged in userId=1
2026-10-01 17:11:18.904 INFO  [correlationId=c135cd12-cd55-48eb-9e3a-a59756e71445] c.n.e.c.l.HttpRequestLoggingFilter - Request completed method=POST path=/api/auth/login status=200 durationMs=60
2026-10-01 17:11:18.905 INFO  [correlationId=27873c22-3c9a-4a46-8498-130e2973d0c3] c.n.e.c.l.HttpRequestLoggingFilter - Request started method=GET path=/api/users/1
2026-10-01 17:11:18.910 DEBUG [correlationId=27873c22-3c9a-4a46-8498-130e2973d0c3] c.n.e.user.service.UserServiceImpl - Fetching user userId=1
2026-10-01 17:11:18.912 DEBUG [correlationId=27873c22-3c9a-4a46-8498-130e2973d0c3] c.n.e.user.service.UserLookupService - Fetched user userId=1
2026-10-01 17:11:18.914 INFO  [correlationId=27873c22-3c9a-4a46-8498-130e2973d0c3] c.n.e.c.l.HttpRequestLoggingFilter - Request completed method=GET path=/api/users/1 status=200 durationMs=9
2026-10-01 17:11:18.937 INFO  [correlationId=da917a6d-c406-486e-8be7-64aac8f2145e] c.n.e.c.l.HttpRequestLoggingFilter - Request started method=GET path=/api/users/999
2026-10-01 17:11:18.937 INFO  [correlationId=da917a6d-c406-486e-8be7-64aac8f2145e] c.n.e.c.l.HttpRequestLoggingFilter - Request completed method=GET path=/api/users/999 status=401 durationMs=1
2026-10-01 17:11:19.018 INFO  [correlationId=e0df3838-7473-44df-a66d-19c0a5e9ee36] c.n.e.c.l.HttpRequestLoggingFilter - Request started method=POST path=/api/auth/login
2026-10-01 17:11:19.075 INFO  [correlationId=e0df3838-7473-44df-a66d-19c0a5e9ee36] c.n.e.auth.service.AuthServiceImpl - User logged in userId=1
2026-10-01 17:11:19.076 INFO  [correlationId=e0df3838-7473-44df-a66d-19c0a5e9ee36] c.n.e.c.l.HttpRequestLoggingFilter - Request completed method=POST path=/api/auth/login status=200 durationMs=57
2026-10-01 17:11:19.132 INFO  [correlationId=fdda4d21-28fd-401d-afac-58d5540b7b09] c.n.e.c.l.HttpRequestLoggingFilter - Request started method=PUT path=/api/users/2
2026-10-01 17:11:19.139 WARN  [correlationId=fdda4d21-28fd-401d-afac-58d5540b7b09] c.n.e.c.e.GlobalExceptionHandler - Request failed status=403 method=PUT path=/api/users/2 exception=AuthorizationDeniedException
2026-10-01 17:11:19.141 INFO  [correlationId=fdda4d21-28fd-401d-afac-58d5540b7b09] c.n.e.c.l.HttpRequestLoggingFilter - Request completed method=PUT path=/api/users/2 status=403 durationMs=8
2026-10-01 17:11:19.225 INFO  [correlationId=83e3b583-8e20-4638-890b-109b80b10849] c.n.e.c.l.HttpRequestLoggingFilter - Request started method=POST path=/api/auth/login
2026-10-01 17:11:19.286 INFO  [correlationId=83e3b583-8e20-4638-890b-109b80b10849] c.n.e.auth.service.AuthServiceImpl - User logged in userId=1
2026-10-01 17:11:19.287 INFO  [correlationId=83e3b583-8e20-4638-890b-109b80b10849] c.n.e.c.l.HttpRequestLoggingFilter - Request completed method=POST path=/api/auth/login status=200 durationMs=61
2026-10-01 17:11:19.287 INFO  [correlationId=476cbe7d-4bb2-4437-934b-c393a41fc3bd] c.n.e.c.l.HttpRequestLoggingFilter - Request started method=PATCH path=/api/users/1
2026-10-01 17:11:19.295 INFO  [correlationId=476cbe7d-4bb2-4437-934b-c393a41fc3bd] c.n.e.user.service.UserServiceImpl - Patching user userId=1
2026-10-01 17:11:19.297 DEBUG [correlationId=476cbe7d-4bb2-4437-934b-c393a41fc3bd] c.n.e.user.service.UserLookupService - Fetched user userId=1
2026-10-01 17:11:19.387 INFO  [correlationId=476cbe7d-4bb2-4437-934b-c393a41fc3bd] c.n.e.user.service.UserServiceImpl - User patched userId=1
2026-10-01 17:11:19.400 INFO  [correlationId=476cbe7d-4bb2-4437-934b-c393a41fc3bd] c.n.e.c.l.HttpRequestLoggingFilter - Request completed method=PATCH path=/api/users/1 status=200 durationMs=112
2026-10-01 17:11:19.490 INFO  [correlationId=6447565e-5c95-40c5-9cb0-9997bed65ea6] c.n.e.c.l.HttpRequestLoggingFilter - Request started method=POST path=/api/auth/login
2026-10-01 17:11:19.551 INFO  [correlationId=6447565e-5c95-40c5-9cb0-9997bed65ea6] c.n.e.auth.service.AuthServiceImpl - User logged in userId=1
2026-10-01 17:11:19.551 INFO  [correlationId=6447565e-5c95-40c5-9cb0-9997bed65ea6] c.n.e.c.l.HttpRequestLoggingFilter - Request completed method=POST path=/api/auth/login status=200 durationMs=61
2026-10-01 17:11:19.552 INFO  [correlationId=797883a9-5905-42d6-89c5-a6ecc1158275] c.n.e.c.l.HttpRequestLoggingFilter - Request started method=GET path=/api/users
2026-10-01 17:11:19.562 DEBUG [correlationId=797883a9-5905-42d6-89c5-a6ecc1158275] c.n.e.user.service.UserServiceImpl - Fetching users page=0 size=10 sort=id: ASC
2026-10-01 17:11:19.571 INFO  [correlationId=797883a9-5905-42d6-89c5-a6ecc1158275] c.n.e.c.l.HttpRequestLoggingFilter - Request completed method=GET path=/api/users status=200 durationMs=18
2026-10-01 17:11:19.686 INFO  [correlationId=45a58f75-6640-4967-864d-1f3befde4062] c.n.e.c.l.HttpRequestLoggingFilter - Request started method=POST path=/api/auth/login
2026-10-01 17:11:19.782 INFO  [correlationId=45a58f75-6640-4967-864d-1f3befde4062] c.n.e.auth.service.AuthServiceImpl - User logged in userId=1
2026-10-01 17:11:19.784 INFO  [correlationId=45a58f75-6640-4967-864d-1f3befde4062] c.n.e.c.l.HttpRequestLoggingFilter - Request completed method=POST path=/api/auth/login status=200 durationMs=98
2026-10-01 17:11:19.788 INFO  [correlationId=c376b628-5b3d-4a71-a96b-8106dd0b028c] c.n.e.c.l.HttpRequestLoggingFilter - Request started method=PUT path=/api/users/1
2026-10-01 17:11:19.804 INFO  [correlationId=c376b628-5b3d-4a71-a96b-8106dd0b028c] c.n.e.user.service.UserServiceImpl - Updating user userId=1
2026-10-01 17:11:19.808 DEBUG [correlationId=c376b628-5b3d-4a71-a96b-8106dd0b028c] c.n.e.user.service.UserLookupService - Fetched user userId=1
2026-10-01 17:11:19.872 INFO  [correlationId=c376b628-5b3d-4a71-a96b-8106dd0b028c] c.n.e.user.service.UserServiceImpl - User updated userId=1
2026-10-01 17:11:19.878 INFO  [correlationId=c376b628-5b3d-4a71-a96b-8106dd0b028c] c.n.e.c.l.HttpRequestLoggingFilter - Request completed method=PUT path=/api/users/1 status=200 durationMs=90
2026-10-01 17:11:19.972 INFO  [correlationId=c3d62c0a-0d0b-4774-a807-0ba71d66bca9] c.n.e.c.l.HttpRequestLoggingFilter - Request started method=POST path=/api/auth/login
2026-10-01 17:11:20.036 INFO  [correlationId=c3d62c0a-0d0b-4774-a807-0ba71d66bca9] c.n.e.auth.service.AuthServiceImpl - User logged in userId=1
2026-10-01 17:11:20.037 INFO  [correlationId=c3d62c0a-0d0b-4774-a807-0ba71d66bca9] c.n.e.c.l.HttpRequestLoggingFilter - Request completed method=POST path=/api/auth/login status=200 durationMs=65
2026-10-01 17:11:20.038 INFO  [correlationId=83cabc87-0a8f-4140-8749-27b27c707046] c.n.e.c.l.HttpRequestLoggingFilter - Request started method=DELETE path=/api/users/1
2026-10-01 17:11:20.047 WARN  [correlationId=83cabc87-0a8f-4140-8749-27b27c707046] c.n.e.c.e.GlobalExceptionHandler - Request failed status=403 method=DELETE path=/api/users/1 exception=AuthorizationDeniedException
2026-10-01 17:11:20.048 INFO  [correlationId=83cabc87-0a8f-4140-8749-27b27c707046] c.n.e.c.l.HttpRequestLoggingFilter - Request completed method=DELETE path=/api/users/1 status=403 durationMs=9
2026-10-01 17:11:20.208 INFO  [correlationId=58d9df45-7c99-4d50-9180-f66b9229e1e4] c.n.e.c.l.HttpRequestLoggingFilter - Request started method=POST path=/api/auth/login
2026-10-01 17:11:20.292 INFO  [correlationId=58d9df45-7c99-4d50-9180-f66b9229e1e4] c.n.e.auth.service.AuthServiceImpl - User logged in userId=2
2026-10-01 17:11:20.292 INFO  [correlationId=58d9df45-7c99-4d50-9180-f66b9229e1e4] c.n.e.c.l.HttpRequestLoggingFilter - Request completed method=POST path=/api/auth/login status=200 durationMs=85
2026-10-01 17:11:20.296 INFO  [correlationId=4f473d46-a83d-4caa-bbeb-72255066ebde] c.n.e.c.l.HttpRequestLoggingFilter - Request started method=DELETE path=/api/users/1
2026-10-01 17:11:20.336 DEBUG [correlationId=4f473d46-a83d-4caa-bbeb-72255066ebde] c.n.e.user.service.UserLookupService - Fetched user userId=1
2026-10-01 17:11:20.337 INFO  [correlationId=4f473d46-a83d-4caa-bbeb-72255066ebde] c.n.e.user.service.UserServiceImpl - User deleted userId=1
2026-10-01 17:11:20.348 INFO  [correlationId=4f473d46-a83d-4caa-bbeb-72255066ebde] c.n.e.c.l.HttpRequestLoggingFilter - Request completed method=DELETE path=/api/users/1 status=204 durationMs=51
2026-10-01 17:11:20.383 INFO  [correlationId=f58f197f-5fb2-408c-ae8e-d148f70a34d6] c.n.e.c.l.HttpRequestLoggingFilter - Request started method=DELETE path=/api/users/999
2026-10-01 17:11:20.384 INFO  [correlationId=f58f197f-5fb2-408c-ae8e-d148f70a34d6] c.n.e.c.l.HttpRequestLoggingFilter - Request completed method=DELETE path=/api/users/999 status=401 durationMs=1
2026-10-01 17:11:20.479 INFO  [correlationId=09a2b0de-54ad-47cd-b116-b07d4d87a896] c.n.e.c.l.HttpRequestLoggingFilter - Request started method=POST path=/api/auth/login
2026-10-01 17:11:20.545 INFO  [correlationId=09a2b0de-54ad-47cd-b116-b07d4d87a896] c.n.e.auth.service.AuthServiceImpl - User logged in userId=1
2026-10-01 17:11:20.546 INFO  [correlationId=09a2b0de-54ad-47cd-b116-b07d4d87a896] c.n.e.c.l.HttpRequestLoggingFilter - Request completed method=POST path=/api/auth/login status=200 durationMs=67
2026-10-01 17:11:20.607 INFO  [correlationId=28e4d345-45b2-4f65-b2c7-8243e5b7aef3] c.n.e.c.l.HttpRequestLoggingFilter - Request started method=GET path=/api/users/2
2026-10-01 17:11:20.613 WARN  [correlationId=28e4d345-45b2-4f65-b2c7-8243e5b7aef3] c.n.e.c.e.GlobalExceptionHandler - Request failed status=403 method=GET path=/api/users/2 exception=AuthorizationDeniedException
2026-10-01 17:11:20.614 INFO  [correlationId=28e4d345-45b2-4f65-b2c7-8243e5b7aef3] c.n.e.c.l.HttpRequestLoggingFilter - Request completed method=GET path=/api/users/2 status=403 durationMs=6
2026-10-01 17:11:20.640 INFO  [correlationId=73eae7d1-6856-49bb-8c02-38d80f684be8] c.n.e.c.l.HttpRequestLoggingFilter - Request started method=PUT path=/api/users/999
2026-10-01 17:11:20.641 INFO  [correlationId=73eae7d1-6856-49bb-8c02-38d80f684be8] c.n.e.c.l.HttpRequestLoggingFilter - Request completed method=PUT path=/api/users/999 status=401 durationMs=1
2026-10-01 17:11:20.645 INFO  [correlationId=] o.s.t.c.s.AnnotationConfigContextLoaderUtils - Could not detect default configuration classes for test class [com.namnguyen.ecommerce_platform.integration.user.UserIntegrationTest]: UserIntegrationTest does not declare any static, non-private, non-final, nested classes annotated with @Configuration.
2026-10-01 17:11:20.703 INFO  [correlationId=] o.s.b.t.c.SpringBootTestContextBootstrapper - Found @SpringBootConfiguration com.namnguyen.ecommerce_platform.EcommercePlatformApplication for test class com.namnguyen.ecommerce_platform.integration.user.UserIntegrationTest
2026-10-01 17:11:20.704 INFO  [correlationId=] o.s.t.c.s.AnnotationConfigContextLoaderUtils - Could not detect default configuration classes for test class [com.namnguyen.ecommerce_platform.integration.user.UserIntegrationTest]: UserIntegrationTest does not declare any static, non-private, non-final, nested classes annotated with @Configuration.
2026-10-01 17:11:20.704 INFO  [correlationId=] o.s.t.c.s.AnnotationConfigContextLoaderUtils - Could not detect default configuration classes for test class [com.namnguyen.ecommerce_platform.integration.BaseIntegrationTest]: BaseIntegrationTest does not declare any static, non-private, non-final, nested classes annotated with @Configuration.
2026-10-01 17:11:20.711 INFO  [correlationId=] o.s.b.t.c.SpringBootTestContextBootstrapper - Found @SpringBootConfiguration com.namnguyen.ecommerce_platform.EcommercePlatformApplication for test class com.namnguyen.ecommerce_platform.integration.user.UserIntegrationTest
2026-10-01 17:11:20.711 WARN  [correlationId=] o.s.b.t.c.SpringBootTestContextBootstrapper - For test class [com.namnguyen.ecommerce_platform.integration.user.UserIntegrationTest], the following 'default' context configuration classes were detected but are currently ignored: com.namnguyen.ecommerce_platform.integration.AbstractIntegrationTestSupport$IntegrationTestConfig. In Spring Framework 7.1, these classes will no longer be ignored. Please update your test configuration accordingly. For details, see: https://docs.spring.io/spring-framework/reference/testing/testcontext-framework/ctx-management/default-config.html
2026-10-01 17:11:20.918 DEBUG [correlationId=] c.n.e.user.service.UserServiceImpl - Fetching users page=0 size=10 sort=id: ASC
2026-10-01 17:11:21.071 INFO  [correlationId=] c.n.e.user.service.UserServiceImpl - Patching user userId=2
2026-10-01 17:11:21.074 DEBUG [correlationId=] c.n.e.user.service.UserLookupService - Fetched user userId=2
2026-10-01 17:11:21.081 WARN  [correlationId=] c.n.e.c.e.GlobalExceptionHandler - Request failed status=409 method=PATCH path=/api/users/2 exception=DuplicateResourceException
2026-10-01 17:11:21.163 DEBUG [correlationId=] c.n.e.user.service.UserServiceImpl - Fetching user userId=1
2026-10-01 17:11:21.166 DEBUG [correlationId=] c.n.e.user.service.UserLookupService - Fetched user userId=1
2026-10-01 17:11:21.259 INFO  [correlationId=] c.n.e.user.service.UserServiceImpl - Updating user userId=1
2026-10-01 17:11:21.261 DEBUG [correlationId=] c.n.e.user.service.UserLookupService - Fetched user userId=1
2026-10-01 17:11:21.317 INFO  [correlationId=] c.n.e.user.service.UserServiceImpl - User updated userId=1
2026-10-01 17:11:21.459 INFO  [correlationId=] c.n.e.user.service.UserServiceImpl - Updating user userId=999999
2026-10-01 17:11:21.463 WARN  [correlationId=] c.n.e.c.e.GlobalExceptionHandler - Request failed status=404 method=PUT path=/api/users/999999 exception=NoResourceFoundException
2026-10-01 17:11:21.545 INFO  [correlationId=] c.n.e.user.service.UserServiceImpl - Patching user userId=1
2026-10-01 17:11:21.547 DEBUG [correlationId=] c.n.e.user.service.UserLookupService - Fetched user userId=1
2026-10-01 17:11:21.549 INFO  [correlationId=] c.n.e.user.service.UserServiceImpl - User patched userId=1
2026-10-01 17:11:21.691 INFO  [correlationId=] c.n.e.user.service.UserServiceImpl - Updating user userId=1
2026-10-01 17:11:21.694 DEBUG [correlationId=] c.n.e.user.service.UserLookupService - Fetched user userId=1
2026-10-01 17:11:21.701 WARN  [correlationId=] c.n.e.c.e.GlobalExceptionHandler - Request failed status=409 method=PUT path=/api/users/1 exception=DuplicateResourceException
2026-10-01 17:11:21.793 INFO  [correlationId=] c.n.e.user.service.UserServiceImpl - Patching user userId=999999
2026-10-01 17:11:21.797 WARN  [correlationId=] c.n.e.c.e.GlobalExceptionHandler - Request failed status=404 method=PATCH path=/api/users/999999 exception=NoResourceFoundException
2026-10-01 17:11:21.884 DEBUG [correlationId=] c.n.e.user.service.UserServiceImpl - Fetching user userId=999
2026-10-01 17:11:21.888 WARN  [correlationId=] c.n.e.c.e.GlobalExceptionHandler - Request failed status=404 method=GET path=/api/users/999 exception=NoResourceFoundException
2026-10-01 17:11:22.038 DEBUG [correlationId=] c.n.e.user.service.UserLookupService - Fetched user userId=2
2026-10-01 17:11:22.038 INFO  [correlationId=] c.n.e.user.service.UserServiceImpl - User deleted userId=2
2026-10-01 17:11:22.254 DEBUG [correlationId=] c.n.e.user.service.UserServiceImpl - Fetching users page=0 size=10 sort=id: ASC
2026-10-01 17:11:22.413 DEBUG [correlationId=] c.n.e.user.service.UserServiceImpl - Fetching user userId=2
2026-10-01 17:11:22.418 DEBUG [correlationId=] c.n.e.user.service.UserLookupService - Fetched user userId=2
2026-10-01 17:11:22.512 WARN  [correlationId=] c.n.e.c.e.GlobalExceptionHandler - Request failed status=404 method=DELETE path=/api/users/999999 exception=NoResourceFoundException
2026-10-01 17:11:22.559 INFO  [correlationId=] o.s.t.c.s.AnnotationConfigContextLoaderUtils - Could not detect default configuration classes for test class [com.namnguyen.ecommerce_platform.order.controller.OrderControllerTest]: OrderControllerTest does not declare any static, non-private, non-final, nested classes annotated with @Configuration.
2026-10-01 17:11:22.626 INFO  [correlationId=] o.s.b.t.c.SpringBootTestContextBootstrapper - Found @SpringBootConfiguration com.namnguyen.ecommerce_platform.EcommercePlatformApplication for test class com.namnguyen.ecommerce_platform.order.controller.OrderControllerTest
2026-10-01 17:11:22.626 INFO  [correlationId=] o.s.t.c.s.AnnotationConfigContextLoaderUtils - Could not detect default configuration classes for test class [com.namnguyen.ecommerce_platform.order.controller.OrderControllerTest]: OrderControllerTest does not declare any static, non-private, non-final, nested classes annotated with @Configuration.
2026-10-01 17:11:22.640 INFO  [correlationId=] o.s.b.t.c.SpringBootTestContextBootstrapper - Found @SpringBootConfiguration com.namnguyen.ecommerce_platform.EcommercePlatformApplication for test class com.namnguyen.ecommerce_platform.order.controller.OrderControllerTest
2026-10-01 17:11:22.683 INFO  [correlationId=] c.n.e.o.c.OrderControllerTest - Starting OrderControllerTest using Java 24 with PID 60596 (started by Nam Nguyen in C:\Programming\PersonalProject\EcommercePlatformProject)
2026-10-01 17:11:22.683 DEBUG [correlationId=] c.n.e.o.c.OrderControllerTest - Running with Spring Boot v4.1.0, Spring v7.0.8
2026-10-01 17:11:22.683 INFO  [correlationId=] c.n.e.o.c.OrderControllerTest - No active profile set, falling back to 1 default profile: "default"
2026-10-01 17:11:23.174 WARN  [correlationId=] o.s.b.s.a.UserDetailsServiceAutoConfiguration - 

Using generated security password: 28aa3839-cbfc-4ac9-b625-3e119e2186e5

This generated password is for development use only. Your security configuration must be updated before running your application in production.

2026-10-01 17:11:23.176 INFO  [correlationId=] o.s.b.t.m.w.SpringBootMockServletContext - Initializing Spring TestDispatcherServlet ''
2026-10-01 17:11:23.177 INFO  [correlationId=] o.s.t.w.s.TestDispatcherServlet - Initializing Servlet ''
2026-10-01 17:11:23.178 INFO  [correlationId=] o.s.t.w.s.TestDispatcherServlet - Completed initialization in 1 ms
2026-10-01 17:11:23.192 WARN  [correlationId=] o.s.s.c.a.a.c.InitializeUserDetailsBeanManagerConfigurer$InitializeUserDetailsManagerConfigurer - Found 2 UserDetailsService beans, with names [inMemoryUserDetailsManager, com.namnguyen.ecommerce_platform.security.user.CustomUserDetailsService#0]. Global Authentication Manager will not use a UserDetailsService for username/password login. Consider publishing a single UserDetailsService bean.
2026-10-01 17:11:23.211 INFO  [correlationId=] c.n.e.o.c.OrderControllerTest - Started OrderControllerTest in 0.566 seconds (process running for 48.212)
2026-10-01 17:11:23.336 WARN  [correlationId=] c.n.e.c.e.GlobalExceptionHandler - Request argument validation failed status=400 method=GET path=/api/orders fieldErrorCount=1
2026-10-01 17:11:23.358 WARN  [correlationId=] c.n.e.c.e.GlobalExceptionHandler - Request argument validation failed status=400 method=POST path=/api/orders fieldErrorCount=1
2026-10-01 17:11:23.419 WARN  [correlationId=] c.n.e.c.e.GlobalExceptionHandler - Request argument validation failed status=400 method=POST path=/api/orders fieldErrorCount=1
2026-10-01 17:11:23.439 WARN  [correlationId=] c.n.e.c.e.GlobalExceptionHandler - Request argument validation failed status=400 method=POST path=/api/orders fieldErrorCount=1
2026-10-01 17:11:23.479 WARN  [correlationId=] c.n.e.c.e.GlobalExceptionHandler - Request argument validation failed status=400 method=GET path=/api/orders fieldErrorCount=1
2026-10-01 17:11:23.501 WARN  [correlationId=] c.n.e.c.e.GlobalExceptionHandler - Request failed status=404 method=GET path=/api/orders/2 exception=NoResourceFoundException
2026-10-01 17:11:23.523 WARN  [correlationId=] c.n.e.c.e.GlobalExceptionHandler - Request argument validation failed status=400 method=GET path=/api/orders fieldErrorCount=1
2026-10-01 17:11:23.550 WARN  [correlationId=] c.n.e.c.e.GlobalExceptionHandler - Request argument validation failed status=400 method=GET path=/api/orders fieldErrorCount=1
2026-10-01 17:11:23.600 WARN  [correlationId=] c.n.e.c.e.GlobalExceptionHandler - Request argument validation failed status=400 method=POST path=/api/orders fieldErrorCount=1
2026-10-01 17:11:23.620 WARN  [correlationId=] c.n.e.c.e.GlobalExceptionHandler - Request argument validation failed status=400 method=POST path=/api/orders fieldErrorCount=1
2026-10-01 17:11:23.638 WARN  [correlationId=] c.n.e.c.e.GlobalExceptionHandler - Request failed status=400 method=PATCH path=/api/orders/2/cancel exception=InvalidOrderStateException
2026-10-01 17:11:23.659 WARN  [correlationId=] c.n.e.c.e.GlobalExceptionHandler - Request argument validation failed status=400 method=POST path=/api/orders fieldErrorCount=1
2026-10-01 17:11:23.672 WARN  [correlationId=] c.n.e.c.e.GlobalExceptionHandler - Request argument validation failed status=400 method=POST path=/api/orders fieldErrorCount=1
2026-10-01 17:11:23.691 WARN  [correlationId=] c.n.e.c.e.GlobalExceptionHandler - Request failed status=404 method=POST path=/api/orders exception=NoResourceFoundException
2026-10-01 17:11:23.706 WARN  [correlationId=] c.n.e.c.e.GlobalExceptionHandler - Request argument validation failed status=400 method=GET path=/api/orders fieldErrorCount=1
2026-10-01 17:11:23.727 WARN  [correlationId=] c.n.e.c.e.GlobalExceptionHandler - Request failed status=400 method=POST path=/api/orders/checkout exception=InvalidCartStateException
2026-10-01 17:11:23.764 WARN  [correlationId=] c.n.e.c.e.GlobalExceptionHandler - Request failed status=400 method=PATCH path=/api/orders/test/cancel exception=MethodArgumentTypeMismatchException
2026-10-01 17:11:23.783 WARN  [correlationId=] c.n.e.c.e.GlobalExceptionHandler - Request failed status=400 method=GET path=/api/orders/test exception=MethodArgumentTypeMismatchException
2026-10-01 17:11:23.798 WARN  [correlationId=] c.n.e.c.e.GlobalExceptionHandler - Request failed status=404 method=PATCH path=/api/orders/2/cancel exception=NoResourceFoundException
2026-10-01 17:11:23.815 WARN  [correlationId=] c.n.e.c.e.GlobalExceptionHandler - Request failed status=400 method=PATCH path=/api/orders/2/cancel exception=InvalidOrderStateException
2026-10-01 17:11:24.084 INFO  [correlationId=] c.n.e.order.service.OrderServiceImpl - Checking out user cart userId=1
2026-10-01 17:11:24.084 DEBUG [correlationId=] c.n.e.order.service.OrderServiceImpl - Creating order item productId=3 quantity=2
2026-10-01 17:11:24.084 INFO  [correlationId=] c.n.e.order.service.OrderServiceImpl - Cart checked out userId=1 orderId=5
2026-10-01 17:11:24.087 DEBUG [correlationId=] c.n.e.order.service.OrderServiceImpl - Fetching order orderId=2 userId=1
2026-10-01 17:11:24.093 DEBUG [correlationId=] c.n.e.order.service.OrderServiceImpl - Fetching order orderId=2 userId=1
2026-10-01 17:11:24.097 INFO  [correlationId=] c.n.e.order.service.OrderServiceImpl - Creating order userId=1 itemCount=1
2026-10-01 17:11:24.097 DEBUG [correlationId=] c.n.e.order.service.OrderServiceImpl - Creating order item productId=3 quantity=11
2026-10-01 17:11:24.101 INFO  [correlationId=] c.n.e.order.service.OrderServiceImpl - Cancelling order orderId=2 userId=1
2026-10-01 17:11:24.106 INFO  [correlationId=] c.n.e.order.service.OrderServiceImpl - Checking out user cart userId=1
2026-10-01 17:11:24.106 DEBUG [correlationId=] c.n.e.order.service.OrderServiceImpl - Creating order item productId=3 quantity=11
2026-10-01 17:11:24.115 INFO  [correlationId=] c.n.e.order.service.OrderServiceImpl - Cancelling order orderId=2 userId=1
2026-10-01 17:11:24.115 INFO  [correlationId=] c.n.e.order.service.OrderServiceImpl - Order cancelled orderId=2
2026-10-01 17:11:24.120 DEBUG [correlationId=] c.n.e.order.service.OrderServiceImpl - Fetching orders userId=1 page=0 size=2 sort=UNSORTED
2026-10-01 17:11:24.121 DEBUG [correlationId=] c.n.e.order.service.OrderServiceImpl - Fetched orders page=0 returned=0 totalElements=0
2026-10-01 17:11:24.127 INFO  [correlationId=] c.n.e.order.service.OrderServiceImpl - Cancelling order orderId=2 userId=1
2026-10-01 17:11:24.135 INFO  [correlationId=] c.n.e.order.service.OrderServiceImpl - Cancelling order orderId=2 userId=1
2026-10-01 17:11:24.142 INFO  [correlationId=] c.n.e.order.service.OrderServiceImpl - Checking out user cart userId=1
2026-10-01 17:11:24.149 INFO  [correlationId=] c.n.e.order.service.OrderServiceImpl - Cancelling order orderId=2 userId=1
2026-10-01 17:11:24.149 INFO  [correlationId=] c.n.e.order.service.OrderServiceImpl - Order cancelled orderId=2
2026-10-01 17:11:24.158 INFO  [correlationId=] c.n.e.order.service.OrderServiceImpl - Creating order userId=1 itemCount=1
2026-10-01 17:11:24.158 DEBUG [correlationId=] c.n.e.order.service.OrderServiceImpl - Creating order item productId=3 quantity=10
2026-10-01 17:11:24.158 INFO  [correlationId=] c.n.e.order.service.OrderServiceImpl - Order created orderId=4 userId=1 itemCount=1
2026-10-01 17:11:24.162 DEBUG [correlationId=] c.n.e.order.service.OrderServiceImpl - Fetching orders userId=1 page=0 size=2 sort=UNSORTED
2026-10-01 17:11:24.162 DEBUG [correlationId=] c.n.e.order.service.OrderServiceImpl - Fetched orders page=0 returned=2 totalElements=2
2026-10-01 17:11:24.166 INFO  [correlationId=] c.n.e.order.service.OrderServiceImpl - Creating order userId=1 itemCount=1
2026-10-01 17:11:24.174 INFO  [correlationId=] c.n.e.order.service.OrderServiceImpl - Creating order userId=1 itemCount=2
2026-10-01 17:11:24.175 DEBUG [correlationId=] c.n.e.order.service.OrderServiceImpl - Creating order item productId=3 quantity=2
2026-10-01 17:11:24.175 DEBUG [correlationId=] c.n.e.order.service.OrderServiceImpl - Creating order item productId=4 quantity=3
2026-10-01 17:11:24.176 INFO  [correlationId=] c.n.e.order.service.OrderServiceImpl - Order created orderId=2 userId=1 itemCount=2
2026-10-01 17:11:24.187 INFO  [correlationId=] c.n.e.order.service.OrderServiceImpl - Checking out user cart userId=1
2026-10-01 17:11:24.190 INFO  [correlationId=] c.n.e.order.service.OrderServiceImpl - Checking out user cart userId=1
2026-10-01 17:11:24.196 INFO  [correlationId=] c.n.e.order.service.OrderServiceImpl - Checking out user cart userId=1
2026-10-01 17:11:24.196 DEBUG [correlationId=] c.n.e.order.service.OrderServiceImpl - Creating order item productId=3 quantity=10
2026-10-01 17:11:24.196 INFO  [correlationId=] c.n.e.order.service.OrderServiceImpl - Cart checked out userId=1 orderId=5
2026-10-01 17:11:24.201 INFO  [correlationId=] c.n.e.order.service.OrderServiceImpl - Creating order userId=999 itemCount=1
2026-10-01 17:11:24.211 INFO  [correlationId=] o.s.t.c.s.AnnotationConfigContextLoaderUtils - Could not detect default configuration classes for test class [com.namnguyen.ecommerce_platform.payment.controller.PaymentControllerTest]: PaymentControllerTest does not declare any static, non-private, non-final, nested classes annotated with @Configuration.
2026-10-01 17:11:24.284 INFO  [correlationId=] o.s.b.t.c.SpringBootTestContextBootstrapper - Found @SpringBootConfiguration com.namnguyen.ecommerce_platform.EcommercePlatformApplication for test class com.namnguyen.ecommerce_platform.payment.controller.PaymentControllerTest
2026-10-01 17:11:24.285 INFO  [correlationId=] o.s.t.c.s.AnnotationConfigContextLoaderUtils - Could not detect default configuration classes for test class [com.namnguyen.ecommerce_platform.payment.controller.PaymentControllerTest]: PaymentControllerTest does not declare any static, non-private, non-final, nested classes annotated with @Configuration.
2026-10-01 17:11:24.300 INFO  [correlationId=] o.s.b.t.c.SpringBootTestContextBootstrapper - Found @SpringBootConfiguration com.namnguyen.ecommerce_platform.EcommercePlatformApplication for test class com.namnguyen.ecommerce_platform.payment.controller.PaymentControllerTest
2026-10-01 17:11:24.338 INFO  [correlationId=] c.n.e.p.c.PaymentControllerTest - Starting PaymentControllerTest using Java 24 with PID 60596 (started by Nam Nguyen in C:\Programming\PersonalProject\EcommercePlatformProject)
2026-10-01 17:11:24.339 DEBUG [correlationId=] c.n.e.p.c.PaymentControllerTest - Running with Spring Boot v4.1.0, Spring v7.0.8
2026-10-01 17:11:24.339 INFO  [correlationId=] c.n.e.p.c.PaymentControllerTest - No active profile set, falling back to 1 default profile: "default"
2026-10-01 17:11:24.923 WARN  [correlationId=] o.s.b.s.a.UserDetailsServiceAutoConfiguration - 

Using generated security password: 2357230b-9b36-4a45-8b31-a2647c8da52a

This generated password is for development use only. Your security configuration must be updated before running your application in production.

2026-10-01 17:11:24.925 INFO  [correlationId=] o.s.b.t.m.w.SpringBootMockServletContext - Initializing Spring TestDispatcherServlet ''
2026-10-01 17:11:24.925 INFO  [correlationId=] o.s.t.w.s.TestDispatcherServlet - Initializing Servlet ''
2026-10-01 17:11:24.926 INFO  [correlationId=] o.s.t.w.s.TestDispatcherServlet - Completed initialization in 1 ms
2026-10-01 17:11:24.939 WARN  [correlationId=] o.s.s.c.a.a.c.InitializeUserDetailsBeanManagerConfigurer$InitializeUserDetailsManagerConfigurer - Found 2 UserDetailsService beans, with names [inMemoryUserDetailsManager, com.namnguyen.ecommerce_platform.security.user.CustomUserDetailsService#0]. Global Authentication Manager will not use a UserDetailsService for username/password login. Consider publishing a single UserDetailsService bean.
2026-10-01 17:11:24.959 INFO  [correlationId=] c.n.e.p.c.PaymentControllerTest - Started PaymentControllerTest in 0.653 seconds (process running for 49.959)
2026-10-01 17:11:24.971 WARN  [correlationId=] c.n.e.c.e.GlobalExceptionHandler - Request failed status=404 method=GET path=/api/orders/2/payments exception=NoResourceFoundException
2026-10-01 17:11:24.991 WARN  [correlationId=] c.n.e.c.e.GlobalExceptionHandler - Request failed status=400 method=POST path=/api/orders/2/payments/confirm exception=MissingServletRequestParameterException
2026-10-01 17:11:25.012 WARN  [correlationId=] c.n.e.c.e.GlobalExceptionHandler - Request argument validation failed status=400 method=POST path=/api/orders/2/payments fieldErrorCount=1
2026-10-01 17:11:25.027 WARN  [correlationId=] c.n.e.c.e.GlobalExceptionHandler - Request failed status=400 method=POST path=/api/orders/2/payments/confirm exception=InvalidPaymentStateException
2026-10-01 17:11:25.042 WARN  [correlationId=] c.n.e.c.e.GlobalExceptionHandler - Request failed status=400 method=PATCH path=/api/orders/2/payments exception=HttpMessageNotReadableException
2026-10-01 17:11:25.056 WARN  [correlationId=] c.n.e.c.e.GlobalExceptionHandler - Request failed status=400 method=POST path=/api/orders/test/payments exception=MethodArgumentTypeMismatchException
2026-10-01 17:11:25.072 WARN  [correlationId=] c.n.e.c.e.GlobalExceptionHandler - Request failed status=404 method=PATCH path=/api/orders/2/payments exception=NoResourceFoundException
2026-10-01 17:11:25.086 WARN  [correlationId=] c.n.e.c.e.GlobalExceptionHandler - Request failed status=400 method=PATCH path=/api/orders/2/payments exception=InvalidPaymentStateException
2026-10-01 17:11:25.121 WARN  [correlationId=] c.n.e.c.e.GlobalExceptionHandler - Request failed status=400 method=GET path=/api/orders/test/payments exception=MethodArgumentTypeMismatchException
2026-10-01 17:11:25.135 WARN  [correlationId=] c.n.e.c.e.GlobalExceptionHandler - Request failed status=404 method=POST path=/api/orders/2/payments/confirm exception=NoResourceFoundException
2026-10-01 17:11:25.164 WARN  [correlationId=] c.n.e.c.e.GlobalExceptionHandler - Request failed status=400 method=POST path=/api/orders/2/payments/confirm exception=MethodArgumentTypeMismatchException
2026-10-01 17:11:25.179 WARN  [correlationId=] c.n.e.c.e.GlobalExceptionHandler - Request failed status=400 method=POST path=/api/orders/2/payments exception=InvalidOrderStateException
2026-10-01 17:11:25.192 WARN  [correlationId=] c.n.e.c.e.GlobalExceptionHandler - Request failed status=404 method=PATCH path=/api/orders/2/payments exception=NoResourceFoundException
2026-10-01 17:11:25.205 WARN  [correlationId=] c.n.e.c.e.GlobalExceptionHandler - Request failed status=400 method=POST path=/api/orders/2/payments/confirm exception=InvalidOrderStateException
2026-10-01 17:11:25.220 WARN  [correlationId=] c.n.e.c.e.GlobalExceptionHandler - Request argument validation failed status=400 method=PATCH path=/api/orders/2/payments fieldErrorCount=1
2026-10-01 17:11:25.235 WARN  [correlationId=] c.n.e.c.e.GlobalExceptionHandler - Request failed status=404 method=POST path=/api/orders/2/payments exception=NoResourceFoundException
2026-10-01 17:11:25.249 WARN  [correlationId=] c.n.e.c.e.GlobalExceptionHandler - Request failed status=409 method=POST path=/api/orders/2/payments exception=DuplicateResourceException
2026-10-01 17:11:25.265 WARN  [correlationId=] c.n.e.c.e.GlobalExceptionHandler - Request failed status=400 method=POST path=/api/orders/2/payments/confirm exception=InvalidPaymentStateException
2026-10-01 17:11:25.298 WARN  [correlationId=] c.n.e.c.e.GlobalExceptionHandler - Request failed status=400 method=PATCH path=/api/orders/test/payments exception=MethodArgumentTypeMismatchException
2026-10-01 17:11:25.325 WARN  [correlationId=] c.n.e.c.e.GlobalExceptionHandler - Request failed status=400 method=POST path=/api/orders/2/payments exception=HttpMessageNotReadableException
2026-10-01 17:11:25.362 WARN  [correlationId=] c.n.e.c.e.GlobalExceptionHandler - Request failed status=404 method=GET path=/api/orders/2/payments exception=NoResourceFoundException
2026-10-01 17:11:25.403 WARN  [correlationId=] c.n.e.c.e.GlobalExceptionHandler - Request failed status=404 method=POST path=/api/orders/2/payments/confirm exception=NoResourceFoundException
2026-10-01 17:11:25.437 WARN  [correlationId=] c.n.e.c.e.GlobalExceptionHandler - Request failed status=400 method=POST path=/api/orders/test/payments/confirm exception=MethodArgumentTypeMismatchException
2026-10-01 17:11:25.709 DEBUG [correlationId=] c.n.e.p.service.PaymentServiceImpl - Fetching payment orderId=3 userId=2
2026-10-01 17:11:25.714 INFO  [correlationId=] c.n.e.p.service.PaymentServiceImpl - Submitting payment orderId=1 userId=2
2026-10-01 17:11:25.716 INFO  [correlationId=] c.n.e.p.service.PaymentServiceImpl - Submitting payment orderId=1 userId=2
2026-10-01 17:11:25.722 INFO  [correlationId=] c.n.e.p.service.PaymentServiceImpl - Updating payment orderId=3 userId=2
2026-10-01 17:11:25.726 INFO  [correlationId=] c.n.e.p.service.PaymentServiceImpl - Confirming payment orderId=3 userId=2 status=SUCCESS
2026-10-01 17:11:25.726 INFO  [correlationId=] c.n.e.p.service.PaymentServiceImpl - Payment status updated paymentId=1 status=SUCCESS
2026-10-01 17:11:25.729 INFO  [correlationId=] c.n.e.p.service.PaymentServiceImpl - Updating payment orderId=3 userId=2
2026-10-01 17:11:25.729 INFO  [correlationId=] c.n.e.p.service.PaymentServiceImpl - Payment updated paymentId=1
2026-10-01 17:11:25.732 INFO  [correlationId=] c.n.e.p.service.PaymentServiceImpl - Confirming payment orderId=3 userId=2 status=PENDING
2026-10-01 17:11:25.738 INFO  [correlationId=] c.n.e.p.service.PaymentServiceImpl - Submitting payment orderId=1 userId=2
2026-10-01 17:11:25.738 INFO  [correlationId=] c.n.e.p.service.PaymentServiceImpl - Payment submitted paymentId=3
2026-10-01 17:11:25.742 INFO  [correlationId=] c.n.e.p.service.PaymentServiceImpl - Updating payment orderId=3 userId=2
2026-10-01 17:11:25.749 INFO  [correlationId=] c.n.e.p.service.PaymentServiceImpl - Confirming payment orderId=3 userId=2 status=SUCCESS
2026-10-01 17:11:25.755 INFO  [correlationId=] c.n.e.p.service.PaymentServiceImpl - Confirming payment orderId=3 userId=2 status=FAILED
2026-10-01 17:11:25.759 INFO  [correlationId=] c.n.e.p.service.PaymentServiceImpl - Confirming payment orderId=3 userId=2 status=FAILED
2026-10-01 17:11:25.762 DEBUG [correlationId=] c.n.e.p.service.PaymentServiceImpl - Fetching payment orderId=3 userId=2
2026-10-01 17:11:25.767 INFO  [correlationId=] c.n.e.p.service.PaymentServiceImpl - Submitting payment orderId=1 userId=2
2026-10-01 17:11:25.769 DEBUG [correlationId=] c.n.e.p.service.PaymentServiceImpl - Fetching payment orderId=3 userId=2
2026-10-01 17:11:25.774 INFO  [correlationId=] c.n.e.p.service.PaymentServiceImpl - Confirming payment orderId=3 userId=2 status=SUCCESS
2026-10-01 17:11:25.779 INFO  [correlationId=] c.n.e.p.service.PaymentServiceImpl - Updating payment orderId=3 userId=2
2026-10-01 17:11:25.784 INFO  [correlationId=] c.n.e.p.service.PaymentServiceImpl - Confirming payment orderId=3 userId=2 status=FAILED
2026-10-01 17:11:25.784 INFO  [correlationId=] c.n.e.p.service.PaymentServiceImpl - Payment status updated paymentId=1 status=FAILED
2026-10-01 17:11:25.787 INFO  [correlationId=] o.s.t.c.s.AnnotationConfigContextLoaderUtils - Could not detect default configuration classes for test class [com.namnguyen.ecommerce_platform.product.controller.ProductControllerTest]: ProductControllerTest does not declare any static, non-private, non-final, nested classes annotated with @Configuration.
2026-10-01 17:11:25.851 INFO  [correlationId=] o.s.b.t.c.SpringBootTestContextBootstrapper - Found @SpringBootConfiguration com.namnguyen.ecommerce_platform.EcommercePlatformApplication for test class com.namnguyen.ecommerce_platform.product.controller.ProductControllerTest
2026-10-01 17:11:25.852 INFO  [correlationId=] o.s.t.c.s.AnnotationConfigContextLoaderUtils - Could not detect default configuration classes for test class [com.namnguyen.ecommerce_platform.product.controller.ProductControllerTest]: ProductControllerTest does not declare any static, non-private, non-final, nested classes annotated with @Configuration.
2026-10-01 17:11:25.865 INFO  [correlationId=] o.s.b.t.c.SpringBootTestContextBootstrapper - Found @SpringBootConfiguration com.namnguyen.ecommerce_platform.EcommercePlatformApplication for test class com.namnguyen.ecommerce_platform.product.controller.ProductControllerTest
2026-10-01 17:11:25.901 INFO  [correlationId=] c.n.e.p.c.ProductControllerTest - Starting ProductControllerTest using Java 24 with PID 60596 (started by Nam Nguyen in C:\Programming\PersonalProject\EcommercePlatformProject)
2026-10-01 17:11:25.901 DEBUG [correlationId=] c.n.e.p.c.ProductControllerTest - Running with Spring Boot v4.1.0, Spring v7.0.8
2026-10-01 17:11:25.901 INFO  [correlationId=] c.n.e.p.c.ProductControllerTest - No active profile set, falling back to 1 default profile: "default"
2026-10-01 17:11:26.336 WARN  [correlationId=] o.s.b.s.a.UserDetailsServiceAutoConfiguration - 

Using generated security password: 57e41013-e4a5-4d36-b643-371affb57e34

This generated password is for development use only. Your security configuration must be updated before running your application in production.

2026-10-01 17:11:26.338 INFO  [correlationId=] o.s.b.t.m.w.SpringBootMockServletContext - Initializing Spring TestDispatcherServlet ''
2026-10-01 17:11:26.338 INFO  [correlationId=] o.s.t.w.s.TestDispatcherServlet - Initializing Servlet ''
2026-10-01 17:11:26.338 INFO  [correlationId=] o.s.t.w.s.TestDispatcherServlet - Completed initialization in 0 ms
2026-10-01 17:11:26.346 WARN  [correlationId=] o.s.s.c.a.a.c.InitializeUserDetailsBeanManagerConfigurer$InitializeUserDetailsManagerConfigurer - Found 2 UserDetailsService beans, with names [inMemoryUserDetailsManager, com.namnguyen.ecommerce_platform.security.user.CustomUserDetailsService#0]. Global Authentication Manager will not use a UserDetailsService for username/password login. Consider publishing a single UserDetailsService bean.
2026-10-01 17:11:26.374 INFO  [correlationId=] c.n.e.p.c.ProductControllerTest - Started ProductControllerTest in 0.505 seconds (process running for 51.375)
2026-10-01 17:11:26.394 WARN  [correlationId=] c.n.e.c.e.GlobalExceptionHandler - Request argument validation failed status=400 method=POST path=/api/products fieldErrorCount=1
2026-10-01 17:11:26.415 WARN  [correlationId=] c.n.e.c.e.GlobalExceptionHandler - Request argument validation failed status=400 method=PATCH path=/api/products/1 fieldErrorCount=1
2026-10-01 17:11:26.430 WARN  [correlationId=] c.n.e.c.e.GlobalExceptionHandler - Request argument validation failed status=400 method=PATCH path=/api/products/1 fieldErrorCount=1
2026-10-01 17:11:26.445 WARN  [correlationId=] c.n.e.c.e.GlobalExceptionHandler - Request failed status=400 method=DELETE path=/api/products/test exception=MethodArgumentTypeMismatchException
2026-10-01 17:11:26.460 WARN  [correlationId=] c.n.e.c.e.GlobalExceptionHandler - Request argument validation failed status=400 method=POST path=/api/products fieldErrorCount=1
2026-10-01 17:11:26.475 WARN  [correlationId=] c.n.e.c.e.GlobalExceptionHandler - Request failed status=404 method=DELETE path=/api/products/1 exception=NoResourceFoundException
2026-10-01 17:11:26.495 WARN  [correlationId=] c.n.e.c.e.GlobalExceptionHandler - Request argument validation failed status=400 method=PUT path=/api/products/1 fieldErrorCount=1
2026-10-01 17:11:26.508 WARN  [correlationId=] c.n.e.c.e.GlobalExceptionHandler - Request argument validation failed status=400 method=PUT path=/api/products/1 fieldErrorCount=1
2026-10-01 17:11:26.526 WARN  [correlationId=] c.n.e.c.e.GlobalExceptionHandler - Request argument validation failed status=400 method=GET path=/api/products fieldErrorCount=1
2026-10-01 17:11:26.540 WARN  [correlationId=] c.n.e.c.e.GlobalExceptionHandler - Request argument validation failed status=400 method=POST path=/api/products fieldErrorCount=1
2026-10-01 17:11:26.555 WARN  [correlationId=] c.n.e.c.e.GlobalExceptionHandler - Request argument validation failed status=400 method=POST path=/api/products fieldErrorCount=1
2026-10-01 17:11:26.572 WARN  [correlationId=] c.n.e.c.e.GlobalExceptionHandler - Request failed status=404 method=GET path=/api/products/1 exception=NoResourceFoundException
2026-10-01 17:11:26.628 WARN  [correlationId=] c.n.e.c.e.GlobalExceptionHandler - Request argument validation failed status=400 method=PUT path=/api/products/1 fieldErrorCount=1
2026-10-01 17:11:26.684 WARN  [correlationId=] c.n.e.c.e.GlobalExceptionHandler - Request argument validation failed status=400 method=POST path=/api/products fieldErrorCount=1
2026-10-01 17:11:26.698 WARN  [correlationId=] c.n.e.c.e.GlobalExceptionHandler - Request argument validation failed status=400 method=PATCH path=/api/products/1 fieldErrorCount=1
2026-10-01 17:11:26.718 WARN  [correlationId=] c.n.e.c.e.GlobalExceptionHandler - Request argument validation failed status=400 method=PUT path=/api/products/1 fieldErrorCount=1
2026-10-01 17:11:26.734 WARN  [correlationId=] c.n.e.c.e.GlobalExceptionHandler - Request argument validation failed status=400 method=PUT path=/api/products/1 fieldErrorCount=1
2026-10-01 17:11:26.749 WARN  [correlationId=] c.n.e.c.e.GlobalExceptionHandler - Request argument validation failed status=400 method=POST path=/api/products fieldErrorCount=1
2026-10-01 17:11:26.762 WARN  [correlationId=] c.n.e.c.e.GlobalExceptionHandler - Request argument validation failed status=400 method=POST path=/api/products fieldErrorCount=1
2026-10-01 17:11:26.791 WARN  [correlationId=] c.n.e.c.e.GlobalExceptionHandler - Request argument validation failed status=400 method=PATCH path=/api/products/1 fieldErrorCount=1
2026-10-01 17:11:26.805 WARN  [correlationId=] c.n.e.c.e.GlobalExceptionHandler - Request argument validation failed status=400 method=POST path=/api/products fieldErrorCount=1
2026-10-01 17:11:26.819 WARN  [correlationId=] c.n.e.c.e.GlobalExceptionHandler - Request argument validation failed status=400 method=PUT path=/api/products/1 fieldErrorCount=1
2026-10-01 17:11:26.846 WARN  [correlationId=] c.n.e.c.e.GlobalExceptionHandler - Request failed status=400 method=GET path=/api/products/test exception=MethodArgumentTypeMismatchException
2026-10-01 17:11:26.857 WARN  [correlationId=] c.n.e.c.e.GlobalExceptionHandler - Request failed status=400 method=PUT path=/api/products/test exception=MethodArgumentTypeMismatchException
2026-10-01 17:11:26.871 WARN  [correlationId=] c.n.e.c.e.GlobalExceptionHandler - Request argument validation failed status=400 method=PATCH path=/api/products/1 fieldErrorCount=1
2026-10-01 17:11:26.884 WARN  [correlationId=] c.n.e.c.e.GlobalExceptionHandler - Request argument validation failed status=400 method=PUT path=/api/products/1 fieldErrorCount=2
2026-10-01 17:11:26.918 WARN  [correlationId=] c.n.e.c.e.GlobalExceptionHandler - Request argument validation failed status=400 method=POST path=/api/products fieldErrorCount=2
2026-10-01 17:11:26.945 WARN  [correlationId=] c.n.e.c.e.GlobalExceptionHandler - Request argument validation failed status=400 method=GET path=/api/products fieldErrorCount=1
2026-10-01 17:11:26.960 WARN  [correlationId=] c.n.e.c.e.GlobalExceptionHandler - Request argument validation failed status=400 method=GET path=/api/products fieldErrorCount=1
2026-10-01 17:11:26.974 WARN  [correlationId=] c.n.e.c.e.GlobalExceptionHandler - Request failed status=404 method=PATCH path=/api/products/1 exception=NoResourceFoundException
2026-10-01 17:11:26.987 WARN  [correlationId=] c.n.e.c.e.GlobalExceptionHandler - Request argument validation failed status=400 method=PATCH path=/api/products/1 fieldErrorCount=2
2026-10-01 17:11:27.000 WARN  [correlationId=] c.n.e.c.e.GlobalExceptionHandler - Request argument validation failed status=400 method=PUT path=/api/products/1 fieldErrorCount=1
2026-10-01 17:11:27.014 WARN  [correlationId=] c.n.e.c.e.GlobalExceptionHandler - Request argument validation failed status=400 method=POST path=/api/products fieldErrorCount=1
2026-10-01 17:11:27.040 WARN  [correlationId=] c.n.e.c.e.GlobalExceptionHandler - Request argument validation failed status=400 method=PUT path=/api/products/1 fieldErrorCount=1
2026-10-01 17:11:27.051 WARN  [correlationId=] c.n.e.c.e.GlobalExceptionHandler - Request failed status=400 method=PATCH path=/api/products/test exception=MethodArgumentTypeMismatchException
2026-10-01 17:11:27.065 WARN  [correlationId=] c.n.e.c.e.GlobalExceptionHandler - Request argument validation failed status=400 method=PUT path=/api/products/1 fieldErrorCount=1
2026-10-01 17:11:27.095 WARN  [correlationId=] c.n.e.c.e.GlobalExceptionHandler - Request argument validation failed status=400 method=POST path=/api/products fieldErrorCount=1
2026-10-01 17:11:27.125 WARN  [correlationId=] c.n.e.c.e.GlobalExceptionHandler - Request argument validation failed status=400 method=PUT path=/api/products/1 fieldErrorCount=1
2026-10-01 17:11:27.140 WARN  [correlationId=] c.n.e.c.e.GlobalExceptionHandler - Request argument validation failed status=400 method=PATCH path=/api/products/1 fieldErrorCount=1
2026-10-01 17:11:27.159 WARN  [correlationId=] c.n.e.c.e.GlobalExceptionHandler - Request failed status=404 method=PUT path=/api/products/1 exception=NoResourceFoundException
2026-10-01 17:11:27.340 DEBUG [correlationId=] c.n.e.p.service.ProductServiceImpl - Fetching product productId=999
2026-10-01 17:11:27.342 INFO  [correlationId=] c.n.e.p.service.ProductServiceImpl - Creating product name=Test Product
2026-10-01 17:11:27.342 INFO  [correlationId=] c.n.e.p.service.ProductServiceImpl - Product created productId=1 name=Test Product
2026-10-01 17:11:27.346 DEBUG [correlationId=] c.n.e.p.service.ProductServiceImpl - Fetching product productId=1
2026-10-01 17:11:27.348 INFO  [correlationId=] c.n.e.p.service.ProductServiceImpl - Update product productId=1 name=Test Product update
2026-10-01 17:11:27.348 INFO  [correlationId=] c.n.e.p.service.ProductServiceImpl - Product updated productId=1 name=Test Product update
2026-10-01 17:11:27.350 INFO  [correlationId=] c.n.e.p.service.ProductServiceImpl - Patching product productId=1
2026-10-01 17:11:27.350 INFO  [correlationId=] c.n.e.p.service.ProductServiceImpl - Product patched productId=1 name=Test Product
2026-10-01 17:11:27.352 DEBUG [correlationId=] c.n.e.p.service.ProductServiceImpl - Fetching products status=null page=1 size=2 sort=UNSORTED
2026-10-01 17:11:27.356 INFO  [correlationId=] c.n.e.p.service.ProductServiceImpl - Update product productId=999 name=Test Product update
2026-10-01 17:11:27.359 INFO  [correlationId=] c.n.e.p.service.ProductServiceImpl - Creating product name=Test Product
2026-10-01 17:11:27.360 INFO  [correlationId=] c.n.e.p.service.ProductServiceImpl - Product created productId=1 name=Test Product
2026-10-01 17:11:27.362 INFO  [correlationId=] c.n.e.p.service.ProductServiceImpl - Patching product productId=1
2026-10-01 17:11:27.362 INFO  [correlationId=] c.n.e.p.service.ProductServiceImpl - Product patched productId=1 name=Test Product
2026-10-01 17:11:27.365 DEBUG [correlationId=] c.n.e.p.service.ProductServiceImpl - Fetching products status=null page=0 size=10 sort=UNSORTED
2026-10-01 17:11:27.369 INFO  [correlationId=] c.n.e.p.service.ProductServiceImpl - Product deleted productId=1
2026-10-01 17:11:27.372 INFO  [correlationId=] c.n.e.p.service.ProductServiceImpl - Patching product productId=999
2026-10-01 17:11:27.375 INFO  [correlationId=] c.n.e.p.service.ProductServiceImpl - Update product productId=1 name=Test Product update
2026-10-01 17:11:27.376 INFO  [correlationId=] c.n.e.p.service.ProductServiceImpl - Product updated productId=1 name=Test Product update
2026-10-01 17:11:27.378 INFO  [correlationId=] c.n.e.p.service.ProductServiceImpl - Patching product productId=1
2026-10-01 17:11:27.378 INFO  [correlationId=] c.n.e.p.service.ProductServiceImpl - Product patched productId=1 name=Test Product
2026-10-01 17:11:27.386 INFO  [correlationId=] o.s.t.c.s.AnnotationConfigContextLoaderUtils - Could not detect default configuration classes for test class [com.namnguyen.ecommerce_platform.user.controller.UserControllerTest]: UserControllerTest does not declare any static, non-private, non-final, nested classes annotated with @Configuration.
2026-10-01 17:11:27.454 INFO  [correlationId=] o.s.b.t.c.SpringBootTestContextBootstrapper - Found @SpringBootConfiguration com.namnguyen.ecommerce_platform.EcommercePlatformApplication for test class com.namnguyen.ecommerce_platform.user.controller.UserControllerTest
2026-10-01 17:11:27.455 INFO  [correlationId=] o.s.t.c.s.AnnotationConfigContextLoaderUtils - Could not detect default configuration classes for test class [com.namnguyen.ecommerce_platform.user.controller.UserControllerTest]: UserControllerTest does not declare any static, non-private, non-final, nested classes annotated with @Configuration.
2026-10-01 17:11:27.466 INFO  [correlationId=] o.s.b.t.c.SpringBootTestContextBootstrapper - Found @SpringBootConfiguration com.namnguyen.ecommerce_platform.EcommercePlatformApplication for test class com.namnguyen.ecommerce_platform.user.controller.UserControllerTest
2026-10-01 17:11:27.505 INFO  [correlationId=] c.n.e.u.c.UserControllerTest - Starting UserControllerTest using Java 24 with PID 60596 (started by Nam Nguyen in C:\Programming\PersonalProject\EcommercePlatformProject)
2026-10-01 17:11:27.505 DEBUG [correlationId=] c.n.e.u.c.UserControllerTest - Running with Spring Boot v4.1.0, Spring v7.0.8
2026-10-01 17:11:27.506 INFO  [correlationId=] c.n.e.u.c.UserControllerTest - No active profile set, falling back to 1 default profile: "default"
2026-10-01 17:11:27.938 WARN  [correlationId=] o.s.b.s.a.UserDetailsServiceAutoConfiguration - 

Using generated security password: 982dcd90-ecee-447b-9636-a76740579847

This generated password is for development use only. Your security configuration must be updated before running your application in production.

2026-10-01 17:11:27.941 INFO  [correlationId=] o.s.b.t.m.w.SpringBootMockServletContext - Initializing Spring TestDispatcherServlet ''
2026-10-01 17:11:27.941 INFO  [correlationId=] o.s.t.w.s.TestDispatcherServlet - Initializing Servlet ''
2026-10-01 17:11:27.942 INFO  [correlationId=] o.s.t.w.s.TestDispatcherServlet - Completed initialization in 1 ms
2026-10-01 17:11:27.955 WARN  [correlationId=] o.s.s.c.a.a.c.InitializeUserDetailsBeanManagerConfigurer$InitializeUserDetailsManagerConfigurer - Found 2 UserDetailsService beans, with names [inMemoryUserDetailsManager, com.namnguyen.ecommerce_platform.security.user.CustomUserDetailsService#0]. Global Authentication Manager will not use a UserDetailsService for username/password login. Consider publishing a single UserDetailsService bean.
2026-10-01 17:11:27.978 INFO  [correlationId=] c.n.e.u.c.UserControllerTest - Started UserControllerTest in 0.509 seconds (process running for 52.979)
2026-10-01 17:11:28.004 WARN  [correlationId=] c.n.e.c.e.GlobalExceptionHandler - Request argument validation failed status=400 method=PUT path=/api/users/1 fieldErrorCount=1
2026-10-01 17:11:28.027 WARN  [correlationId=] c.n.e.c.e.GlobalExceptionHandler - Request argument validation failed status=400 method=PUT path=/api/users/1 fieldErrorCount=1
2026-10-01 17:11:28.047 WARN  [correlationId=] c.n.e.c.e.GlobalExceptionHandler - Request failed status=409 method=PUT path=/api/users/1 exception=DuplicateResourceException
2026-10-01 17:11:28.085 WARN  [correlationId=] c.n.e.c.e.GlobalExceptionHandler - Request argument validation failed status=400 method=PUT path=/api/users/1 fieldErrorCount=1
2026-10-01 17:11:28.095 WARN  [correlationId=] c.n.e.c.e.GlobalExceptionHandler - Request argument validation failed status=400 method=PUT path=/api/users/1 fieldErrorCount=1
2026-10-01 17:11:28.112 WARN  [correlationId=] c.n.e.c.e.GlobalExceptionHandler - Request argument validation failed status=400 method=PUT path=/api/users/1 fieldErrorCount=2
2026-10-01 17:11:28.122 WARN  [correlationId=] c.n.e.c.e.GlobalExceptionHandler - Request argument validation failed status=400 method=PATCH path=/api/users/1 fieldErrorCount=1
2026-10-01 17:11:28.136 WARN  [correlationId=] c.n.e.c.e.GlobalExceptionHandler - Request argument validation failed status=400 method=PATCH path=/api/users/1 fieldErrorCount=1
2026-10-01 17:11:28.154 WARN  [correlationId=] c.n.e.c.e.GlobalExceptionHandler - Request failed status=400 method=DELETE path=/api/users/test exception=MethodArgumentTypeMismatchException
2026-10-01 17:11:28.178 WARN  [correlationId=] c.n.e.c.e.GlobalExceptionHandler - Request failed status=404 method=DELETE path=/api/users/1 exception=NoResourceFoundException
2026-10-01 17:11:28.192 WARN  [correlationId=] c.n.e.c.e.GlobalExceptionHandler - Request argument validation failed status=400 method=PUT path=/api/users/1 fieldErrorCount=1
2026-10-01 17:11:28.206 WARN  [correlationId=] c.n.e.c.e.GlobalExceptionHandler - Request argument validation failed status=400 method=PUT path=/api/users/1 fieldErrorCount=1
2026-10-01 17:11:28.229 WARN  [correlationId=] c.n.e.c.e.GlobalExceptionHandler - Request failed status=400 method=GET path=/api/users/test exception=MethodArgumentTypeMismatchException
2026-10-01 17:11:28.239 WARN  [correlationId=] c.n.e.c.e.GlobalExceptionHandler - Request argument validation failed status=400 method=PATCH path=/api/users/1 fieldErrorCount=1
2026-10-01 17:11:28.251 WARN  [correlationId=] c.n.e.c.e.GlobalExceptionHandler - Request argument validation failed status=400 method=PUT path=/api/users/1 fieldErrorCount=1
2026-10-01 17:11:28.266 WARN  [correlationId=] c.n.e.c.e.GlobalExceptionHandler - Request argument validation failed status=400 method=PATCH path=/api/users/1 fieldErrorCount=1
2026-10-01 17:11:28.298 WARN  [correlationId=] c.n.e.c.e.GlobalExceptionHandler - Request argument validation failed status=400 method=PATCH path=/api/users/1 fieldErrorCount=2
2026-10-01 17:11:28.315 WARN  [correlationId=] c.n.e.c.e.GlobalExceptionHandler - Request argument validation failed status=400 method=PATCH path=/api/users/1 fieldErrorCount=1
2026-10-01 17:11:28.329 WARN  [correlationId=] c.n.e.c.e.GlobalExceptionHandler - Request argument validation failed status=400 method=PUT path=/api/users/1 fieldErrorCount=1
2026-10-01 17:11:28.340 WARN  [correlationId=] c.n.e.c.e.GlobalExceptionHandler - Request argument validation failed status=400 method=PATCH path=/api/users/1 fieldErrorCount=1
2026-10-01 17:11:28.356 WARN  [correlationId=] c.n.e.c.e.GlobalExceptionHandler - Request argument validation failed status=400 method=PUT path=/api/users/1 fieldErrorCount=1
2026-10-01 17:11:28.371 WARN  [correlationId=] c.n.e.c.e.GlobalExceptionHandler - Request failed status=404 method=PUT path=/api/users/1 exception=NoResourceFoundException
2026-10-01 17:11:28.388 WARN  [correlationId=] c.n.e.c.e.GlobalExceptionHandler - Request argument validation failed status=400 method=PATCH path=/api/users/1 fieldErrorCount=1
2026-10-01 17:11:28.406 WARN  [correlationId=] c.n.e.c.e.GlobalExceptionHandler - Request argument validation failed status=400 method=PUT path=/api/users/1 fieldErrorCount=1
2026-10-01 17:11:28.464 WARN  [correlationId=] c.n.e.c.e.GlobalExceptionHandler - Request argument validation failed status=400 method=PUT path=/api/users/1 fieldErrorCount=1
2026-10-01 17:11:28.479 WARN  [correlationId=] c.n.e.c.e.GlobalExceptionHandler - Request failed status=409 method=PUT path=/api/users/1 exception=DuplicateResourceException
2026-10-01 17:11:28.491 WARN  [correlationId=] c.n.e.c.e.GlobalExceptionHandler - Request argument validation failed status=400 method=GET path=/api/users fieldErrorCount=1
2026-10-01 17:11:28.509 WARN  [correlationId=] c.n.e.c.e.GlobalExceptionHandler - Request failed status=404 method=GET path=/api/users/1 exception=NoResourceFoundException
2026-10-01 17:11:28.524 WARN  [correlationId=] c.n.e.c.e.GlobalExceptionHandler - Request failed status=400 method=PUT path=/api/users/test exception=MethodArgumentTypeMismatchException
2026-10-01 17:11:28.546 WARN  [correlationId=] c.n.e.c.e.GlobalExceptionHandler - Request argument validation failed status=400 method=PUT path=/api/users/1 fieldErrorCount=2
2026-10-01 17:11:28.563 WARN  [correlationId=] c.n.e.c.e.GlobalExceptionHandler - Request argument validation failed status=400 method=PUT path=/api/users/1 fieldErrorCount=1
2026-10-01 17:11:28.582 WARN  [correlationId=] c.n.e.c.e.GlobalExceptionHandler - Request argument validation failed status=400 method=PUT path=/api/users/1 fieldErrorCount=1
2026-10-01 17:11:28.602 WARN  [correlationId=] c.n.e.c.e.GlobalExceptionHandler - Request argument validation failed status=400 method=PATCH path=/api/users/1 fieldErrorCount=1
2026-10-01 17:11:28.619 WARN  [correlationId=] c.n.e.c.e.GlobalExceptionHandler - Request failed status=404 method=PATCH path=/api/users/1 exception=NoResourceFoundException
2026-10-01 17:11:28.642 WARN  [correlationId=] c.n.e.c.e.GlobalExceptionHandler - Request argument validation failed status=400 method=PATCH path=/api/users/1 fieldErrorCount=1
2026-10-01 17:11:28.657 WARN  [correlationId=] c.n.e.c.e.GlobalExceptionHandler - Request failed status=400 method=PATCH path=/api/users/test exception=MethodArgumentTypeMismatchException
2026-10-01 17:11:28.691 WARN  [correlationId=] c.n.e.c.e.GlobalExceptionHandler - Request argument validation failed status=400 method=PUT path=/api/users/1 fieldErrorCount=1
2026-10-01 17:11:28.706 WARN  [correlationId=] c.n.e.c.e.GlobalExceptionHandler - Request argument validation failed status=400 method=PATCH path=/api/users/1 fieldErrorCount=1
2026-10-01 17:11:28.996 INFO  [correlationId=] c.n.e.user.service.UserServiceImpl - Patching user userId=1
2026-10-01 17:11:28.996 INFO  [correlationId=] c.n.e.user.service.UserServiceImpl - User patched userId=1
2026-10-01 17:11:28.999 INFO  [correlationId=] c.n.e.user.service.UserServiceImpl - Patching user userId=1
2026-10-01 17:11:29.002 DEBUG [correlationId=] c.n.e.user.service.UserServiceImpl - Fetching user userId=1
2026-10-01 17:11:29.004 INFO  [correlationId=] c.n.e.user.service.UserServiceImpl - Patching user userId=1
2026-10-01 17:11:29.005 INFO  [correlationId=] c.n.e.user.service.UserServiceImpl - User patched userId=1
2026-10-01 17:11:29.008 INFO  [correlationId=] c.n.e.user.service.UserServiceImpl - Patching user userId=1
2026-10-01 17:11:29.010 INFO  [correlationId=] c.n.e.user.service.UserServiceImpl - User deleted userId=1
2026-10-01 17:11:29.014 INFO  [correlationId=] c.n.e.user.service.UserServiceImpl - Creating user role=CUSTOMER
2026-10-01 17:11:29.014 INFO  [correlationId=] c.n.e.user.service.UserServiceImpl - User created userId=1 role=CUSTOMER
2026-10-01 17:11:29.017 INFO  [correlationId=] c.n.e.user.service.UserServiceImpl - Updating user userId=999
2026-10-01 17:11:29.021 INFO  [correlationId=] c.n.e.user.service.UserServiceImpl - Creating user role=ADMIN
2026-10-01 17:11:29.022 INFO  [correlationId=] c.n.e.user.service.UserServiceImpl - User created userId=1 role=ADMIN
2026-10-01 17:11:29.024 INFO  [correlationId=] c.n.e.user.service.UserServiceImpl - Updating user userId=1
2026-10-01 17:11:29.025 INFO  [correlationId=] c.n.e.user.service.UserServiceImpl - User updated userId=1
2026-10-01 17:11:29.030 INFO  [correlationId=] c.n.e.user.service.UserServiceImpl - Patching user userId=1
2026-10-01 17:11:29.031 INFO  [correlationId=] c.n.e.user.service.UserServiceImpl - User patched userId=1
2026-10-01 17:11:29.034 INFO  [correlationId=] c.n.e.user.service.UserServiceImpl - Patching user userId=1
2026-10-01 17:11:29.035 INFO  [correlationId=] c.n.e.user.service.UserServiceImpl - User patched userId=1
2026-10-01 17:11:29.038 INFO  [correlationId=] c.n.e.user.service.UserServiceImpl - Updating user userId=1
2026-10-01 17:11:29.038 INFO  [correlationId=] c.n.e.user.service.UserServiceImpl - User updated userId=1
2026-10-01 17:11:29.043 INFO  [correlationId=] c.n.e.user.service.UserServiceImpl - Updating user userId=1
2026-10-01 17:11:29.046 INFO  [correlationId=] c.n.e.user.service.UserServiceImpl - Patching user userId=1
2026-10-01 17:11:29.046 INFO  [correlationId=] c.n.e.user.service.UserServiceImpl - User patched userId=1
2026-10-01 17:11:29.050 DEBUG [correlationId=] c.n.e.user.service.UserServiceImpl - Fetching user userId=999
2026-10-01 17:11:29.056 DEBUG [correlationId=] c.n.e.user.service.UserServiceImpl - Fetching users page=0 size=10 sort=UNSORTED
2026-10-01 17:11:29.061 INFO  [correlationId=] c.n.e.user.service.UserServiceImpl - Updating user userId=1
2026-10-01 17:11:29.064 INFO  [correlationId=] c.n.e.user.service.UserServiceImpl - Updating user userId=1
2026-10-01 17:11:29.065 INFO  [correlationId=] c.n.e.user.service.UserServiceImpl - User updated userId=1
2026-10-01 17:11:29.070 INFO  [correlationId=] c.n.e.user.service.UserServiceImpl - Patching user userId=999
2026-10-01 17:11:29.072 DEBUG [correlationId=] c.n.e.user.service.UserServiceImpl - Fetching users page=0 size=10 sort=UNSORTED
2026-10-01 17:11:29.150 INFO  [correlationId=] o.s.o.j.LocalContainerEntityManagerFactoryBean - Closing JPA EntityManagerFactory for persistence unit 'default'
2026-10-01 17:11:29.157 INFO  [correlationId=] com.zaxxer.hikari.HikariDataSource - HikariPool-1 - Shutdown initiated...
2026-10-01 17:11:29.162 INFO  [correlationId=] com.zaxxer.hikari.HikariDataSource - HikariPool-1 - Shutdown completed.
2026-10-01 17:11:29.607 INFO  [correlationId=] o.s.o.j.LocalContainerEntityManagerFactoryBean - Closing JPA EntityManagerFactory for persistence unit 'default'
2026-10-01 17:11:29.607 INFO  [correlationId=] com.zaxxer.hikari.HikariDataSource - HikariPool-2 - Shutdown initiated...
2026-10-01 17:11:29.610 INFO  [correlationId=] com.zaxxer.hikari.HikariDataSource - HikariPool-2 - Shutdown completed.
